symbol,candidate_revision,fact_key,period_end
1101,2adb09e6-91fc-4405-a0f3-e4c501179a6c,quarterly_revenue,2026-06-30
1101,2adb09e6-91fc-4405-a0f3-e4c501179a6c,quarterly_revenue,2026-03-31
1101,2adb09e6-91fc-4405-a0f3-e4c501179a6c,quarterly_revenue,2025-12-31
1101,2adb09e6-91fc-4405-a0f3-e4c501179a6c,quarterly_revenue,2025-09-30
1101,2adb09e6-91fc-4405-a0f3-e4c501179a6c,quarterly_revenue,2025-06-30
1101,2adb09e6-91fc-4405-a0f3-e4c501179a6c,quarterly_revenue,2025-03-31
1101,2adb09e6-91fc-4405-a0f3-e4c501179a6c,quarterly_revenue,2024-12-31
1101,2adb09e6-91fc-4405-a0f3-e4c501179a6c,quarterly_revenue,2024-09-30
1101,2adb09e6-91fc-4405-a0f3-e4c501179a6c,quarterly_revenue,2024-06-30
1101,2adb09e6-91fc-4405-a0f3-e4c501179a6c,quarterly_revenue,2024-03-31
1101,2adb09e6-91fc-4405-a0f3-e4c501179a6c,quarterly_revenue,2023-12-31
1101,2adb09e6-91fc-4405-a0f3-e4c501179a6c,quarterly_revenue,2023-09-30
1101,2adb09e6-91fc-4405-a0f3-e4c501179a6c,quarterly_revenue,2023-06-30
1101,2adb09e6-91fc-4405-a0f3-e4c501179a6c,quarterly_revenue,2023-03-31
1101,2adb09e6-91fc-4405-a0f3-e4c501179a6c,quarterly_revenue,2022-12-31
1101,2adb09e6-91fc-4405-a0f3-e4c501179a6c,quarterly_revenue,2022-09-30
1101,2adb09e6-91fc-4405-a0f3-e4c501179a6c,quarterly_revenue,2022-06-30
1101,2adb09e6-91fc-4405-a0f3-e4c501179a6c,quarterly_revenue,2022-03-31
1101,2adb09e6-91fc-4405-a0f3-e4c501179a6c,quarterly_revenue,2021-12-31
1101,2adb09e6-91fc-4405-a0f3-e4c501179a6c,quarterly_revenue,2021-09-30
1101,2adb09e6-91fc-4405-a0f3-e4c501179a6c,quarterly_gross_profit,2026-06-30
1101,2adb09e6-91fc-4405-a0f3-e4c501179a6c,quarterly_gross_profit,2026-03-31
1101,2adb09e6-91fc-4405-a0f3-e4c501179a6c,quarterly_gross_profit,2025-12-31
1101,2adb09e6-91fc-4405-a0f3-e4c501179a6c,quarterly_gross_profit,2025-09-30
1101,2adb09e6-91fc-4405-a0f3-e4c501179a6c,quarterly_gross_profit,2025-06-30
1101,2adb09e6-91fc-4405-a0f3-e4c501179a6c,quarterly_gross_profit,2025-03-31
1101,2adb09e6-91fc-4405-a0f3-e4c501179a6c,quarterly_gross_profit,2024-12-31
1101,2adb09e6-91fc-4405-a0f3-e4c501179a6c,quarterly_gross_profit,2024-09-30
1101,2adb09e6-91fc-4405-a0f3-e4c501179a6c,quarterly_gross_profit,2024-06-30
1101,2adb09e6-91fc-4405-a0f3-e4c501179a6c,quarterly_gross_profit,2024-03-31
1101,2adb09e6-91fc-4405-a0f3-e4c501179a6c,quarterly_gross_profit,2023-12-31
1101,2adb09e6-91fc-4405-a0f3-e4c501179a6c,quarterly_gross_profit,2023-09-30
1101,2adb09e6-91fc-4405-a0f3-e4c501179a6c,quarterly_gross_profit,2023-06-30
1101,2adb09e6-91fc-4405-a0f3-e4c501179a6c,quarterly_gross_profit,2023-03-31
1101,2adb09e6-91fc-4405-a0f3-e4c501179a6c,quarterly_gross_profit,2022-12-31
1101,2adb09e6-91fc-4405-a0f3-e4c501179a6c,quarterly_gross_profit,2022-09-30
1101,2adb09e6-91fc-4405-a0f3-e4c501179a6c,quarterly_gross_profit,2022-06-30
1101,2adb09e6-91fc-4405-a0f3-e4c501179a6c,quarterly_gross_profit,2022-03-31
1101,2adb09e6-91fc-4405-a0f3-e4c501179a6c,quarterly_gross_profit,2021-12-31
1101,2adb09e6-91fc-4405-a0f3-e4c501179a6c,quarterly_gross_profit,2021-09-30
1101,2adb09e6-91fc-4405-a0f3-e4c501179a6c,quarterly_operating_income,2026-06-30
1101,2adb09e6-91fc-4405-a0f3-e4c501179a6c,quarterly_operating_income,2026-03-31
1101,2adb09e6-91fc-4405-a0f3-e4c501179a6c,quarterly_operating_income,2025-12-31
1101,2adb09e6-91fc-4405-a0f3-e4c501179a6c,quarterly_operating_income,2025-09-30
1101,2adb09e6-91fc-4405-a0f3-e4c501179a6c,quarterly_operating_income,2025-06-30
1101,2adb09e6-91fc-4405-a0f3-e4c501179a6c,quarterly_operating_income,2025-03-31
1101,2adb09e6-91fc-4405-a0f3-e4c501179a6c,quarterly_operating_income,2024-12-31
1101,2adb09e6-91fc-4405-a0f3-e4c501179a6c,quarterly_operating_income,2024-09-30
1101,2adb09e6-91fc-4405-a0f3-e4c501179a6c,quarterly_operating_income,2024-06-30
1101,2adb09e6-91fc-4405-a0f3-e4c501179a6c,quarterly_operating_income,2024-03-31
1101,2adb09e6-91fc-4405-a0f3-e4c501179a6c,quarterly_operating_income,2023-12-31
1101,2adb09e6-91fc-4405-a0f3-e4c501179a6c,quarterly_operating_income,2023-09-30
1101,2adb09e6-91fc-4405-a0f3-e4c501179a6c,quarterly_operating_income,2023-06-30
1101,2adb09e6-91fc-4405-a0f3-e4c501179a6c,quarterly_operating_income,2023-03-31
1101,2adb09e6-91fc-4405-a0f3-e4c501179a6c,quarterly_operating_income,2022-12-31
1101,2adb09e6-91fc-4405-a0f3-e4c501179a6c,quarterly_operating_income,2022-09-30
1101,2adb09e6-91fc-4405-a0f3-e4c501179a6c,quarterly_operating_income,2022-06-30
1101,2adb09e6-91fc-4405-a0f3-e4c501179a6c,quarterly_operating_income,2022-03-31
1101,2adb09e6-91fc-4405-a0f3-e4c501179a6c,quarterly_operating_income,2021-12-31
1101,2adb09e6-91fc-4405-a0f3-e4c501179a6c,quarterly_operating_income,2021-09-30
1101,2adb09e6-91fc-4405-a0f3-e4c501179a6c,quarterly_net_income_attributable_to_common,2026-06-30
1101,2adb09e6-91fc-4405-a0f3-e4c501179a6c,quarterly_net_income_attributable_to_common,2026-03-31
1101,2adb09e6-91fc-4405-a0f3-e4c501179a6c,quarterly_net_income_attributable_to_common,2025-12-31
1101,2adb09e6-91fc-4405-a0f3-e4c501179a6c,quarterly_net_income_attributable_to_common,2025-09-30
1101,2adb09e6-91fc-4405-a0f3-e4c501179a6c,quarterly_net_income_attributable_to_common,2025-06-30
1101,2adb09e6-91fc-4405-a0f3-e4c501179a6c,quarterly_net_income_attributable_to_common,2025-03-31
1101,2adb09e6-91fc-4405-a0f3-e4c501179a6c,quarterly_net_income_attributable_to_common,2024-12-31
1101,2adb09e6-91fc-4405-a0f3-e4c501179a6c,quarterly_net_income_attributable_to_common,2024-09-30
1101,2adb09e6-91fc-4405-a0f3-e4c501179a6c,quarterly_net_income_attributable_to_common,2024-06-30
1101,2adb09e6-91fc-4405-a0f3-e4c501179a6c,quarterly_net_income_attributable_to_common,2024-03-31
1101,2adb09e6-91fc-4405-a0f3-e4c501179a6c,quarterly_net_income_attributable_to_common,2023-12-31
1101,2adb09e6-91fc-4405-a0f3-e4c501179a6c,quarterly_net_income_attributable_to_common,2023-09-30
1101,2adb09e6-91fc-4405-a0f3-e4c501179a6c,quarterly_net_income_attributable_to_common,2023-06-30
1101,2adb09e6-91fc-4405-a0f3-e4c501179a6c,quarterly_net_income_attributable_to_common,2023-03-31
1101,2adb09e6-91fc-4405-a0f3-e4c501179a6c,quarterly_net_income_attributable_to_common,2022-12-31
1101,2adb09e6-91fc-4405-a0f3-e4c501179a6c,quarterly_net_income_attributable_to_common,2022-09-30
1101,2adb09e6-91fc-4405-a0f3-e4c501179a6c,quarterly_net_income_attributable_to_common,2022-06-30
1101,2adb09e6-91fc-4405-a0f3-e4c501179a6c,quarterly_net_income_attributable_to_common,2022-03-31
1101,2adb09e6-91fc-4405-a0f3-e4c501179a6c,quarterly_net_income_attributable_to_common,2021-12-31
1101,2adb09e6-91fc-4405-a0f3-e4c501179a6c,quarterly_net_income_attributable_to_common,2021-09-30
1101,2adb09e6-91fc-4405-a0f3-e4c501179a6c,quarterly_diluted_eps,2026-06-30
1101,2adb09e6-91fc-4405-a0f3-e4c501179a6c,quarterly_diluted_eps,2026-03-31
1101,2adb09e6-91fc-4405-a0f3-e4c501179a6c,quarterly_diluted_eps,2025-12-31
1101,2adb09e6-91fc-4405-a0f3-e4c501179a6c,quarterly_diluted_eps,2025-09-30
1101,2adb09e6-91fc-4405-a0f3-e4c501179a6c,quarterly_diluted_eps,2025-06-30
1101,2adb09e6-91fc-4405-a0f3-e4c501179a6c,quarterly_diluted_eps,2025-03-31
1101,2adb09e6-91fc-4405-a0f3-e4c501179a6c,quarterly_diluted_eps,2024-12-31
1101,2adb09e6-91fc-4405-a0f3-e4c501179a6c,quarterly_diluted_eps,2024-09-30
1101,2adb09e6-91fc-4405-a0f3-e4c501179a6c,quarterly_diluted_eps,2024-06-30
1101,2adb09e6-91fc-4405-a0f3-e4c501179a6c,quarterly_diluted_eps,2024-03-31
1101,2adb09e6-91fc-4405-a0f3-e4c501179a6c,quarterly_diluted_eps,2023-12-31
1101,2adb09e6-91fc-4405-a0f3-e4c501179a6c,quarterly_diluted_eps,2023-09-30
1101,2adb09e6-91fc-4405-a0f3-e4c501179a6c,quarterly_diluted_eps,2023-06-30
1101,2adb09e6-91fc-4405-a0f3-e4c501179a6c,quarterly_diluted_eps,2023-03-31
1101,2adb09e6-91fc-4405-a0f3-e4c501179a6c,quarterly_diluted_eps,2022-12-31
1101,2adb09e6-91fc-4405-a0f3-e4c501179a6c,quarterly_diluted_eps,2022-09-30
1101,2adb09e6-91fc-4405-a0f3-e4c501179a6c,quarterly_diluted_eps,2022-06-30
1101,2adb09e6-91fc-4405-a0f3-e4c501179a6c,quarterly_diluted_eps,2022-03-31
1101,2adb09e6-91fc-4405-a0f3-e4c501179a6c,quarterly_diluted_eps,2021-12-31
1101,2adb09e6-91fc-4405-a0f3-e4c501179a6c,quarterly_diluted_eps,2021-09-30
1101,2adb09e6-91fc-4405-a0f3-e4c501179a6c,diluted_weighted_average_shares,2026-06-30
1101,2adb09e6-91fc-4405-a0f3-e4c501179a6c,diluted_weighted_average_shares,2026-03-31
1101,2adb09e6-91fc-4405-a0f3-e4c501179a6c,diluted_weighted_average_shares,2025-12-31
1101,2adb09e6-91fc-4405-a0f3-e4c501179a6c,diluted_weighted_average_shares,2025-09-30
1101,2adb09e6-91fc-4405-a0f3-e4c501179a6c,diluted_weighted_average_shares,2025-06-30
1101,2adb09e6-91fc-4405-a0f3-e4c501179a6c,diluted_weighted_average_shares,2025-03-31
1101,2adb09e6-91fc-4405-a0f3-e4c501179a6c,diluted_weighted_average_shares,2024-12-31
1101,2adb09e6-91fc-4405-a0f3-e4c501179a6c,diluted_weighted_average_shares,2024-09-30
1101,2adb09e6-91fc-4405-a0f3-e4c501179a6c,diluted_weighted_average_shares,2024-06-30
1101,2adb09e6-91fc-4405-a0f3-e4c501179a6c,diluted_weighted_average_shares,2024-03-31
1101,2adb09e6-91fc-4405-a0f3-e4c501179a6c,diluted_weighted_average_shares,2023-12-31
1101,2adb09e6-91fc-4405-a0f3-e4c501179a6c,diluted_weighted_average_shares,2023-09-30
1101,2adb09e6-91fc-4405-a0f3-e4c501179a6c,diluted_weighted_average_shares,2023-06-30
1101,2adb09e6-91fc-4405-a0f3-e4c501179a6c,diluted_weighted_average_shares,2023-03-31
1101,2adb09e6-91fc-4405-a0f3-e4c501179a6c,diluted_weighted_average_shares,2022-12-31
1101,2adb09e6-91fc-4405-a0f3-e4c501179a6c,diluted_weighted_average_shares,2022-09-30
1101,2adb09e6-91fc-4405-a0f3-e4c501179a6c,diluted_weighted_average_shares,2022-06-30
1101,2adb09e6-91fc-4405-a0f3-e4c501179a6c,diluted_weighted_average_shares,2022-03-31
1101,2adb09e6-91fc-4405-a0f3-e4c501179a6c,diluted_weighted_average_shares,2021-12-31
1101,2adb09e6-91fc-4405-a0f3-e4c501179a6c,diluted_weighted_average_shares,2021-09-30
1210,39b446ff-95a0-4ea5-b783-3833e0c13ad4,quarterly_revenue,2026-06-30
1210,39b446ff-95a0-4ea5-b783-3833e0c13ad4,quarterly_revenue,2026-03-31
1210,39b446ff-95a0-4ea5-b783-3833e0c13ad4,quarterly_revenue,2025-12-31
1210,39b446ff-95a0-4ea5-b783-3833e0c13ad4,quarterly_revenue,2025-09-30
1210,39b446ff-95a0-4ea5-b783-3833e0c13ad4,quarterly_revenue,2025-06-30
1210,39b446ff-95a0-4ea5-b783-3833e0c13ad4,quarterly_revenue,2025-03-31
1210,39b446ff-95a0-4ea5-b783-3833e0c13ad4,quarterly_revenue,2024-12-31
1210,39b446ff-95a0-4ea5-b783-3833e0c13ad4,quarterly_revenue,2024-09-30
1210,39b446ff-95a0-4ea5-b783-3833e0c13ad4,quarterly_gross_profit,2026-06-30
1210,39b446ff-95a0-4ea5-b783-3833e0c13ad4,quarterly_gross_profit,2026-03-31
1210,39b446ff-95a0-4ea5-b783-3833e0c13ad4,quarterly_gross_profit,2025-12-31
1210,39b446ff-95a0-4ea5-b783-3833e0c13ad4,quarterly_gross_profit,2025-09-30
1210,39b446ff-95a0-4ea5-b783-3833e0c13ad4,quarterly_gross_profit,2025-06-30
1210,39b446ff-95a0-4ea5-b783-3833e0c13ad4,quarterly_gross_profit,2025-03-31
1210,39b446ff-95a0-4ea5-b783-3833e0c13ad4,quarterly_gross_profit,2024-12-31
1210,39b446ff-95a0-4ea5-b783-3833e0c13ad4,quarterly_gross_profit,2024-09-30
1210,39b446ff-95a0-4ea5-b783-3833e0c13ad4,quarterly_operating_income,2026-06-30
1210,39b446ff-95a0-4ea5-b783-3833e0c13ad4,quarterly_operating_income,2026-03-31
1210,39b446ff-95a0-4ea5-b783-3833e0c13ad4,quarterly_operating_income,2025-12-31
1210,39b446ff-95a0-4ea5-b783-3833e0c13ad4,quarterly_operating_income,2025-09-30
1210,39b446ff-95a0-4ea5-b783-3833e0c13ad4,quarterly_operating_income,2025-06-30
1210,39b446ff-95a0-4ea5-b783-3833e0c13ad4,quarterly_operating_income,2025-03-31
1210,39b446ff-95a0-4ea5-b783-3833e0c13ad4,quarterly_operating_income,2024-12-31
1210,39b446ff-95a0-4ea5-b783-3833e0c13ad4,quarterly_operating_income,2024-09-30
1210,39b446ff-95a0-4ea5-b783-3833e0c13ad4,quarterly_net_income_attributable_to_common,2026-06-30
1210,39b446ff-95a0-4ea5-b783-3833e0c13ad4,quarterly_net_income_attributable_to_common,2026-03-31
1210,39b446ff-95a0-4ea5-b783-3833e0c13ad4,quarterly_net_income_attributable_to_common,2025-12-31
1210,39b446ff-95a0-4ea5-b783-3833e0c13ad4,quarterly_net_income_attributable_to_common,2025-09-30
1210,39b446ff-95a0-4ea5-b783-3833e0c13ad4,quarterly_net_income_attributable_to_common,2025-06-30
1210,39b446ff-95a0-4ea5-b783-3833e0c13ad4,quarterly_net_income_attributable_to_common,2025-03-31
1210,39b446ff-95a0-4ea5-b783-3833e0c13ad4,quarterly_net_income_attributable_to_common,2024-12-31
1210,39b446ff-95a0-4ea5-b783-3833e0c13ad4,quarterly_net_income_attributable_to_common,2024-09-30
1210,39b446ff-95a0-4ea5-b783-3833e0c13ad4,quarterly_diluted_eps,2026-06-30
1210,39b446ff-95a0-4ea5-b783-3833e0c13ad4,quarterly_diluted_eps,2026-03-31
1210,39b446ff-95a0-4ea5-b783-3833e0c13ad4,quarterly_diluted_eps,2025-12-31
1210,39b446ff-95a0-4ea5-b783-3833e0c13ad4,quarterly_diluted_eps,2025-09-30
1210,39b446ff-95a0-4ea5-b783-3833e0c13ad4,quarterly_diluted_eps,2025-06-30
1210,39b446ff-95a0-4ea5-b783-3833e0c13ad4,quarterly_diluted_eps,2025-03-31
1210,39b446ff-95a0-4ea5-b783-3833e0c13ad4,quarterly_diluted_eps,2024-12-31
1210,39b446ff-95a0-4ea5-b783-3833e0c13ad4,quarterly_diluted_eps,2024-09-30
1210,39b446ff-95a0-4ea5-b783-3833e0c13ad4,diluted_weighted_average_shares,2026-06-30
1210,39b446ff-95a0-4ea5-b783-3833e0c13ad4,diluted_weighted_average_shares,2026-03-31
1210,39b446ff-95a0-4ea5-b783-3833e0c13ad4,diluted_weighted_average_shares,2025-12-31
1210,39b446ff-95a0-4ea5-b783-3833e0c13ad4,diluted_weighted_average_shares,2025-09-30
1210,39b446ff-95a0-4ea5-b783-3833e0c13ad4,diluted_weighted_average_shares,2025-06-30
1210,39b446ff-95a0-4ea5-b783-3833e0c13ad4,diluted_weighted_average_shares,2025-03-31
1210,39b446ff-95a0-4ea5-b783-3833e0c13ad4,diluted_weighted_average_shares,2024-12-31
1210,39b446ff-95a0-4ea5-b783-3833e0c13ad4,diluted_weighted_average_shares,2024-09-30
1215,3b986c19-cb7a-467d-ac1e-d2046b286bf1,quarterly_revenue,2026-06-30
1215,3b986c19-cb7a-467d-ac1e-d2046b286bf1,quarterly_revenue,2026-03-31
1215,3b986c19-cb7a-467d-ac1e-d2046b286bf1,quarterly_revenue,2025-12-31
1215,3b986c19-cb7a-467d-ac1e-d2046b286bf1,quarterly_revenue,2025-09-30
1215,3b986c19-cb7a-467d-ac1e-d2046b286bf1,quarterly_revenue,2025-06-30
1215,3b986c19-cb7a-467d-ac1e-d2046b286bf1,quarterly_revenue,2025-03-31
1215,3b986c19-cb7a-467d-ac1e-d2046b286bf1,quarterly_revenue,2024-12-31
1215,3b986c19-cb7a-467d-ac1e-d2046b286bf1,quarterly_revenue,2024-09-30
1215,3b986c19-cb7a-467d-ac1e-d2046b286bf1,quarterly_gross_profit,2026-06-30
1215,3b986c19-cb7a-467d-ac1e-d2046b286bf1,quarterly_gross_profit,2026-03-31
1215,3b986c19-cb7a-467d-ac1e-d2046b286bf1,quarterly_gross_profit,2025-12-31
1215,3b986c19-cb7a-467d-ac1e-d2046b286bf1,quarterly_gross_profit,2025-09-30
1215,3b986c19-cb7a-467d-ac1e-d2046b286bf1,quarterly_gross_profit,2025-06-30
1215,3b986c19-cb7a-467d-ac1e-d2046b286bf1,quarterly_gross_profit,2025-03-31
1215,3b986c19-cb7a-467d-ac1e-d2046b286bf1,quarterly_gross_profit,2024-12-31
1215,3b986c19-cb7a-467d-ac1e-d2046b286bf1,quarterly_gross_profit,2024-09-30
1215,3b986c19-cb7a-467d-ac1e-d2046b286bf1,quarterly_operating_income,2026-06-30
1215,3b986c19-cb7a-467d-ac1e-d2046b286bf1,quarterly_operating_income,2026-03-31
1215,3b986c19-cb7a-467d-ac1e-d2046b286bf1,quarterly_operating_income,2025-12-31
1215,3b986c19-cb7a-467d-ac1e-d2046b286bf1,quarterly_operating_income,2025-09-30
1215,3b986c19-cb7a-467d-ac1e-d2046b286bf1,quarterly_operating_income,2025-06-30
1215,3b986c19-cb7a-467d-ac1e-d2046b286bf1,quarterly_operating_income,2025-03-31
1215,3b986c19-cb7a-467d-ac1e-d2046b286bf1,quarterly_operating_income,2024-12-31
1215,3b986c19-cb7a-467d-ac1e-d2046b286bf1,quarterly_operating_income,2024-09-30
1215,3b986c19-cb7a-467d-ac1e-d2046b286bf1,quarterly_net_income_attributable_to_common,2026-06-30
1215,3b986c19-cb7a-467d-ac1e-d2046b286bf1,quarterly_net_income_attributable_to_common,2026-03-31
1215,3b986c19-cb7a-467d-ac1e-d2046b286bf1,quarterly_net_income_attributable_to_common,2025-12-31
1215,3b986c19-cb7a-467d-ac1e-d2046b286bf1,quarterly_net_income_attributable_to_common,2025-09-30
1215,3b986c19-cb7a-467d-ac1e-d2046b286bf1,quarterly_net_income_attributable_to_common,2025-06-30
1215,3b986c19-cb7a-467d-ac1e-d2046b286bf1,quarterly_net_income_attributable_to_common,2025-03-31
1215,3b986c19-cb7a-467d-ac1e-d2046b286bf1,quarterly_net_income_attributable_to_common,2024-12-31
1215,3b986c19-cb7a-467d-ac1e-d2046b286bf1,quarterly_net_income_attributable_to_common,2024-09-30
1215,3b986c19-cb7a-467d-ac1e-d2046b286bf1,quarterly_diluted_eps,2026-06-30
1215,3b986c19-cb7a-467d-ac1e-d2046b286bf1,quarterly_diluted_eps,2026-03-31
1215,3b986c19-cb7a-467d-ac1e-d2046b286bf1,quarterly_diluted_eps,2025-12-31
1215,3b986c19-cb7a-467d-ac1e-d2046b286bf1,quarterly_diluted_eps,2025-09-30
1215,3b986c19-cb7a-467d-ac1e-d2046b286bf1,quarterly_diluted_eps,2025-06-30
1215,3b986c19-cb7a-467d-ac1e-d2046b286bf1,quarterly_diluted_eps,2025-03-31
1215,3b986c19-cb7a-467d-ac1e-d2046b286bf1,quarterly_diluted_eps,2024-12-31
1215,3b986c19-cb7a-467d-ac1e-d2046b286bf1,quarterly_diluted_eps,2024-09-30
1215,3b986c19-cb7a-467d-ac1e-d2046b286bf1,diluted_weighted_average_shares,2026-06-30
1215,3b986c19-cb7a-467d-ac1e-d2046b286bf1,diluted_weighted_average_shares,2026-03-31
1215,3b986c19-cb7a-467d-ac1e-d2046b286bf1,diluted_weighted_average_shares,2025-12-31
1215,3b986c19-cb7a-467d-ac1e-d2046b286bf1,diluted_weighted_average_shares,2025-09-30
1215,3b986c19-cb7a-467d-ac1e-d2046b286bf1,diluted_weighted_average_shares,2025-06-30
1215,3b986c19-cb7a-467d-ac1e-d2046b286bf1,diluted_weighted_average_shares,2025-03-31
1215,3b986c19-cb7a-467d-ac1e-d2046b286bf1,diluted_weighted_average_shares,2024-12-31
1215,3b986c19-cb7a-467d-ac1e-d2046b286bf1,diluted_weighted_average_shares,2024-09-30
1303,0230d619-7680-44a1-b442-8cd372817b54,quarterly_revenue,2026-06-30
1303,0230d619-7680-44a1-b442-8cd372817b54,quarterly_revenue,2026-03-31
1303,0230d619-7680-44a1-b442-8cd372817b54,quarterly_revenue,2025-12-31
1303,0230d619-7680-44a1-b442-8cd372817b54,quarterly_revenue,2025-09-30
1303,0230d619-7680-44a1-b442-8cd372817b54,quarterly_revenue,2025-06-30
1303,0230d619-7680-44a1-b442-8cd372817b54,quarterly_revenue,2025-03-31
1303,0230d619-7680-44a1-b442-8cd372817b54,quarterly_revenue,2024-12-31
1303,0230d619-7680-44a1-b442-8cd372817b54,quarterly_revenue,2024-09-30
1303,0230d619-7680-44a1-b442-8cd372817b54,quarterly_revenue,2024-06-30
1303,0230d619-7680-44a1-b442-8cd372817b54,quarterly_revenue,2024-03-31
1303,0230d619-7680-44a1-b442-8cd372817b54,quarterly_revenue,2023-12-31
1303,0230d619-7680-44a1-b442-8cd372817b54,quarterly_revenue,2023-09-30
1303,0230d619-7680-44a1-b442-8cd372817b54,quarterly_revenue,2023-06-30
1303,0230d619-7680-44a1-b442-8cd372817b54,quarterly_revenue,2023-03-31
1303,0230d619-7680-44a1-b442-8cd372817b54,quarterly_revenue,2022-12-31
1303,0230d619-7680-44a1-b442-8cd372817b54,quarterly_revenue,2022-09-30
1303,0230d619-7680-44a1-b442-8cd372817b54,quarterly_revenue,2022-06-30
1303,0230d619-7680-44a1-b442-8cd372817b54,quarterly_revenue,2022-03-31
1303,0230d619-7680-44a1-b442-8cd372817b54,quarterly_revenue,2021-12-31
1303,0230d619-7680-44a1-b442-8cd372817b54,quarterly_revenue,2021-09-30
1303,0230d619-7680-44a1-b442-8cd372817b54,quarterly_gross_profit,2026-06-30
1303,0230d619-7680-44a1-b442-8cd372817b54,quarterly_gross_profit,2026-03-31
1303,0230d619-7680-44a1-b442-8cd372817b54,quarterly_gross_profit,2025-12-31
1303,0230d619-7680-44a1-b442-8cd372817b54,quarterly_gross_profit,2025-09-30
1303,0230d619-7680-44a1-b442-8cd372817b54,quarterly_gross_profit,2025-06-30
1303,0230d619-7680-44a1-b442-8cd372817b54,quarterly_gross_profit,2025-03-31
1303,0230d619-7680-44a1-b442-8cd372817b54,quarterly_gross_profit,2024-12-31
1303,0230d619-7680-44a1-b442-8cd372817b54,quarterly_gross_profit,2024-09-30
1303,0230d619-7680-44a1-b442-8cd372817b54,quarterly_gross_profit,2024-06-30
1303,0230d619-7680-44a1-b442-8cd372817b54,quarterly_gross_profit,2024-03-31
1303,0230d619-7680-44a1-b442-8cd372817b54,quarterly_gross_profit,2023-12-31
1303,0230d619-7680-44a1-b442-8cd372817b54,quarterly_gross_profit,2023-09-30
1303,0230d619-7680-44a1-b442-8cd372817b54,quarterly_gross_profit,2023-06-30
1303,0230d619-7680-44a1-b442-8cd372817b54,quarterly_gross_profit,2023-03-31
1303,0230d619-7680-44a1-b442-8cd372817b54,quarterly_gross_profit,2022-12-31
1303,0230d619-7680-44a1-b442-8cd372817b54,quarterly_gross_profit,2022-09-30
1303,0230d619-7680-44a1-b442-8cd372817b54,quarterly_gross_profit,2022-06-30
1303,0230d619-7680-44a1-b442-8cd372817b54,quarterly_gross_profit,2022-03-31
1303,0230d619-7680-44a1-b442-8cd372817b54,quarterly_gross_profit,2021-12-31
1303,0230d619-7680-44a1-b442-8cd372817b54,quarterly_gross_profit,2021-09-30
1303,0230d619-7680-44a1-b442-8cd372817b54,quarterly_operating_income,2026-06-30
1303,0230d619-7680-44a1-b442-8cd372817b54,quarterly_operating_income,2026-03-31
1303,0230d619-7680-44a1-b442-8cd372817b54,quarterly_operating_income,2025-12-31
1303,0230d619-7680-44a1-b442-8cd372817b54,quarterly_operating_income,2025-09-30
1303,0230d619-7680-44a1-b442-8cd372817b54,quarterly_operating_income,2025-06-30
1303,0230d619-7680-44a1-b442-8cd372817b54,quarterly_operating_income,2025-03-31
1303,0230d619-7680-44a1-b442-8cd372817b54,quarterly_operating_income,2024-12-31
1303,0230d619-7680-44a1-b442-8cd372817b54,quarterly_operating_income,2024-09-30
1303,0230d619-7680-44a1-b442-8cd372817b54,quarterly_operating_income,2024-06-30
1303,0230d619-7680-44a1-b442-8cd372817b54,quarterly_operating_income,2024-03-31
1303,0230d619-7680-44a1-b442-8cd372817b54,quarterly_operating_income,2023-12-31
1303,0230d619-7680-44a1-b442-8cd372817b54,quarterly_operating_income,2023-09-30
1303,0230d619-7680-44a1-b442-8cd372817b54,quarterly_operating_income,2023-06-30
1303,0230d619-7680-44a1-b442-8cd372817b54,quarterly_operating_income,2023-03-31
1303,0230d619-7680-44a1-b442-8cd372817b54,quarterly_operating_income,2022-12-31
1303,0230d619-7680-44a1-b442-8cd372817b54,quarterly_operating_income,2022-09-30
1303,0230d619-7680-44a1-b442-8cd372817b54,quarterly_operating_income,2022-06-30
1303,0230d619-7680-44a1-b442-8cd372817b54,quarterly_operating_income,2022-03-31
1303,0230d619-7680-44a1-b442-8cd372817b54,quarterly_operating_income,2021-12-31
1303,0230d619-7680-44a1-b442-8cd372817b54,quarterly_operating_income,2021-09-30
1303,0230d619-7680-44a1-b442-8cd372817b54,quarterly_net_income_attributable_to_common,2026-06-30
1303,0230d619-7680-44a1-b442-8cd372817b54,quarterly_net_income_attributable_to_common,2026-03-31
1303,0230d619-7680-44a1-b442-8cd372817b54,quarterly_net_income_attributable_to_common,2025-12-31
1303,0230d619-7680-44a1-b442-8cd372817b54,quarterly_net_income_attributable_to_common,2025-09-30
1303,0230d619-7680-44a1-b442-8cd372817b54,quarterly_net_income_attributable_to_common,2025-06-30
1303,0230d619-7680-44a1-b442-8cd372817b54,quarterly_net_income_attributable_to_common,2025-03-31
1303,0230d619-7680-44a1-b442-8cd372817b54,quarterly_net_income_attributable_to_common,2024-12-31
1303,0230d619-7680-44a1-b442-8cd372817b54,quarterly_net_income_attributable_to_common,2024-09-30
1303,0230d619-7680-44a1-b442-8cd372817b54,quarterly_net_income_attributable_to_common,2024-06-30
1303,0230d619-7680-44a1-b442-8cd372817b54,quarterly_net_income_attributable_to_common,2024-03-31
1303,0230d619-7680-44a1-b442-8cd372817b54,quarterly_net_income_attributable_to_common,2023-12-31
1303,0230d619-7680-44a1-b442-8cd372817b54,quarterly_net_income_attributable_to_common,2023-09-30
1303,0230d619-7680-44a1-b442-8cd372817b54,quarterly_net_income_attributable_to_common,2023-06-30
1303,0230d619-7680-44a1-b442-8cd372817b54,quarterly_net_income_attributable_to_common,2023-03-31
1303,0230d619-7680-44a1-b442-8cd372817b54,quarterly_net_income_attributable_to_common,2022-12-31
1303,0230d619-7680-44a1-b442-8cd372817b54,quarterly_net_income_attributable_to_common,2022-09-30
1303,0230d619-7680-44a1-b442-8cd372817b54,quarterly_net_income_attributable_to_common,2022-06-30
1303,0230d619-7680-44a1-b442-8cd372817b54,quarterly_net_income_attributable_to_common,2022-03-31
1303,0230d619-7680-44a1-b442-8cd372817b54,quarterly_net_income_attributable_to_common,2021-12-31
1303,0230d619-7680-44a1-b442-8cd372817b54,quarterly_net_income_attributable_to_common,2021-09-30
1303,0230d619-7680-44a1-b442-8cd372817b54,quarterly_diluted_eps,2026-06-30
1303,0230d619-7680-44a1-b442-8cd372817b54,quarterly_diluted_eps,2026-03-31
1303,0230d619-7680-44a1-b442-8cd372817b54,quarterly_diluted_eps,2025-12-31
1303,0230d619-7680-44a1-b442-8cd372817b54,quarterly_diluted_eps,2025-09-30
1303,0230d619-7680-44a1-b442-8cd372817b54,quarterly_diluted_eps,2025-06-30
1303,0230d619-7680-44a1-b442-8cd372817b54,quarterly_diluted_eps,2025-03-31
1303,0230d619-7680-44a1-b442-8cd372817b54,quarterly_diluted_eps,2024-12-31
1303,0230d619-7680-44a1-b442-8cd372817b54,quarterly_diluted_eps,2024-09-30
1303,0230d619-7680-44a1-b442-8cd372817b54,quarterly_diluted_eps,2024-06-30
1303,0230d619-7680-44a1-b442-8cd372817b54,quarterly_diluted_eps,2024-03-31
1303,0230d619-7680-44a1-b442-8cd372817b54,quarterly_diluted_eps,2023-12-31
1303,0230d619-7680-44a1-b442-8cd372817b54,quarterly_diluted_eps,2023-09-30
1303,0230d619-7680-44a1-b442-8cd372817b54,quarterly_diluted_eps,2023-06-30
1303,0230d619-7680-44a1-b442-8cd372817b54,quarterly_diluted_eps,2023-03-31
1303,0230d619-7680-44a1-b442-8cd372817b54,quarterly_diluted_eps,2022-12-31
1303,0230d619-7680-44a1-b442-8cd372817b54,quarterly_diluted_eps,2022-09-30
1303,0230d619-7680-44a1-b442-8cd372817b54,quarterly_diluted_eps,2022-06-30
1303,0230d619-7680-44a1-b442-8cd372817b54,quarterly_diluted_eps,2022-03-31
1303,0230d619-7680-44a1-b442-8cd372817b54,quarterly_diluted_eps,2021-12-31
1303,0230d619-7680-44a1-b442-8cd372817b54,quarterly_diluted_eps,2021-09-30
1303,0230d619-7680-44a1-b442-8cd372817b54,diluted_weighted_average_shares,2026-06-30
1303,0230d619-7680-44a1-b442-8cd372817b54,diluted_weighted_average_shares,2026-03-31
1303,0230d619-7680-44a1-b442-8cd372817b54,diluted_weighted_average_shares,2025-12-31
1303,0230d619-7680-44a1-b442-8cd372817b54,diluted_weighted_average_shares,2025-09-30
1303,0230d619-7680-44a1-b442-8cd372817b54,diluted_weighted_average_shares,2025-06-30
1303,0230d619-7680-44a1-b442-8cd372817b54,diluted_weighted_average_shares,2025-03-31
1303,0230d619-7680-44a1-b442-8cd372817b54,diluted_weighted_average_shares,2024-12-31
1303,0230d619-7680-44a1-b442-8cd372817b54,diluted_weighted_average_shares,2024-09-30
1303,0230d619-7680-44a1-b442-8cd372817b54,diluted_weighted_average_shares,2024-06-30
1303,0230d619-7680-44a1-b442-8cd372817b54,diluted_weighted_average_shares,2024-03-31
1303,0230d619-7680-44a1-b442-8cd372817b54,diluted_weighted_average_shares,2023-12-31
1303,0230d619-7680-44a1-b442-8cd372817b54,diluted_weighted_average_shares,2023-09-30
1303,0230d619-7680-44a1-b442-8cd372817b54,diluted_weighted_average_shares,2023-06-30
1303,0230d619-7680-44a1-b442-8cd372817b54,diluted_weighted_average_shares,2023-03-31
1303,0230d619-7680-44a1-b442-8cd372817b54,diluted_weighted_average_shares,2022-12-31
1303,0230d619-7680-44a1-b442-8cd372817b54,diluted_weighted_average_shares,2022-09-30
1303,0230d619-7680-44a1-b442-8cd372817b54,diluted_weighted_average_shares,2022-06-30
1303,0230d619-7680-44a1-b442-8cd372817b54,diluted_weighted_average_shares,2022-03-31
1303,0230d619-7680-44a1-b442-8cd372817b54,diluted_weighted_average_shares,2021-12-31
1303,0230d619-7680-44a1-b442-8cd372817b54,diluted_weighted_average_shares,2021-09-30
1314,2d1b2140-332d-466e-9480-10dc8f878c77,quarterly_revenue,2026-06-30
1314,2d1b2140-332d-466e-9480-10dc8f878c77,quarterly_revenue,2026-03-31
1314,2d1b2140-332d-466e-9480-10dc8f878c77,quarterly_revenue,2025-12-31
1314,2d1b2140-332d-466e-9480-10dc8f878c77,quarterly_revenue,2025-09-30
1314,2d1b2140-332d-466e-9480-10dc8f878c77,quarterly_revenue,2025-06-30
1314,2d1b2140-332d-466e-9480-10dc8f878c77,quarterly_revenue,2025-03-31
1314,2d1b2140-332d-466e-9480-10dc8f878c77,quarterly_revenue,2024-12-31
1314,2d1b2140-332d-466e-9480-10dc8f878c77,quarterly_revenue,2024-09-30
1314,2d1b2140-332d-466e-9480-10dc8f878c77,quarterly_revenue,2024-06-30
1314,2d1b2140-332d-466e-9480-10dc8f878c77,quarterly_revenue,2024-03-31
1314,2d1b2140-332d-466e-9480-10dc8f878c77,quarterly_revenue,2023-12-31
1314,2d1b2140-332d-466e-9480-10dc8f878c77,quarterly_revenue,2023-09-30
1314,2d1b2140-332d-466e-9480-10dc8f878c77,quarterly_revenue,2023-06-30
1314,2d1b2140-332d-466e-9480-10dc8f878c77,quarterly_revenue,2023-03-31
1314,2d1b2140-332d-466e-9480-10dc8f878c77,quarterly_revenue,2022-12-31
1314,2d1b2140-332d-466e-9480-10dc8f878c77,quarterly_revenue,2022-09-30
1314,2d1b2140-332d-466e-9480-10dc8f878c77,quarterly_revenue,2022-06-30
1314,2d1b2140-332d-466e-9480-10dc8f878c77,quarterly_revenue,2022-03-31
1314,2d1b2140-332d-466e-9480-10dc8f878c77,quarterly_revenue,2021-12-31
1314,2d1b2140-332d-466e-9480-10dc8f878c77,quarterly_revenue,2021-09-30
1314,2d1b2140-332d-466e-9480-10dc8f878c77,quarterly_gross_profit,2026-06-30
1314,2d1b2140-332d-466e-9480-10dc8f878c77,quarterly_gross_profit,2026-03-31
1314,2d1b2140-332d-466e-9480-10dc8f878c77,quarterly_gross_profit,2025-12-31
1314,2d1b2140-332d-466e-9480-10dc8f878c77,quarterly_gross_profit,2025-09-30
1314,2d1b2140-332d-466e-9480-10dc8f878c77,quarterly_gross_profit,2025-06-30
1314,2d1b2140-332d-466e-9480-10dc8f878c77,quarterly_gross_profit,2025-03-31
1314,2d1b2140-332d-466e-9480-10dc8f878c77,quarterly_gross_profit,2024-12-31
1314,2d1b2140-332d-466e-9480-10dc8f878c77,quarterly_gross_profit,2024-09-30
1314,2d1b2140-332d-466e-9480-10dc8f878c77,quarterly_gross_profit,2024-06-30
1314,2d1b2140-332d-466e-9480-10dc8f878c77,quarterly_gross_profit,2024-03-31
1314,2d1b2140-332d-466e-9480-10dc8f878c77,quarterly_gross_profit,2023-12-31
1314,2d1b2140-332d-466e-9480-10dc8f878c77,quarterly_gross_profit,2023-09-30
1314,2d1b2140-332d-466e-9480-10dc8f878c77,quarterly_gross_profit,2023-06-30
1314,2d1b2140-332d-466e-9480-10dc8f878c77,quarterly_gross_profit,2023-03-31
1314,2d1b2140-332d-466e-9480-10dc8f878c77,quarterly_gross_profit,2022-12-31
1314,2d1b2140-332d-466e-9480-10dc8f878c77,quarterly_gross_profit,2022-09-30
1314,2d1b2140-332d-466e-9480-10dc8f878c77,quarterly_gross_profit,2022-06-30
1314,2d1b2140-332d-466e-9480-10dc8f878c77,quarterly_gross_profit,2022-03-31
1314,2d1b2140-332d-466e-9480-10dc8f878c77,quarterly_gross_profit,2021-12-31
1314,2d1b2140-332d-466e-9480-10dc8f878c77,quarterly_gross_profit,2021-09-30
1314,2d1b2140-332d-466e-9480-10dc8f878c77,quarterly_operating_income,2026-06-30
1314,2d1b2140-332d-466e-9480-10dc8f878c77,quarterly_operating_income,2026-03-31
1314,2d1b2140-332d-466e-9480-10dc8f878c77,quarterly_operating_income,2025-12-31
1314,2d1b2140-332d-466e-9480-10dc8f878c77,quarterly_operating_income,2025-09-30
1314,2d1b2140-332d-466e-9480-10dc8f878c77,quarterly_operating_income,2025-06-30
1314,2d1b2140-332d-466e-9480-10dc8f878c77,quarterly_operating_income,2025-03-31
1314,2d1b2140-332d-466e-9480-10dc8f878c77,quarterly_operating_income,2024-12-31
1314,2d1b2140-332d-466e-9480-10dc8f878c77,quarterly_operating_income,2024-09-30
1314,2d1b2140-332d-466e-9480-10dc8f878c77,quarterly_operating_income,2024-06-30
1314,2d1b2140-332d-466e-9480-10dc8f878c77,quarterly_operating_income,2024-03-31
1314,2d1b2140-332d-466e-9480-10dc8f878c77,quarterly_operating_income,2023-12-31
1314,2d1b2140-332d-466e-9480-10dc8f878c77,quarterly_operating_income,2023-09-30
1314,2d1b2140-332d-466e-9480-10dc8f878c77,quarterly_operating_income,2023-06-30
1314,2d1b2140-332d-466e-9480-10dc8f878c77,quarterly_operating_income,2023-03-31
1314,2d1b2140-332d-466e-9480-10dc8f878c77,quarterly_operating_income,2022-12-31
1314,2d1b2140-332d-466e-9480-10dc8f878c77,quarterly_operating_income,2022-09-30
1314,2d1b2140-332d-466e-9480-10dc8f878c77,quarterly_operating_income,2022-06-30
1314,2d1b2140-332d-466e-9480-10dc8f878c77,quarterly_operating_income,2022-03-31
1314,2d1b2140-332d-466e-9480-10dc8f878c77,quarterly_operating_income,2021-12-31
1314,2d1b2140-332d-466e-9480-10dc8f878c77,quarterly_operating_income,2021-09-30
1314,2d1b2140-332d-466e-9480-10dc8f878c77,quarterly_net_income_attributable_to_common,2026-06-30
1314,2d1b2140-332d-466e-9480-10dc8f878c77,quarterly_net_income_attributable_to_common,2026-03-31
1314,2d1b2140-332d-466e-9480-10dc8f878c77,quarterly_net_income_attributable_to_common,2025-12-31
1314,2d1b2140-332d-466e-9480-10dc8f878c77,quarterly_net_income_attributable_to_common,2025-09-30
1314,2d1b2140-332d-466e-9480-10dc8f878c77,quarterly_net_income_attributable_to_common,2025-06-30
1314,2d1b2140-332d-466e-9480-10dc8f878c77,quarterly_net_income_attributable_to_common,2025-03-31
1314,2d1b2140-332d-466e-9480-10dc8f878c77,quarterly_net_income_attributable_to_common,2024-12-31
1314,2d1b2140-332d-466e-9480-10dc8f878c77,quarterly_net_income_attributable_to_common,2024-09-30
1314,2d1b2140-332d-466e-9480-10dc8f878c77,quarterly_net_income_attributable_to_common,2024-06-30
1314,2d1b2140-332d-466e-9480-10dc8f878c77,quarterly_net_income_attributable_to_common,2024-03-31
1314,2d1b2140-332d-466e-9480-10dc8f878c77,quarterly_net_income_attributable_to_common,2023-12-31
1314,2d1b2140-332d-466e-9480-10dc8f878c77,quarterly_net_income_attributable_to_common,2023-09-30
1314,2d1b2140-332d-466e-9480-10dc8f878c77,quarterly_net_income_attributable_to_common,2023-06-30
1314,2d1b2140-332d-466e-9480-10dc8f878c77,quarterly_net_income_attributable_to_common,2023-03-31
1314,2d1b2140-332d-466e-9480-10dc8f878c77,quarterly_net_income_attributable_to_common,2022-12-31
1314,2d1b2140-332d-466e-9480-10dc8f878c77,quarterly_net_income_attributable_to_common,2022-09-30
1314,2d1b2140-332d-466e-9480-10dc8f878c77,quarterly_net_income_attributable_to_common,2022-06-30
1314,2d1b2140-332d-466e-9480-10dc8f878c77,quarterly_net_income_attributable_to_common,2022-03-31
1314,2d1b2140-332d-466e-9480-10dc8f878c77,quarterly_net_income_attributable_to_common,2021-12-31
1314,2d1b2140-332d-466e-9480-10dc8f878c77,quarterly_net_income_attributable_to_common,2021-09-30
1314,2d1b2140-332d-466e-9480-10dc8f878c77,quarterly_diluted_eps,2026-06-30
1314,2d1b2140-332d-466e-9480-10dc8f878c77,quarterly_diluted_eps,2026-03-31
1314,2d1b2140-332d-466e-9480-10dc8f878c77,quarterly_diluted_eps,2025-12-31
1314,2d1b2140-332d-466e-9480-10dc8f878c77,quarterly_diluted_eps,2025-09-30
1314,2d1b2140-332d-466e-9480-10dc8f878c77,quarterly_diluted_eps,2025-06-30
1314,2d1b2140-332d-466e-9480-10dc8f878c77,quarterly_diluted_eps,2025-03-31
1314,2d1b2140-332d-466e-9480-10dc8f878c77,quarterly_diluted_eps,2024-12-31
1314,2d1b2140-332d-466e-9480-10dc8f878c77,quarterly_diluted_eps,2024-09-30
1314,2d1b2140-332d-466e-9480-10dc8f878c77,quarterly_diluted_eps,2024-06-30
1314,2d1b2140-332d-466e-9480-10dc8f878c77,quarterly_diluted_eps,2024-03-31
1314,2d1b2140-332d-466e-9480-10dc8f878c77,quarterly_diluted_eps,2023-12-31
1314,2d1b2140-332d-466e-9480-10dc8f878c77,quarterly_diluted_eps,2023-09-30
1314,2d1b2140-332d-466e-9480-10dc8f878c77,quarterly_diluted_eps,2023-06-30
1314,2d1b2140-332d-466e-9480-10dc8f878c77,quarterly_diluted_eps,2023-03-31
1314,2d1b2140-332d-466e-9480-10dc8f878c77,quarterly_diluted_eps,2022-12-31
1314,2d1b2140-332d-466e-9480-10dc8f878c77,quarterly_diluted_eps,2022-09-30
1314,2d1b2140-332d-466e-9480-10dc8f878c77,quarterly_diluted_eps,2022-06-30
1314,2d1b2140-332d-466e-9480-10dc8f878c77,quarterly_diluted_eps,2022-03-31
1314,2d1b2140-332d-466e-9480-10dc8f878c77,quarterly_diluted_eps,2021-12-31
1314,2d1b2140-332d-466e-9480-10dc8f878c77,quarterly_diluted_eps,2021-09-30
1314,2d1b2140-332d-466e-9480-10dc8f878c77,diluted_weighted_average_shares,2026-06-30
1314,2d1b2140-332d-466e-9480-10dc8f878c77,diluted_weighted_average_shares,2026-03-31
1314,2d1b2140-332d-466e-9480-10dc8f878c77,diluted_weighted_average_shares,2025-12-31
1314,2d1b2140-332d-466e-9480-10dc8f878c77,diluted_weighted_average_shares,2025-09-30
1314,2d1b2140-332d-466e-9480-10dc8f878c77,diluted_weighted_average_shares,2025-06-30
1314,2d1b2140-332d-466e-9480-10dc8f878c77,diluted_weighted_average_shares,2025-03-31
1314,2d1b2140-332d-466e-9480-10dc8f878c77,diluted_weighted_average_shares,2024-12-31
1314,2d1b2140-332d-466e-9480-10dc8f878c77,diluted_weighted_average_shares,2024-09-30
1314,2d1b2140-332d-466e-9480-10dc8f878c77,diluted_weighted_average_shares,2024-06-30
1314,2d1b2140-332d-466e-9480-10dc8f878c77,diluted_weighted_average_shares,2024-03-31
1314,2d1b2140-332d-466e-9480-10dc8f878c77,diluted_weighted_average_shares,2023-12-31
1314,2d1b2140-332d-466e-9480-10dc8f878c77,diluted_weighted_average_shares,2023-09-30
1314,2d1b2140-332d-466e-9480-10dc8f878c77,diluted_weighted_average_shares,2023-06-30
1314,2d1b2140-332d-466e-9480-10dc8f878c77,diluted_weighted_average_shares,2023-03-31
1314,2d1b2140-332d-466e-9480-10dc8f878c77,diluted_weighted_average_shares,2022-12-31
1314,2d1b2140-332d-466e-9480-10dc8f878c77,diluted_weighted_average_shares,2022-09-30
1314,2d1b2140-332d-466e-9480-10dc8f878c77,diluted_weighted_average_shares,2022-06-30
1314,2d1b2140-332d-466e-9480-10dc8f878c77,diluted_weighted_average_shares,2022-03-31
1314,2d1b2140-332d-466e-9480-10dc8f878c77,diluted_weighted_average_shares,2021-12-31
1314,2d1b2140-332d-466e-9480-10dc8f878c77,diluted_weighted_average_shares,2021-09-30
1315,f5e3676a-64df-493e-917f-ebf69af546d1,quarterly_revenue,2026-06-30
1315,f5e3676a-64df-493e-917f-ebf69af546d1,quarterly_revenue,2026-03-31
1315,f5e3676a-64df-493e-917f-ebf69af546d1,quarterly_revenue,2025-12-31
1315,f5e3676a-64df-493e-917f-ebf69af546d1,quarterly_revenue,2025-09-30
1315,f5e3676a-64df-493e-917f-ebf69af546d1,quarterly_revenue,2025-06-30
1315,f5e3676a-64df-493e-917f-ebf69af546d1,quarterly_revenue,2025-03-31
1315,f5e3676a-64df-493e-917f-ebf69af546d1,quarterly_revenue,2024-12-31
1315,f5e3676a-64df-493e-917f-ebf69af546d1,quarterly_revenue,2024-09-30
1315,f5e3676a-64df-493e-917f-ebf69af546d1,quarterly_revenue,2024-06-30
1315,f5e3676a-64df-493e-917f-ebf69af546d1,quarterly_revenue,2024-03-31
1315,f5e3676a-64df-493e-917f-ebf69af546d1,quarterly_revenue,2023-12-31
1315,f5e3676a-64df-493e-917f-ebf69af546d1,quarterly_revenue,2023-09-30
1315,f5e3676a-64df-493e-917f-ebf69af546d1,quarterly_revenue,2023-06-30
1315,f5e3676a-64df-493e-917f-ebf69af546d1,quarterly_revenue,2023-03-31
1315,f5e3676a-64df-493e-917f-ebf69af546d1,quarterly_revenue,2022-12-31
1315,f5e3676a-64df-493e-917f-ebf69af546d1,quarterly_revenue,2022-09-30
1315,f5e3676a-64df-493e-917f-ebf69af546d1,quarterly_revenue,2022-06-30
1315,f5e3676a-64df-493e-917f-ebf69af546d1,quarterly_revenue,2022-03-31
1315,f5e3676a-64df-493e-917f-ebf69af546d1,quarterly_revenue,2021-12-31
1315,f5e3676a-64df-493e-917f-ebf69af546d1,quarterly_revenue,2021-09-30
1315,f5e3676a-64df-493e-917f-ebf69af546d1,quarterly_gross_profit,2026-06-30
1315,f5e3676a-64df-493e-917f-ebf69af546d1,quarterly_gross_profit,2026-03-31
1315,f5e3676a-64df-493e-917f-ebf69af546d1,quarterly_gross_profit,2025-12-31
1315,f5e3676a-64df-493e-917f-ebf69af546d1,quarterly_gross_profit,2025-09-30
1315,f5e3676a-64df-493e-917f-ebf69af546d1,quarterly_gross_profit,2025-06-30
1315,f5e3676a-64df-493e-917f-ebf69af546d1,quarterly_gross_profit,2025-03-31
1315,f5e3676a-64df-493e-917f-ebf69af546d1,quarterly_gross_profit,2024-12-31
1315,f5e3676a-64df-493e-917f-ebf69af546d1,quarterly_gross_profit,2024-09-30
1315,f5e3676a-64df-493e-917f-ebf69af546d1,quarterly_gross_profit,2024-06-30
1315,f5e3676a-64df-493e-917f-ebf69af546d1,quarterly_gross_profit,2024-03-31
1315,f5e3676a-64df-493e-917f-ebf69af546d1,quarterly_gross_profit,2023-12-31
1315,f5e3676a-64df-493e-917f-ebf69af546d1,quarterly_gross_profit,2023-09-30
1315,f5e3676a-64df-493e-917f-ebf69af546d1,quarterly_gross_profit,2023-06-30
1315,f5e3676a-64df-493e-917f-ebf69af546d1,quarterly_gross_profit,2023-03-31
1315,f5e3676a-64df-493e-917f-ebf69af546d1,quarterly_gross_profit,2022-12-31
1315,f5e3676a-64df-493e-917f-ebf69af546d1,quarterly_gross_profit,2022-09-30
1315,f5e3676a-64df-493e-917f-ebf69af546d1,quarterly_gross_profit,2022-06-30
1315,f5e3676a-64df-493e-917f-ebf69af546d1,quarterly_gross_profit,2022-03-31
1315,f5e3676a-64df-493e-917f-ebf69af546d1,quarterly_gross_profit,2021-12-31
1315,f5e3676a-64df-493e-917f-ebf69af546d1,quarterly_gross_profit,2021-09-30
1315,f5e3676a-64df-493e-917f-ebf69af546d1,quarterly_operating_income,2026-06-30
1315,f5e3676a-64df-493e-917f-ebf69af546d1,quarterly_operating_income,2026-03-31
1315,f5e3676a-64df-493e-917f-ebf69af546d1,quarterly_operating_income,2025-12-31
1315,f5e3676a-64df-493e-917f-ebf69af546d1,quarterly_operating_income,2025-09-30
1315,f5e3676a-64df-493e-917f-ebf69af546d1,quarterly_operating_income,2025-06-30
1315,f5e3676a-64df-493e-917f-ebf69af546d1,quarterly_operating_income,2025-03-31
1315,f5e3676a-64df-493e-917f-ebf69af546d1,quarterly_operating_income,2024-12-31
1315,f5e3676a-64df-493e-917f-ebf69af546d1,quarterly_operating_income,2024-09-30
1315,f5e3676a-64df-493e-917f-ebf69af546d1,quarterly_operating_income,2024-06-30
1315,f5e3676a-64df-493e-917f-ebf69af546d1,quarterly_operating_income,2024-03-31
1315,f5e3676a-64df-493e-917f-ebf69af546d1,quarterly_operating_income,2023-12-31
1315,f5e3676a-64df-493e-917f-ebf69af546d1,quarterly_operating_income,2023-09-30
1315,f5e3676a-64df-493e-917f-ebf69af546d1,quarterly_operating_income,2023-06-30
1315,f5e3676a-64df-493e-917f-ebf69af546d1,quarterly_operating_income,2023-03-31
1315,f5e3676a-64df-493e-917f-ebf69af546d1,quarterly_operating_income,2022-12-31
1315,f5e3676a-64df-493e-917f-ebf69af546d1,quarterly_operating_income,2022-09-30
1315,f5e3676a-64df-493e-917f-ebf69af546d1,quarterly_operating_income,2022-06-30
1315,f5e3676a-64df-493e-917f-ebf69af546d1,quarterly_operating_income,2022-03-31
1315,f5e3676a-64df-493e-917f-ebf69af546d1,quarterly_operating_income,2021-12-31
1315,f5e3676a-64df-493e-917f-ebf69af546d1,quarterly_operating_income,2021-09-30
1315,f5e3676a-64df-493e-917f-ebf69af546d1,quarterly_net_income_attributable_to_common,2026-06-30
1315,f5e3676a-64df-493e-917f-ebf69af546d1,quarterly_net_income_attributable_to_common,2026-03-31
1315,f5e3676a-64df-493e-917f-ebf69af546d1,quarterly_net_income_attributable_to_common,2025-12-31
1315,f5e3676a-64df-493e-917f-ebf69af546d1,quarterly_net_income_attributable_to_common,2025-09-30
1315,f5e3676a-64df-493e-917f-ebf69af546d1,quarterly_net_income_attributable_to_common,2025-06-30
1315,f5e3676a-64df-493e-917f-ebf69af546d1,quarterly_net_income_attributable_to_common,2025-03-31
1315,f5e3676a-64df-493e-917f-ebf69af546d1,quarterly_net_income_attributable_to_common,2024-12-31
1315,f5e3676a-64df-493e-917f-ebf69af546d1,quarterly_net_income_attributable_to_common,2024-09-30
1315,f5e3676a-64df-493e-917f-ebf69af546d1,quarterly_net_income_attributable_to_common,2024-06-30
1315,f5e3676a-64df-493e-917f-ebf69af546d1,quarterly_net_income_attributable_to_common,2024-03-31
1315,f5e3676a-64df-493e-917f-ebf69af546d1,quarterly_net_income_attributable_to_common,2023-12-31
1315,f5e3676a-64df-493e-917f-ebf69af546d1,quarterly_net_income_attributable_to_common,2023-09-30
1315,f5e3676a-64df-493e-917f-ebf69af546d1,quarterly_net_income_attributable_to_common,2023-06-30
1315,f5e3676a-64df-493e-917f-ebf69af546d1,quarterly_net_income_attributable_to_common,2023-03-31
1315,f5e3676a-64df-493e-917f-ebf69af546d1,quarterly_net_income_attributable_to_common,2022-12-31
1315,f5e3676a-64df-493e-917f-ebf69af546d1,quarterly_net_income_attributable_to_common,2022-09-30
1315,f5e3676a-64df-493e-917f-ebf69af546d1,quarterly_net_income_attributable_to_common,2022-06-30
1315,f5e3676a-64df-493e-917f-ebf69af546d1,quarterly_net_income_attributable_to_common,2022-03-31
1315,f5e3676a-64df-493e-917f-ebf69af546d1,quarterly_net_income_attributable_to_common,2021-12-31
1315,f5e3676a-64df-493e-917f-ebf69af546d1,quarterly_net_income_attributable_to_common,2021-09-30
1315,f5e3676a-64df-493e-917f-ebf69af546d1,quarterly_diluted_eps,2026-06-30
1315,f5e3676a-64df-493e-917f-ebf69af546d1,quarterly_diluted_eps,2026-03-31
1315,f5e3676a-64df-493e-917f-ebf69af546d1,quarterly_diluted_eps,2025-12-31
1315,f5e3676a-64df-493e-917f-ebf69af546d1,quarterly_diluted_eps,2025-09-30
1315,f5e3676a-64df-493e-917f-ebf69af546d1,quarterly_diluted_eps,2025-06-30
1315,f5e3676a-64df-493e-917f-ebf69af546d1,quarterly_diluted_eps,2025-03-31
1315,f5e3676a-64df-493e-917f-ebf69af546d1,quarterly_diluted_eps,2024-12-31
1315,f5e3676a-64df-493e-917f-ebf69af546d1,quarterly_diluted_eps,2024-09-30
1315,f5e3676a-64df-493e-917f-ebf69af546d1,quarterly_diluted_eps,2024-06-30
1315,f5e3676a-64df-493e-917f-ebf69af546d1,quarterly_diluted_eps,2024-03-31
1315,f5e3676a-64df-493e-917f-ebf69af546d1,quarterly_diluted_eps,2023-12-31
1315,f5e3676a-64df-493e-917f-ebf69af546d1,quarterly_diluted_eps,2023-09-30
1315,f5e3676a-64df-493e-917f-ebf69af546d1,quarterly_diluted_eps,2023-06-30
1315,f5e3676a-64df-493e-917f-ebf69af546d1,quarterly_diluted_eps,2023-03-31
1315,f5e3676a-64df-493e-917f-ebf69af546d1,quarterly_diluted_eps,2022-12-31
1315,f5e3676a-64df-493e-917f-ebf69af546d1,quarterly_diluted_eps,2022-09-30
1315,f5e3676a-64df-493e-917f-ebf69af546d1,quarterly_diluted_eps,2022-06-30
1315,f5e3676a-64df-493e-917f-ebf69af546d1,quarterly_diluted_eps,2022-03-31
1315,f5e3676a-64df-493e-917f-ebf69af546d1,quarterly_diluted_eps,2021-12-31
1315,f5e3676a-64df-493e-917f-ebf69af546d1,quarterly_diluted_eps,2021-09-30
1315,f5e3676a-64df-493e-917f-ebf69af546d1,diluted_weighted_average_shares,2026-06-30
1315,f5e3676a-64df-493e-917f-ebf69af546d1,diluted_weighted_average_shares,2026-03-31
1315,f5e3676a-64df-493e-917f-ebf69af546d1,diluted_weighted_average_shares,2025-12-31
1315,f5e3676a-64df-493e-917f-ebf69af546d1,diluted_weighted_average_shares,2025-09-30
1315,f5e3676a-64df-493e-917f-ebf69af546d1,diluted_weighted_average_shares,2025-06-30
1315,f5e3676a-64df-493e-917f-ebf69af546d1,diluted_weighted_average_shares,2025-03-31
1315,f5e3676a-64df-493e-917f-ebf69af546d1,diluted_weighted_average_shares,2024-12-31
1315,f5e3676a-64df-493e-917f-ebf69af546d1,diluted_weighted_average_shares,2024-09-30
1315,f5e3676a-64df-493e-917f-ebf69af546d1,diluted_weighted_average_shares,2024-06-30
1315,f5e3676a-64df-493e-917f-ebf69af546d1,diluted_weighted_average_shares,2024-03-31
1315,f5e3676a-64df-493e-917f-ebf69af546d1,diluted_weighted_average_shares,2023-12-31
1315,f5e3676a-64df-493e-917f-ebf69af546d1,diluted_weighted_average_shares,2023-09-30
1315,f5e3676a-64df-493e-917f-ebf69af546d1,diluted_weighted_average_shares,2023-06-30
1315,f5e3676a-64df-493e-917f-ebf69af546d1,diluted_weighted_average_shares,2023-03-31
1315,f5e3676a-64df-493e-917f-ebf69af546d1,diluted_weighted_average_shares,2022-12-31
1315,f5e3676a-64df-493e-917f-ebf69af546d1,diluted_weighted_average_shares,2022-09-30
1315,f5e3676a-64df-493e-917f-ebf69af546d1,diluted_weighted_average_shares,2022-06-30
1315,f5e3676a-64df-493e-917f-ebf69af546d1,diluted_weighted_average_shares,2022-03-31
1315,f5e3676a-64df-493e-917f-ebf69af546d1,diluted_weighted_average_shares,2021-12-31
1315,f5e3676a-64df-493e-917f-ebf69af546d1,diluted_weighted_average_shares,2021-09-30
1402,34a94352-b1a1-493f-bd37-c4d71515aab3,quarterly_revenue,2026-06-30
1402,34a94352-b1a1-493f-bd37-c4d71515aab3,quarterly_revenue,2026-03-31
1402,34a94352-b1a1-493f-bd37-c4d71515aab3,quarterly_revenue,2025-12-31
1402,34a94352-b1a1-493f-bd37-c4d71515aab3,quarterly_revenue,2025-09-30
1402,34a94352-b1a1-493f-bd37-c4d71515aab3,quarterly_revenue,2025-06-30
1402,34a94352-b1a1-493f-bd37-c4d71515aab3,quarterly_revenue,2025-03-31
1402,34a94352-b1a1-493f-bd37-c4d71515aab3,quarterly_revenue,2024-12-31
1402,34a94352-b1a1-493f-bd37-c4d71515aab3,quarterly_revenue,2024-09-30
1402,34a94352-b1a1-493f-bd37-c4d71515aab3,quarterly_gross_profit,2026-06-30
1402,34a94352-b1a1-493f-bd37-c4d71515aab3,quarterly_gross_profit,2026-03-31
1402,34a94352-b1a1-493f-bd37-c4d71515aab3,quarterly_gross_profit,2025-12-31
1402,34a94352-b1a1-493f-bd37-c4d71515aab3,quarterly_gross_profit,2025-09-30
1402,34a94352-b1a1-493f-bd37-c4d71515aab3,quarterly_gross_profit,2025-06-30
1402,34a94352-b1a1-493f-bd37-c4d71515aab3,quarterly_gross_profit,2025-03-31
1402,34a94352-b1a1-493f-bd37-c4d71515aab3,quarterly_gross_profit,2024-12-31
1402,34a94352-b1a1-493f-bd37-c4d71515aab3,quarterly_gross_profit,2024-09-30
1402,34a94352-b1a1-493f-bd37-c4d71515aab3,quarterly_operating_income,2026-06-30
1402,34a94352-b1a1-493f-bd37-c4d71515aab3,quarterly_operating_income,2026-03-31
1402,34a94352-b1a1-493f-bd37-c4d71515aab3,quarterly_operating_income,2025-12-31
1402,34a94352-b1a1-493f-bd37-c4d71515aab3,quarterly_operating_income,2025-09-30
1402,34a94352-b1a1-493f-bd37-c4d71515aab3,quarterly_operating_income,2025-06-30
1402,34a94352-b1a1-493f-bd37-c4d71515aab3,quarterly_operating_income,2025-03-31
1402,34a94352-b1a1-493f-bd37-c4d71515aab3,quarterly_operating_income,2024-12-31
1402,34a94352-b1a1-493f-bd37-c4d71515aab3,quarterly_operating_income,2024-09-30
1402,34a94352-b1a1-493f-bd37-c4d71515aab3,quarterly_net_income_attributable_to_common,2026-06-30
1402,34a94352-b1a1-493f-bd37-c4d71515aab3,quarterly_net_income_attributable_to_common,2026-03-31
1402,34a94352-b1a1-493f-bd37-c4d71515aab3,quarterly_net_income_attributable_to_common,2025-12-31
1402,34a94352-b1a1-493f-bd37-c4d71515aab3,quarterly_net_income_attributable_to_common,2025-09-30
1402,34a94352-b1a1-493f-bd37-c4d71515aab3,quarterly_net_income_attributable_to_common,2025-06-30
1402,34a94352-b1a1-493f-bd37-c4d71515aab3,quarterly_net_income_attributable_to_common,2025-03-31
1402,34a94352-b1a1-493f-bd37-c4d71515aab3,quarterly_net_income_attributable_to_common,2024-12-31
1402,34a94352-b1a1-493f-bd37-c4d71515aab3,quarterly_net_income_attributable_to_common,2024-09-30
1402,34a94352-b1a1-493f-bd37-c4d71515aab3,quarterly_diluted_eps,2026-06-30
1402,34a94352-b1a1-493f-bd37-c4d71515aab3,quarterly_diluted_eps,2026-03-31
1402,34a94352-b1a1-493f-bd37-c4d71515aab3,quarterly_diluted_eps,2025-12-31
1402,34a94352-b1a1-493f-bd37-c4d71515aab3,quarterly_diluted_eps,2025-09-30
1402,34a94352-b1a1-493f-bd37-c4d71515aab3,quarterly_diluted_eps,2025-06-30
1402,34a94352-b1a1-493f-bd37-c4d71515aab3,quarterly_diluted_eps,2025-03-31
1402,34a94352-b1a1-493f-bd37-c4d71515aab3,quarterly_diluted_eps,2024-12-31
1402,34a94352-b1a1-493f-bd37-c4d71515aab3,quarterly_diluted_eps,2024-09-30
1402,34a94352-b1a1-493f-bd37-c4d71515aab3,diluted_weighted_average_shares,2026-06-30
1402,34a94352-b1a1-493f-bd37-c4d71515aab3,diluted_weighted_average_shares,2026-03-31
1402,34a94352-b1a1-493f-bd37-c4d71515aab3,diluted_weighted_average_shares,2025-12-31
1402,34a94352-b1a1-493f-bd37-c4d71515aab3,diluted_weighted_average_shares,2025-09-30
1402,34a94352-b1a1-493f-bd37-c4d71515aab3,diluted_weighted_average_shares,2025-06-30
1402,34a94352-b1a1-493f-bd37-c4d71515aab3,diluted_weighted_average_shares,2025-03-31
1402,34a94352-b1a1-493f-bd37-c4d71515aab3,diluted_weighted_average_shares,2024-12-31
1402,34a94352-b1a1-493f-bd37-c4d71515aab3,diluted_weighted_average_shares,2024-09-30
1435,7e45635d-a720-48b8-b3a3-f5f35fec10ab,quarterly_revenue,2026-06-30
1435,7e45635d-a720-48b8-b3a3-f5f35fec10ab,quarterly_revenue,2026-03-31
1435,7e45635d-a720-48b8-b3a3-f5f35fec10ab,quarterly_revenue,2025-12-31
1435,7e45635d-a720-48b8-b3a3-f5f35fec10ab,quarterly_revenue,2025-09-30
1435,7e45635d-a720-48b8-b3a3-f5f35fec10ab,quarterly_revenue,2025-06-30
1435,7e45635d-a720-48b8-b3a3-f5f35fec10ab,quarterly_revenue,2025-03-31
1435,7e45635d-a720-48b8-b3a3-f5f35fec10ab,quarterly_revenue,2024-12-31
1435,7e45635d-a720-48b8-b3a3-f5f35fec10ab,quarterly_revenue,2024-09-30
1435,7e45635d-a720-48b8-b3a3-f5f35fec10ab,quarterly_gross_profit,2026-06-30
1435,7e45635d-a720-48b8-b3a3-f5f35fec10ab,quarterly_gross_profit,2026-03-31
1435,7e45635d-a720-48b8-b3a3-f5f35fec10ab,quarterly_gross_profit,2025-12-31
1435,7e45635d-a720-48b8-b3a3-f5f35fec10ab,quarterly_gross_profit,2025-09-30
1435,7e45635d-a720-48b8-b3a3-f5f35fec10ab,quarterly_gross_profit,2025-06-30
1435,7e45635d-a720-48b8-b3a3-f5f35fec10ab,quarterly_gross_profit,2025-03-31
1435,7e45635d-a720-48b8-b3a3-f5f35fec10ab,quarterly_gross_profit,2024-12-31
1435,7e45635d-a720-48b8-b3a3-f5f35fec10ab,quarterly_gross_profit,2024-09-30
1435,7e45635d-a720-48b8-b3a3-f5f35fec10ab,quarterly_operating_income,2026-06-30
1435,7e45635d-a720-48b8-b3a3-f5f35fec10ab,quarterly_operating_income,2026-03-31
1435,7e45635d-a720-48b8-b3a3-f5f35fec10ab,quarterly_operating_income,2025-12-31
1435,7e45635d-a720-48b8-b3a3-f5f35fec10ab,quarterly_operating_income,2025-09-30
1435,7e45635d-a720-48b8-b3a3-f5f35fec10ab,quarterly_operating_income,2025-06-30
1435,7e45635d-a720-48b8-b3a3-f5f35fec10ab,quarterly_operating_income,2025-03-31
1435,7e45635d-a720-48b8-b3a3-f5f35fec10ab,quarterly_operating_income,2024-12-31
1435,7e45635d-a720-48b8-b3a3-f5f35fec10ab,quarterly_operating_income,2024-09-30
1435,7e45635d-a720-48b8-b3a3-f5f35fec10ab,quarterly_net_income_attributable_to_common,2026-06-30
1435,7e45635d-a720-48b8-b3a3-f5f35fec10ab,quarterly_net_income_attributable_to_common,2026-03-31
1435,7e45635d-a720-48b8-b3a3-f5f35fec10ab,quarterly_net_income_attributable_to_common,2025-12-31
1435,7e45635d-a720-48b8-b3a3-f5f35fec10ab,quarterly_net_income_attributable_to_common,2025-09-30
1435,7e45635d-a720-48b8-b3a3-f5f35fec10ab,quarterly_net_income_attributable_to_common,2025-06-30
1435,7e45635d-a720-48b8-b3a3-f5f35fec10ab,quarterly_net_income_attributable_to_common,2025-03-31
1435,7e45635d-a720-48b8-b3a3-f5f35fec10ab,quarterly_net_income_attributable_to_common,2024-12-31
1435,7e45635d-a720-48b8-b3a3-f5f35fec10ab,quarterly_net_income_attributable_to_common,2024-09-30
1435,7e45635d-a720-48b8-b3a3-f5f35fec10ab,quarterly_diluted_eps,2026-06-30
1435,7e45635d-a720-48b8-b3a3-f5f35fec10ab,quarterly_diluted_eps,2026-03-31
1435,7e45635d-a720-48b8-b3a3-f5f35fec10ab,quarterly_diluted_eps,2025-12-31
1435,7e45635d-a720-48b8-b3a3-f5f35fec10ab,quarterly_diluted_eps,2025-09-30
1435,7e45635d-a720-48b8-b3a3-f5f35fec10ab,quarterly_diluted_eps,2025-06-30
1435,7e45635d-a720-48b8-b3a3-f5f35fec10ab,quarterly_diluted_eps,2025-03-31
1435,7e45635d-a720-48b8-b3a3-f5f35fec10ab,quarterly_diluted_eps,2024-12-31
1435,7e45635d-a720-48b8-b3a3-f5f35fec10ab,quarterly_diluted_eps,2024-09-30
1435,7e45635d-a720-48b8-b3a3-f5f35fec10ab,diluted_weighted_average_shares,2026-06-30
1435,7e45635d-a720-48b8-b3a3-f5f35fec10ab,diluted_weighted_average_shares,2026-03-31
1435,7e45635d-a720-48b8-b3a3-f5f35fec10ab,diluted_weighted_average_shares,2025-12-31
1435,7e45635d-a720-48b8-b3a3-f5f35fec10ab,diluted_weighted_average_shares,2025-09-30
1435,7e45635d-a720-48b8-b3a3-f5f35fec10ab,diluted_weighted_average_shares,2025-06-30
1435,7e45635d-a720-48b8-b3a3-f5f35fec10ab,diluted_weighted_average_shares,2025-03-31
1435,7e45635d-a720-48b8-b3a3-f5f35fec10ab,diluted_weighted_average_shares,2024-12-31
1435,7e45635d-a720-48b8-b3a3-f5f35fec10ab,diluted_weighted_average_shares,2024-09-30
1528,4d403f1b-5d05-430b-90f5-520c20374ee4,quarterly_revenue,2026-06-30
1528,4d403f1b-5d05-430b-90f5-520c20374ee4,quarterly_revenue,2026-03-31
1528,4d403f1b-5d05-430b-90f5-520c20374ee4,quarterly_revenue,2025-12-31
1528,4d403f1b-5d05-430b-90f5-520c20374ee4,quarterly_revenue,2025-09-30
1528,4d403f1b-5d05-430b-90f5-520c20374ee4,quarterly_revenue,2025-06-30
1528,4d403f1b-5d05-430b-90f5-520c20374ee4,quarterly_revenue,2025-03-31
1528,4d403f1b-5d05-430b-90f5-520c20374ee4,quarterly_revenue,2024-12-31
1528,4d403f1b-5d05-430b-90f5-520c20374ee4,quarterly_revenue,2024-09-30
1528,4d403f1b-5d05-430b-90f5-520c20374ee4,quarterly_gross_profit,2026-06-30
1528,4d403f1b-5d05-430b-90f5-520c20374ee4,quarterly_gross_profit,2026-03-31
1528,4d403f1b-5d05-430b-90f5-520c20374ee4,quarterly_gross_profit,2025-12-31
1528,4d403f1b-5d05-430b-90f5-520c20374ee4,quarterly_gross_profit,2025-09-30
1528,4d403f1b-5d05-430b-90f5-520c20374ee4,quarterly_gross_profit,2025-06-30
1528,4d403f1b-5d05-430b-90f5-520c20374ee4,quarterly_gross_profit,2025-03-31
1528,4d403f1b-5d05-430b-90f5-520c20374ee4,quarterly_gross_profit,2024-12-31
1528,4d403f1b-5d05-430b-90f5-520c20374ee4,quarterly_gross_profit,2024-09-30
1528,4d403f1b-5d05-430b-90f5-520c20374ee4,quarterly_operating_income,2026-06-30
1528,4d403f1b-5d05-430b-90f5-520c20374ee4,quarterly_operating_income,2026-03-31
1528,4d403f1b-5d05-430b-90f5-520c20374ee4,quarterly_operating_income,2025-12-31
1528,4d403f1b-5d05-430b-90f5-520c20374ee4,quarterly_operating_income,2025-09-30
1528,4d403f1b-5d05-430b-90f5-520c20374ee4,quarterly_operating_income,2025-06-30
1528,4d403f1b-5d05-430b-90f5-520c20374ee4,quarterly_operating_income,2025-03-31
1528,4d403f1b-5d05-430b-90f5-520c20374ee4,quarterly_operating_income,2024-12-31
1528,4d403f1b-5d05-430b-90f5-520c20374ee4,quarterly_operating_income,2024-09-30
1528,4d403f1b-5d05-430b-90f5-520c20374ee4,quarterly_net_income_attributable_to_common,2026-06-30
1528,4d403f1b-5d05-430b-90f5-520c20374ee4,quarterly_net_income_attributable_to_common,2026-03-31
1528,4d403f1b-5d05-430b-90f5-520c20374ee4,quarterly_net_income_attributable_to_common,2025-12-31
1528,4d403f1b-5d05-430b-90f5-520c20374ee4,quarterly_net_income_attributable_to_common,2025-09-30
1528,4d403f1b-5d05-430b-90f5-520c20374ee4,quarterly_net_income_attributable_to_common,2025-06-30
1528,4d403f1b-5d05-430b-90f5-520c20374ee4,quarterly_net_income_attributable_to_common,2025-03-31
1528,4d403f1b-5d05-430b-90f5-520c20374ee4,quarterly_net_income_attributable_to_common,2024-12-31
1528,4d403f1b-5d05-430b-90f5-520c20374ee4,quarterly_net_income_attributable_to_common,2024-09-30
1528,4d403f1b-5d05-430b-90f5-520c20374ee4,quarterly_diluted_eps,2026-06-30
1528,4d403f1b-5d05-430b-90f5-520c20374ee4,quarterly_diluted_eps,2026-03-31
1528,4d403f1b-5d05-430b-90f5-520c20374ee4,quarterly_diluted_eps,2025-12-31
1528,4d403f1b-5d05-430b-90f5-520c20374ee4,quarterly_diluted_eps,2025-09-30
1528,4d403f1b-5d05-430b-90f5-520c20374ee4,quarterly_diluted_eps,2025-06-30
1528,4d403f1b-5d05-430b-90f5-520c20374ee4,quarterly_diluted_eps,2025-03-31
1528,4d403f1b-5d05-430b-90f5-520c20374ee4,quarterly_diluted_eps,2024-12-31
1528,4d403f1b-5d05-430b-90f5-520c20374ee4,quarterly_diluted_eps,2024-09-30
1528,4d403f1b-5d05-430b-90f5-520c20374ee4,diluted_weighted_average_shares,2026-06-30
1528,4d403f1b-5d05-430b-90f5-520c20374ee4,diluted_weighted_average_shares,2026-03-31
1528,4d403f1b-5d05-430b-90f5-520c20374ee4,diluted_weighted_average_shares,2025-12-31
1528,4d403f1b-5d05-430b-90f5-520c20374ee4,diluted_weighted_average_shares,2025-09-30
1528,4d403f1b-5d05-430b-90f5-520c20374ee4,diluted_weighted_average_shares,2025-06-30
1528,4d403f1b-5d05-430b-90f5-520c20374ee4,diluted_weighted_average_shares,2025-03-31
1528,4d403f1b-5d05-430b-90f5-520c20374ee4,diluted_weighted_average_shares,2024-12-31
1528,4d403f1b-5d05-430b-90f5-520c20374ee4,diluted_weighted_average_shares,2024-09-30
1560,0890210d-7aa1-4a2e-9f5a-d502dabef2c8,quarterly_revenue,2026-06-30
1560,0890210d-7aa1-4a2e-9f5a-d502dabef2c8,quarterly_revenue,2026-03-31
1560,0890210d-7aa1-4a2e-9f5a-d502dabef2c8,quarterly_revenue,2025-12-31
1560,0890210d-7aa1-4a2e-9f5a-d502dabef2c8,quarterly_revenue,2025-09-30
1560,0890210d-7aa1-4a2e-9f5a-d502dabef2c8,quarterly_revenue,2025-06-30
1560,0890210d-7aa1-4a2e-9f5a-d502dabef2c8,quarterly_revenue,2025-03-31
1560,0890210d-7aa1-4a2e-9f5a-d502dabef2c8,quarterly_revenue,2024-12-31
1560,0890210d-7aa1-4a2e-9f5a-d502dabef2c8,quarterly_revenue,2024-09-30
1560,0890210d-7aa1-4a2e-9f5a-d502dabef2c8,quarterly_gross_profit,2026-06-30
1560,0890210d-7aa1-4a2e-9f5a-d502dabef2c8,quarterly_gross_profit,2026-03-31
1560,0890210d-7aa1-4a2e-9f5a-d502dabef2c8,quarterly_gross_profit,2025-12-31
1560,0890210d-7aa1-4a2e-9f5a-d502dabef2c8,quarterly_gross_profit,2025-09-30
1560,0890210d-7aa1-4a2e-9f5a-d502dabef2c8,quarterly_gross_profit,2025-06-30
1560,0890210d-7aa1-4a2e-9f5a-d502dabef2c8,quarterly_gross_profit,2025-03-31
1560,0890210d-7aa1-4a2e-9f5a-d502dabef2c8,quarterly_gross_profit,2024-12-31
1560,0890210d-7aa1-4a2e-9f5a-d502dabef2c8,quarterly_gross_profit,2024-09-30
1560,0890210d-7aa1-4a2e-9f5a-d502dabef2c8,quarterly_operating_income,2026-06-30
1560,0890210d-7aa1-4a2e-9f5a-d502dabef2c8,quarterly_operating_income,2026-03-31
1560,0890210d-7aa1-4a2e-9f5a-d502dabef2c8,quarterly_operating_income,2025-12-31
1560,0890210d-7aa1-4a2e-9f5a-d502dabef2c8,quarterly_operating_income,2025-09-30
1560,0890210d-7aa1-4a2e-9f5a-d502dabef2c8,quarterly_operating_income,2025-06-30
1560,0890210d-7aa1-4a2e-9f5a-d502dabef2c8,quarterly_operating_income,2025-03-31
1560,0890210d-7aa1-4a2e-9f5a-d502dabef2c8,quarterly_operating_income,2024-12-31
1560,0890210d-7aa1-4a2e-9f5a-d502dabef2c8,quarterly_operating_income,2024-09-30
1560,0890210d-7aa1-4a2e-9f5a-d502dabef2c8,quarterly_net_income_attributable_to_common,2026-06-30
1560,0890210d-7aa1-4a2e-9f5a-d502dabef2c8,quarterly_net_income_attributable_to_common,2026-03-31
1560,0890210d-7aa1-4a2e-9f5a-d502dabef2c8,quarterly_net_income_attributable_to_common,2025-12-31
1560,0890210d-7aa1-4a2e-9f5a-d502dabef2c8,quarterly_net_income_attributable_to_common,2025-09-30
1560,0890210d-7aa1-4a2e-9f5a-d502dabef2c8,quarterly_net_income_attributable_to_common,2025-06-30
1560,0890210d-7aa1-4a2e-9f5a-d502dabef2c8,quarterly_net_income_attributable_to_common,2025-03-31
1560,0890210d-7aa1-4a2e-9f5a-d502dabef2c8,quarterly_net_income_attributable_to_common,2024-12-31
1560,0890210d-7aa1-4a2e-9f5a-d502dabef2c8,quarterly_net_income_attributable_to_common,2024-09-30
1560,0890210d-7aa1-4a2e-9f5a-d502dabef2c8,quarterly_diluted_eps,2026-06-30
1560,0890210d-7aa1-4a2e-9f5a-d502dabef2c8,quarterly_diluted_eps,2026-03-31
1560,0890210d-7aa1-4a2e-9f5a-d502dabef2c8,quarterly_diluted_eps,2025-12-31
1560,0890210d-7aa1-4a2e-9f5a-d502dabef2c8,quarterly_diluted_eps,2025-09-30
1560,0890210d-7aa1-4a2e-9f5a-d502dabef2c8,quarterly_diluted_eps,2025-06-30
1560,0890210d-7aa1-4a2e-9f5a-d502dabef2c8,quarterly_diluted_eps,2025-03-31
1560,0890210d-7aa1-4a2e-9f5a-d502dabef2c8,quarterly_diluted_eps,2024-12-31
1560,0890210d-7aa1-4a2e-9f5a-d502dabef2c8,quarterly_diluted_eps,2024-09-30
1560,0890210d-7aa1-4a2e-9f5a-d502dabef2c8,diluted_weighted_average_shares,2026-06-30
1560,0890210d-7aa1-4a2e-9f5a-d502dabef2c8,diluted_weighted_average_shares,2026-03-31
1560,0890210d-7aa1-4a2e-9f5a-d502dabef2c8,diluted_weighted_average_shares,2025-12-31
1560,0890210d-7aa1-4a2e-9f5a-d502dabef2c8,diluted_weighted_average_shares,2025-09-30
1560,0890210d-7aa1-4a2e-9f5a-d502dabef2c8,diluted_weighted_average_shares,2025-06-30
1560,0890210d-7aa1-4a2e-9f5a-d502dabef2c8,diluted_weighted_average_shares,2025-03-31
1560,0890210d-7aa1-4a2e-9f5a-d502dabef2c8,diluted_weighted_average_shares,2024-12-31
1560,0890210d-7aa1-4a2e-9f5a-d502dabef2c8,diluted_weighted_average_shares,2024-09-30
1569,4dd6943e-f0dd-4d02-b0f4-98f572414d00,quarterly_revenue,2026-06-30
1569,4dd6943e-f0dd-4d02-b0f4-98f572414d00,quarterly_revenue,2026-03-31
1569,4dd6943e-f0dd-4d02-b0f4-98f572414d00,quarterly_revenue,2025-12-31
1569,4dd6943e-f0dd-4d02-b0f4-98f572414d00,quarterly_revenue,2025-09-30
1569,4dd6943e-f0dd-4d02-b0f4-98f572414d00,quarterly_revenue,2025-06-30
1569,4dd6943e-f0dd-4d02-b0f4-98f572414d00,quarterly_revenue,2025-03-31
1569,4dd6943e-f0dd-4d02-b0f4-98f572414d00,quarterly_revenue,2024-12-31
1569,4dd6943e-f0dd-4d02-b0f4-98f572414d00,quarterly_revenue,2024-09-30
1569,4dd6943e-f0dd-4d02-b0f4-98f572414d00,quarterly_gross_profit,2026-06-30
1569,4dd6943e-f0dd-4d02-b0f4-98f572414d00,quarterly_gross_profit,2026-03-31
1569,4dd6943e-f0dd-4d02-b0f4-98f572414d00,quarterly_gross_profit,2025-12-31
1569,4dd6943e-f0dd-4d02-b0f4-98f572414d00,quarterly_gross_profit,2025-09-30
1569,4dd6943e-f0dd-4d02-b0f4-98f572414d00,quarterly_gross_profit,2025-06-30
1569,4dd6943e-f0dd-4d02-b0f4-98f572414d00,quarterly_gross_profit,2025-03-31
1569,4dd6943e-f0dd-4d02-b0f4-98f572414d00,quarterly_gross_profit,2024-12-31
1569,4dd6943e-f0dd-4d02-b0f4-98f572414d00,quarterly_gross_profit,2024-09-30
1569,4dd6943e-f0dd-4d02-b0f4-98f572414d00,quarterly_operating_income,2026-06-30
1569,4dd6943e-f0dd-4d02-b0f4-98f572414d00,quarterly_operating_income,2026-03-31
1569,4dd6943e-f0dd-4d02-b0f4-98f572414d00,quarterly_operating_income,2025-12-31
1569,4dd6943e-f0dd-4d02-b0f4-98f572414d00,quarterly_operating_income,2025-09-30
1569,4dd6943e-f0dd-4d02-b0f4-98f572414d00,quarterly_operating_income,2025-06-30
1569,4dd6943e-f0dd-4d02-b0f4-98f572414d00,quarterly_operating_income,2025-03-31
1569,4dd6943e-f0dd-4d02-b0f4-98f572414d00,quarterly_operating_income,2024-12-31
1569,4dd6943e-f0dd-4d02-b0f4-98f572414d00,quarterly_operating_income,2024-09-30
1569,4dd6943e-f0dd-4d02-b0f4-98f572414d00,quarterly_net_income_attributable_to_common,2026-06-30
1569,4dd6943e-f0dd-4d02-b0f4-98f572414d00,quarterly_net_income_attributable_to_common,2026-03-31
1569,4dd6943e-f0dd-4d02-b0f4-98f572414d00,quarterly_net_income_attributable_to_common,2025-12-31
1569,4dd6943e-f0dd-4d02-b0f4-98f572414d00,quarterly_net_income_attributable_to_common,2025-09-30
1569,4dd6943e-f0dd-4d02-b0f4-98f572414d00,quarterly_net_income_attributable_to_common,2025-06-30
1569,4dd6943e-f0dd-4d02-b0f4-98f572414d00,quarterly_net_income_attributable_to_common,2025-03-31
1569,4dd6943e-f0dd-4d02-b0f4-98f572414d00,quarterly_net_income_attributable_to_common,2024-12-31
1569,4dd6943e-f0dd-4d02-b0f4-98f572414d00,quarterly_net_income_attributable_to_common,2024-09-30
1569,4dd6943e-f0dd-4d02-b0f4-98f572414d00,quarterly_diluted_eps,2026-06-30
1569,4dd6943e-f0dd-4d02-b0f4-98f572414d00,quarterly_diluted_eps,2026-03-31
1569,4dd6943e-f0dd-4d02-b0f4-98f572414d00,quarterly_diluted_eps,2025-12-31
1569,4dd6943e-f0dd-4d02-b0f4-98f572414d00,quarterly_diluted_eps,2025-09-30
1569,4dd6943e-f0dd-4d02-b0f4-98f572414d00,quarterly_diluted_eps,2025-06-30
1569,4dd6943e-f0dd-4d02-b0f4-98f572414d00,quarterly_diluted_eps,2025-03-31
1569,4dd6943e-f0dd-4d02-b0f4-98f572414d00,quarterly_diluted_eps,2024-12-31
1569,4dd6943e-f0dd-4d02-b0f4-98f572414d00,quarterly_diluted_eps,2024-09-30
1569,4dd6943e-f0dd-4d02-b0f4-98f572414d00,diluted_weighted_average_shares,2026-06-30
1569,4dd6943e-f0dd-4d02-b0f4-98f572414d00,diluted_weighted_average_shares,2026-03-31
1569,4dd6943e-f0dd-4d02-b0f4-98f572414d00,diluted_weighted_average_shares,2025-12-31
1569,4dd6943e-f0dd-4d02-b0f4-98f572414d00,diluted_weighted_average_shares,2025-09-30
1569,4dd6943e-f0dd-4d02-b0f4-98f572414d00,diluted_weighted_average_shares,2025-06-30
1569,4dd6943e-f0dd-4d02-b0f4-98f572414d00,diluted_weighted_average_shares,2025-03-31
1569,4dd6943e-f0dd-4d02-b0f4-98f572414d00,diluted_weighted_average_shares,2024-12-31
1569,4dd6943e-f0dd-4d02-b0f4-98f572414d00,diluted_weighted_average_shares,2024-09-30
1580,3d67d20a-dfb1-4a75-a951-3fce67bb30d9,quarterly_revenue,2026-06-30
1580,3d67d20a-dfb1-4a75-a951-3fce67bb30d9,quarterly_revenue,2026-03-31
1580,3d67d20a-dfb1-4a75-a951-3fce67bb30d9,quarterly_revenue,2025-12-31
1580,3d67d20a-dfb1-4a75-a951-3fce67bb30d9,quarterly_revenue,2025-09-30
1580,3d67d20a-dfb1-4a75-a951-3fce67bb30d9,quarterly_revenue,2025-06-30
1580,3d67d20a-dfb1-4a75-a951-3fce67bb30d9,quarterly_revenue,2025-03-31
1580,3d67d20a-dfb1-4a75-a951-3fce67bb30d9,quarterly_revenue,2024-12-31
1580,3d67d20a-dfb1-4a75-a951-3fce67bb30d9,quarterly_revenue,2024-09-30
1580,3d67d20a-dfb1-4a75-a951-3fce67bb30d9,quarterly_gross_profit,2026-06-30
1580,3d67d20a-dfb1-4a75-a951-3fce67bb30d9,quarterly_gross_profit,2026-03-31
1580,3d67d20a-dfb1-4a75-a951-3fce67bb30d9,quarterly_gross_profit,2025-12-31
1580,3d67d20a-dfb1-4a75-a951-3fce67bb30d9,quarterly_gross_profit,2025-09-30
1580,3d67d20a-dfb1-4a75-a951-3fce67bb30d9,quarterly_gross_profit,2025-06-30
1580,3d67d20a-dfb1-4a75-a951-3fce67bb30d9,quarterly_gross_profit,2025-03-31
1580,3d67d20a-dfb1-4a75-a951-3fce67bb30d9,quarterly_gross_profit,2024-12-31
1580,3d67d20a-dfb1-4a75-a951-3fce67bb30d9,quarterly_gross_profit,2024-09-30
1580,3d67d20a-dfb1-4a75-a951-3fce67bb30d9,quarterly_operating_income,2026-06-30
1580,3d67d20a-dfb1-4a75-a951-3fce67bb30d9,quarterly_operating_income,2026-03-31
1580,3d67d20a-dfb1-4a75-a951-3fce67bb30d9,quarterly_operating_income,2025-12-31
1580,3d67d20a-dfb1-4a75-a951-3fce67bb30d9,quarterly_operating_income,2025-09-30
1580,3d67d20a-dfb1-4a75-a951-3fce67bb30d9,quarterly_operating_income,2025-06-30
1580,3d67d20a-dfb1-4a75-a951-3fce67bb30d9,quarterly_operating_income,2025-03-31
1580,3d67d20a-dfb1-4a75-a951-3fce67bb30d9,quarterly_operating_income,2024-12-31
1580,3d67d20a-dfb1-4a75-a951-3fce67bb30d9,quarterly_operating_income,2024-09-30
1580,3d67d20a-dfb1-4a75-a951-3fce67bb30d9,quarterly_net_income_attributable_to_common,2026-06-30
1580,3d67d20a-dfb1-4a75-a951-3fce67bb30d9,quarterly_net_income_attributable_to_common,2026-03-31
1580,3d67d20a-dfb1-4a75-a951-3fce67bb30d9,quarterly_net_income_attributable_to_common,2025-12-31
1580,3d67d20a-dfb1-4a75-a951-3fce67bb30d9,quarterly_net_income_attributable_to_common,2025-09-30
1580,3d67d20a-dfb1-4a75-a951-3fce67bb30d9,quarterly_net_income_attributable_to_common,2025-06-30
1580,3d67d20a-dfb1-4a75-a951-3fce67bb30d9,quarterly_net_income_attributable_to_common,2025-03-31
1580,3d67d20a-dfb1-4a75-a951-3fce67bb30d9,quarterly_net_income_attributable_to_common,2024-12-31
1580,3d67d20a-dfb1-4a75-a951-3fce67bb30d9,quarterly_net_income_attributable_to_common,2024-09-30
1580,3d67d20a-dfb1-4a75-a951-3fce67bb30d9,quarterly_diluted_eps,2026-06-30
1580,3d67d20a-dfb1-4a75-a951-3fce67bb30d9,quarterly_diluted_eps,2026-03-31
1580,3d67d20a-dfb1-4a75-a951-3fce67bb30d9,quarterly_diluted_eps,2025-12-31
1580,3d67d20a-dfb1-4a75-a951-3fce67bb30d9,quarterly_diluted_eps,2025-09-30
1580,3d67d20a-dfb1-4a75-a951-3fce67bb30d9,quarterly_diluted_eps,2025-06-30
1580,3d67d20a-dfb1-4a75-a951-3fce67bb30d9,quarterly_diluted_eps,2025-03-31
1580,3d67d20a-dfb1-4a75-a951-3fce67bb30d9,quarterly_diluted_eps,2024-12-31
1580,3d67d20a-dfb1-4a75-a951-3fce67bb30d9,quarterly_diluted_eps,2024-09-30
1580,3d67d20a-dfb1-4a75-a951-3fce67bb30d9,diluted_weighted_average_shares,2026-06-30
1580,3d67d20a-dfb1-4a75-a951-3fce67bb30d9,diluted_weighted_average_shares,2026-03-31
1580,3d67d20a-dfb1-4a75-a951-3fce67bb30d9,diluted_weighted_average_shares,2025-12-31
1580,3d67d20a-dfb1-4a75-a951-3fce67bb30d9,diluted_weighted_average_shares,2025-09-30
1580,3d67d20a-dfb1-4a75-a951-3fce67bb30d9,diluted_weighted_average_shares,2025-06-30
1580,3d67d20a-dfb1-4a75-a951-3fce67bb30d9,diluted_weighted_average_shares,2025-03-31
1580,3d67d20a-dfb1-4a75-a951-3fce67bb30d9,diluted_weighted_average_shares,2024-12-31
1580,3d67d20a-dfb1-4a75-a951-3fce67bb30d9,diluted_weighted_average_shares,2024-09-30
1595,686b4e75-3dde-4517-99cd-f07990d146b7,quarterly_revenue,2026-06-30
1595,686b4e75-3dde-4517-99cd-f07990d146b7,quarterly_revenue,2026-03-31
1595,686b4e75-3dde-4517-99cd-f07990d146b7,quarterly_revenue,2025-12-31
1595,686b4e75-3dde-4517-99cd-f07990d146b7,quarterly_revenue,2025-09-30
1595,686b4e75-3dde-4517-99cd-f07990d146b7,quarterly_revenue,2025-06-30
1595,686b4e75-3dde-4517-99cd-f07990d146b7,quarterly_revenue,2025-03-31
1595,686b4e75-3dde-4517-99cd-f07990d146b7,quarterly_revenue,2024-12-31
1595,686b4e75-3dde-4517-99cd-f07990d146b7,quarterly_revenue,2024-09-30
1595,686b4e75-3dde-4517-99cd-f07990d146b7,quarterly_gross_profit,2026-06-30
1595,686b4e75-3dde-4517-99cd-f07990d146b7,quarterly_gross_profit,2026-03-31
1595,686b4e75-3dde-4517-99cd-f07990d146b7,quarterly_gross_profit,2025-12-31
1595,686b4e75-3dde-4517-99cd-f07990d146b7,quarterly_gross_profit,2025-09-30
1595,686b4e75-3dde-4517-99cd-f07990d146b7,quarterly_gross_profit,2025-06-30
1595,686b4e75-3dde-4517-99cd-f07990d146b7,quarterly_gross_profit,2025-03-31
1595,686b4e75-3dde-4517-99cd-f07990d146b7,quarterly_gross_profit,2024-12-31
1595,686b4e75-3dde-4517-99cd-f07990d146b7,quarterly_gross_profit,2024-09-30
1595,686b4e75-3dde-4517-99cd-f07990d146b7,quarterly_operating_income,2026-06-30
1595,686b4e75-3dde-4517-99cd-f07990d146b7,quarterly_operating_income,2026-03-31
1595,686b4e75-3dde-4517-99cd-f07990d146b7,quarterly_operating_income,2025-12-31
1595,686b4e75-3dde-4517-99cd-f07990d146b7,quarterly_operating_income,2025-09-30
1595,686b4e75-3dde-4517-99cd-f07990d146b7,quarterly_operating_income,2025-06-30
1595,686b4e75-3dde-4517-99cd-f07990d146b7,quarterly_operating_income,2025-03-31
1595,686b4e75-3dde-4517-99cd-f07990d146b7,quarterly_operating_income,2024-12-31
1595,686b4e75-3dde-4517-99cd-f07990d146b7,quarterly_operating_income,2024-09-30
1595,686b4e75-3dde-4517-99cd-f07990d146b7,quarterly_net_income_attributable_to_common,2026-06-30
1595,686b4e75-3dde-4517-99cd-f07990d146b7,quarterly_net_income_attributable_to_common,2026-03-31
1595,686b4e75-3dde-4517-99cd-f07990d146b7,quarterly_net_income_attributable_to_common,2025-12-31
1595,686b4e75-3dde-4517-99cd-f07990d146b7,quarterly_net_income_attributable_to_common,2025-09-30
1595,686b4e75-3dde-4517-99cd-f07990d146b7,quarterly_net_income_attributable_to_common,2025-06-30
1595,686b4e75-3dde-4517-99cd-f07990d146b7,quarterly_net_income_attributable_to_common,2025-03-31
1595,686b4e75-3dde-4517-99cd-f07990d146b7,quarterly_net_income_attributable_to_common,2024-12-31
1595,686b4e75-3dde-4517-99cd-f07990d146b7,quarterly_net_income_attributable_to_common,2024-09-30
1595,686b4e75-3dde-4517-99cd-f07990d146b7,quarterly_diluted_eps,2026-06-30
1595,686b4e75-3dde-4517-99cd-f07990d146b7,quarterly_diluted_eps,2026-03-31
1595,686b4e75-3dde-4517-99cd-f07990d146b7,quarterly_diluted_eps,2025-12-31
1595,686b4e75-3dde-4517-99cd-f07990d146b7,quarterly_diluted_eps,2025-09-30
1595,686b4e75-3dde-4517-99cd-f07990d146b7,quarterly_diluted_eps,2025-06-30
1595,686b4e75-3dde-4517-99cd-f07990d146b7,quarterly_diluted_eps,2025-03-31
1595,686b4e75-3dde-4517-99cd-f07990d146b7,quarterly_diluted_eps,2024-12-31
1595,686b4e75-3dde-4517-99cd-f07990d146b7,quarterly_diluted_eps,2024-09-30
1595,686b4e75-3dde-4517-99cd-f07990d146b7,diluted_weighted_average_shares,2026-06-30
1595,686b4e75-3dde-4517-99cd-f07990d146b7,diluted_weighted_average_shares,2026-03-31
1595,686b4e75-3dde-4517-99cd-f07990d146b7,diluted_weighted_average_shares,2025-12-31
1595,686b4e75-3dde-4517-99cd-f07990d146b7,diluted_weighted_average_shares,2025-09-30
1595,686b4e75-3dde-4517-99cd-f07990d146b7,diluted_weighted_average_shares,2025-06-30
1595,686b4e75-3dde-4517-99cd-f07990d146b7,diluted_weighted_average_shares,2025-03-31
1595,686b4e75-3dde-4517-99cd-f07990d146b7,diluted_weighted_average_shares,2024-12-31
1595,686b4e75-3dde-4517-99cd-f07990d146b7,diluted_weighted_average_shares,2024-09-30
1605,95948c30-fab2-483b-9bf8-efc568d642e2,quarterly_revenue,2026-06-30
1605,95948c30-fab2-483b-9bf8-efc568d642e2,quarterly_revenue,2026-03-31
1605,95948c30-fab2-483b-9bf8-efc568d642e2,quarterly_revenue,2025-12-31
1605,95948c30-fab2-483b-9bf8-efc568d642e2,quarterly_revenue,2025-09-30
1605,95948c30-fab2-483b-9bf8-efc568d642e2,quarterly_revenue,2025-06-30
1605,95948c30-fab2-483b-9bf8-efc568d642e2,quarterly_revenue,2025-03-31
1605,95948c30-fab2-483b-9bf8-efc568d642e2,quarterly_revenue,2024-12-31
1605,95948c30-fab2-483b-9bf8-efc568d642e2,quarterly_revenue,2024-09-30
1605,95948c30-fab2-483b-9bf8-efc568d642e2,quarterly_gross_profit,2026-06-30
1605,95948c30-fab2-483b-9bf8-efc568d642e2,quarterly_gross_profit,2026-03-31
1605,95948c30-fab2-483b-9bf8-efc568d642e2,quarterly_gross_profit,2025-12-31
1605,95948c30-fab2-483b-9bf8-efc568d642e2,quarterly_gross_profit,2025-09-30
1605,95948c30-fab2-483b-9bf8-efc568d642e2,quarterly_gross_profit,2025-06-30
1605,95948c30-fab2-483b-9bf8-efc568d642e2,quarterly_gross_profit,2025-03-31
1605,95948c30-fab2-483b-9bf8-efc568d642e2,quarterly_gross_profit,2024-12-31
1605,95948c30-fab2-483b-9bf8-efc568d642e2,quarterly_gross_profit,2024-09-30
1605,95948c30-fab2-483b-9bf8-efc568d642e2,quarterly_operating_income,2026-06-30
1605,95948c30-fab2-483b-9bf8-efc568d642e2,quarterly_operating_income,2026-03-31
1605,95948c30-fab2-483b-9bf8-efc568d642e2,quarterly_operating_income,2025-12-31
1605,95948c30-fab2-483b-9bf8-efc568d642e2,quarterly_operating_income,2025-09-30
1605,95948c30-fab2-483b-9bf8-efc568d642e2,quarterly_operating_income,2025-06-30
1605,95948c30-fab2-483b-9bf8-efc568d642e2,quarterly_operating_income,2025-03-31
1605,95948c30-fab2-483b-9bf8-efc568d642e2,quarterly_operating_income,2024-12-31
1605,95948c30-fab2-483b-9bf8-efc568d642e2,quarterly_operating_income,2024-09-30
1605,95948c30-fab2-483b-9bf8-efc568d642e2,quarterly_net_income_attributable_to_common,2026-06-30
1605,95948c30-fab2-483b-9bf8-efc568d642e2,quarterly_net_income_attributable_to_common,2026-03-31
1605,95948c30-fab2-483b-9bf8-efc568d642e2,quarterly_net_income_attributable_to_common,2025-12-31
1605,95948c30-fab2-483b-9bf8-efc568d642e2,quarterly_net_income_attributable_to_common,2025-09-30
1605,95948c30-fab2-483b-9bf8-efc568d642e2,quarterly_net_income_attributable_to_common,2025-06-30
1605,95948c30-fab2-483b-9bf8-efc568d642e2,quarterly_net_income_attributable_to_common,2025-03-31
1605,95948c30-fab2-483b-9bf8-efc568d642e2,quarterly_net_income_attributable_to_common,2024-12-31
1605,95948c30-fab2-483b-9bf8-efc568d642e2,quarterly_net_income_attributable_to_common,2024-09-30
1605,95948c30-fab2-483b-9bf8-efc568d642e2,quarterly_diluted_eps,2026-06-30
1605,95948c30-fab2-483b-9bf8-efc568d642e2,quarterly_diluted_eps,2026-03-31
1605,95948c30-fab2-483b-9bf8-efc568d642e2,quarterly_diluted_eps,2025-12-31
1605,95948c30-fab2-483b-9bf8-efc568d642e2,quarterly_diluted_eps,2025-09-30
1605,95948c30-fab2-483b-9bf8-efc568d642e2,quarterly_diluted_eps,2025-06-30
1605,95948c30-fab2-483b-9bf8-efc568d642e2,quarterly_diluted_eps,2025-03-31
1605,95948c30-fab2-483b-9bf8-efc568d642e2,quarterly_diluted_eps,2024-12-31
1605,95948c30-fab2-483b-9bf8-efc568d642e2,quarterly_diluted_eps,2024-09-30
1605,95948c30-fab2-483b-9bf8-efc568d642e2,diluted_weighted_average_shares,2026-06-30
1605,95948c30-fab2-483b-9bf8-efc568d642e2,diluted_weighted_average_shares,2026-03-31
1605,95948c30-fab2-483b-9bf8-efc568d642e2,diluted_weighted_average_shares,2025-12-31
1605,95948c30-fab2-483b-9bf8-efc568d642e2,diluted_weighted_average_shares,2025-09-30
1605,95948c30-fab2-483b-9bf8-efc568d642e2,diluted_weighted_average_shares,2025-06-30
1605,95948c30-fab2-483b-9bf8-efc568d642e2,diluted_weighted_average_shares,2025-03-31
1605,95948c30-fab2-483b-9bf8-efc568d642e2,diluted_weighted_average_shares,2024-12-31
1605,95948c30-fab2-483b-9bf8-efc568d642e2,diluted_weighted_average_shares,2024-09-30
1709,d1b63476-a026-45b4-b24c-3fa49f20d00f,quarterly_revenue,2026-06-30
1709,d1b63476-a026-45b4-b24c-3fa49f20d00f,quarterly_revenue,2026-03-31
1709,d1b63476-a026-45b4-b24c-3fa49f20d00f,quarterly_revenue,2025-12-31
1709,d1b63476-a026-45b4-b24c-3fa49f20d00f,quarterly_revenue,2025-09-30
1709,d1b63476-a026-45b4-b24c-3fa49f20d00f,quarterly_revenue,2025-06-30
1709,d1b63476-a026-45b4-b24c-3fa49f20d00f,quarterly_revenue,2025-03-31
1709,d1b63476-a026-45b4-b24c-3fa49f20d00f,quarterly_revenue,2024-12-31
1709,d1b63476-a026-45b4-b24c-3fa49f20d00f,quarterly_revenue,2024-09-30
1709,d1b63476-a026-45b4-b24c-3fa49f20d00f,quarterly_revenue,2024-06-30
1709,d1b63476-a026-45b4-b24c-3fa49f20d00f,quarterly_revenue,2024-03-31
1709,d1b63476-a026-45b4-b24c-3fa49f20d00f,quarterly_revenue,2023-12-31
1709,d1b63476-a026-45b4-b24c-3fa49f20d00f,quarterly_revenue,2023-09-30
1709,d1b63476-a026-45b4-b24c-3fa49f20d00f,quarterly_revenue,2023-06-30
1709,d1b63476-a026-45b4-b24c-3fa49f20d00f,quarterly_revenue,2023-03-31
1709,d1b63476-a026-45b4-b24c-3fa49f20d00f,quarterly_revenue,2022-12-31
1709,d1b63476-a026-45b4-b24c-3fa49f20d00f,quarterly_revenue,2022-09-30
1709,d1b63476-a026-45b4-b24c-3fa49f20d00f,quarterly_revenue,2022-06-30
1709,d1b63476-a026-45b4-b24c-3fa49f20d00f,quarterly_revenue,2022-03-31
1709,d1b63476-a026-45b4-b24c-3fa49f20d00f,quarterly_revenue,2021-12-31
1709,d1b63476-a026-45b4-b24c-3fa49f20d00f,quarterly_revenue,2021-09-30
1709,d1b63476-a026-45b4-b24c-3fa49f20d00f,quarterly_gross_profit,2026-06-30
1709,d1b63476-a026-45b4-b24c-3fa49f20d00f,quarterly_gross_profit,2026-03-31
1709,d1b63476-a026-45b4-b24c-3fa49f20d00f,quarterly_gross_profit,2025-12-31
1709,d1b63476-a026-45b4-b24c-3fa49f20d00f,quarterly_gross_profit,2025-09-30
1709,d1b63476-a026-45b4-b24c-3fa49f20d00f,quarterly_gross_profit,2025-06-30
1709,d1b63476-a026-45b4-b24c-3fa49f20d00f,quarterly_gross_profit,2025-03-31
1709,d1b63476-a026-45b4-b24c-3fa49f20d00f,quarterly_gross_profit,2024-12-31
1709,d1b63476-a026-45b4-b24c-3fa49f20d00f,quarterly_gross_profit,2024-09-30
1709,d1b63476-a026-45b4-b24c-3fa49f20d00f,quarterly_gross_profit,2024-06-30
1709,d1b63476-a026-45b4-b24c-3fa49f20d00f,quarterly_gross_profit,2024-03-31
1709,d1b63476-a026-45b4-b24c-3fa49f20d00f,quarterly_gross_profit,2023-12-31
1709,d1b63476-a026-45b4-b24c-3fa49f20d00f,quarterly_gross_profit,2023-09-30
1709,d1b63476-a026-45b4-b24c-3fa49f20d00f,quarterly_gross_profit,2023-06-30
1709,d1b63476-a026-45b4-b24c-3fa49f20d00f,quarterly_gross_profit,2023-03-31
1709,d1b63476-a026-45b4-b24c-3fa49f20d00f,quarterly_gross_profit,2022-12-31
1709,d1b63476-a026-45b4-b24c-3fa49f20d00f,quarterly_gross_profit,2022-09-30
1709,d1b63476-a026-45b4-b24c-3fa49f20d00f,quarterly_gross_profit,2022-06-30
1709,d1b63476-a026-45b4-b24c-3fa49f20d00f,quarterly_gross_profit,2022-03-31
1709,d1b63476-a026-45b4-b24c-3fa49f20d00f,quarterly_gross_profit,2021-12-31
1709,d1b63476-a026-45b4-b24c-3fa49f20d00f,quarterly_gross_profit,2021-09-30
1709,d1b63476-a026-45b4-b24c-3fa49f20d00f,quarterly_operating_income,2026-06-30
1709,d1b63476-a026-45b4-b24c-3fa49f20d00f,quarterly_operating_income,2026-03-31
1709,d1b63476-a026-45b4-b24c-3fa49f20d00f,quarterly_operating_income,2025-12-31
1709,d1b63476-a026-45b4-b24c-3fa49f20d00f,quarterly_operating_income,2025-09-30
1709,d1b63476-a026-45b4-b24c-3fa49f20d00f,quarterly_operating_income,2025-06-30
1709,d1b63476-a026-45b4-b24c-3fa49f20d00f,quarterly_operating_income,2025-03-31
1709,d1b63476-a026-45b4-b24c-3fa49f20d00f,quarterly_operating_income,2024-12-31
1709,d1b63476-a026-45b4-b24c-3fa49f20d00f,quarterly_operating_income,2024-09-30
1709,d1b63476-a026-45b4-b24c-3fa49f20d00f,quarterly_operating_income,2024-06-30
1709,d1b63476-a026-45b4-b24c-3fa49f20d00f,quarterly_operating_income,2024-03-31
1709,d1b63476-a026-45b4-b24c-3fa49f20d00f,quarterly_operating_income,2023-12-31
1709,d1b63476-a026-45b4-b24c-3fa49f20d00f,quarterly_operating_income,2023-09-30
1709,d1b63476-a026-45b4-b24c-3fa49f20d00f,quarterly_operating_income,2023-06-30
1709,d1b63476-a026-45b4-b24c-3fa49f20d00f,quarterly_operating_income,2023-03-31
1709,d1b63476-a026-45b4-b24c-3fa49f20d00f,quarterly_operating_income,2022-12-31
1709,d1b63476-a026-45b4-b24c-3fa49f20d00f,quarterly_operating_income,2022-09-30
1709,d1b63476-a026-45b4-b24c-3fa49f20d00f,quarterly_operating_income,2022-06-30
1709,d1b63476-a026-45b4-b24c-3fa49f20d00f,quarterly_operating_income,2022-03-31
1709,d1b63476-a026-45b4-b24c-3fa49f20d00f,quarterly_operating_income,2021-12-31
1709,d1b63476-a026-45b4-b24c-3fa49f20d00f,quarterly_operating_income,2021-09-30
1709,d1b63476-a026-45b4-b24c-3fa49f20d00f,quarterly_net_income_attributable_to_common,2026-06-30
1709,d1b63476-a026-45b4-b24c-3fa49f20d00f,quarterly_net_income_attributable_to_common,2026-03-31
1709,d1b63476-a026-45b4-b24c-3fa49f20d00f,quarterly_net_income_attributable_to_common,2025-12-31
1709,d1b63476-a026-45b4-b24c-3fa49f20d00f,quarterly_net_income_attributable_to_common,2025-09-30
1709,d1b63476-a026-45b4-b24c-3fa49f20d00f,quarterly_net_income_attributable_to_common,2025-06-30
1709,d1b63476-a026-45b4-b24c-3fa49f20d00f,quarterly_net_income_attributable_to_common,2025-03-31
1709,d1b63476-a026-45b4-b24c-3fa49f20d00f,quarterly_net_income_attributable_to_common,2024-12-31
1709,d1b63476-a026-45b4-b24c-3fa49f20d00f,quarterly_net_income_attributable_to_common,2024-09-30
1709,d1b63476-a026-45b4-b24c-3fa49f20d00f,quarterly_net_income_attributable_to_common,2024-06-30
1709,d1b63476-a026-45b4-b24c-3fa49f20d00f,quarterly_net_income_attributable_to_common,2024-03-31
1709,d1b63476-a026-45b4-b24c-3fa49f20d00f,quarterly_net_income_attributable_to_common,2023-12-31
1709,d1b63476-a026-45b4-b24c-3fa49f20d00f,quarterly_net_income_attributable_to_common,2023-09-30
1709,d1b63476-a026-45b4-b24c-3fa49f20d00f,quarterly_net_income_attributable_to_common,2023-06-30
1709,d1b63476-a026-45b4-b24c-3fa49f20d00f,quarterly_net_income_attributable_to_common,2023-03-31
1709,d1b63476-a026-45b4-b24c-3fa49f20d00f,quarterly_net_income_attributable_to_common,2022-12-31
1709,d1b63476-a026-45b4-b24c-3fa49f20d00f,quarterly_net_income_attributable_to_common,2022-09-30
1709,d1b63476-a026-45b4-b24c-3fa49f20d00f,quarterly_net_income_attributable_to_common,2022-06-30
1709,d1b63476-a026-45b4-b24c-3fa49f20d00f,quarterly_net_income_attributable_to_common,2022-03-31
1709,d1b63476-a026-45b4-b24c-3fa49f20d00f,quarterly_net_income_attributable_to_common,2021-12-31
1709,d1b63476-a026-45b4-b24c-3fa49f20d00f,quarterly_net_income_attributable_to_common,2021-09-30
1709,d1b63476-a026-45b4-b24c-3fa49f20d00f,quarterly_diluted_eps,2026-06-30
1709,d1b63476-a026-45b4-b24c-3fa49f20d00f,quarterly_diluted_eps,2026-03-31
1709,d1b63476-a026-45b4-b24c-3fa49f20d00f,quarterly_diluted_eps,2025-12-31
1709,d1b63476-a026-45b4-b24c-3fa49f20d00f,quarterly_diluted_eps,2025-09-30
1709,d1b63476-a026-45b4-b24c-3fa49f20d00f,quarterly_diluted_eps,2025-06-30
1709,d1b63476-a026-45b4-b24c-3fa49f20d00f,quarterly_diluted_eps,2025-03-31
1709,d1b63476-a026-45b4-b24c-3fa49f20d00f,quarterly_diluted_eps,2024-12-31
1709,d1b63476-a026-45b4-b24c-3fa49f20d00f,quarterly_diluted_eps,2024-09-30
1709,d1b63476-a026-45b4-b24c-3fa49f20d00f,quarterly_diluted_eps,2024-06-30
1709,d1b63476-a026-45b4-b24c-3fa49f20d00f,quarterly_diluted_eps,2024-03-31
1709,d1b63476-a026-45b4-b24c-3fa49f20d00f,quarterly_diluted_eps,2023-12-31
1709,d1b63476-a026-45b4-b24c-3fa49f20d00f,quarterly_diluted_eps,2023-09-30
1709,d1b63476-a026-45b4-b24c-3fa49f20d00f,quarterly_diluted_eps,2023-06-30
1709,d1b63476-a026-45b4-b24c-3fa49f20d00f,quarterly_diluted_eps,2023-03-31
1709,d1b63476-a026-45b4-b24c-3fa49f20d00f,quarterly_diluted_eps,2022-12-31
1709,d1b63476-a026-45b4-b24c-3fa49f20d00f,quarterly_diluted_eps,2022-09-30
1709,d1b63476-a026-45b4-b24c-3fa49f20d00f,quarterly_diluted_eps,2022-06-30
1709,d1b63476-a026-45b4-b24c-3fa49f20d00f,quarterly_diluted_eps,2022-03-31
1709,d1b63476-a026-45b4-b24c-3fa49f20d00f,quarterly_diluted_eps,2021-12-31
1709,d1b63476-a026-45b4-b24c-3fa49f20d00f,quarterly_diluted_eps,2021-09-30
1709,d1b63476-a026-45b4-b24c-3fa49f20d00f,diluted_weighted_average_shares,2026-06-30
1709,d1b63476-a026-45b4-b24c-3fa49f20d00f,diluted_weighted_average_shares,2026-03-31
1709,d1b63476-a026-45b4-b24c-3fa49f20d00f,diluted_weighted_average_shares,2025-12-31
1709,d1b63476-a026-45b4-b24c-3fa49f20d00f,diluted_weighted_average_shares,2025-09-30
1709,d1b63476-a026-45b4-b24c-3fa49f20d00f,diluted_weighted_average_shares,2025-06-30
1709,d1b63476-a026-45b4-b24c-3fa49f20d00f,diluted_weighted_average_shares,2025-03-31
1709,d1b63476-a026-45b4-b24c-3fa49f20d00f,diluted_weighted_average_shares,2024-12-31
1709,d1b63476-a026-45b4-b24c-3fa49f20d00f,diluted_weighted_average_shares,2024-09-30
1709,d1b63476-a026-45b4-b24c-3fa49f20d00f,diluted_weighted_average_shares,2024-06-30
1709,d1b63476-a026-45b4-b24c-3fa49f20d00f,diluted_weighted_average_shares,2024-03-31
1709,d1b63476-a026-45b4-b24c-3fa49f20d00f,diluted_weighted_average_shares,2023-12-31
1709,d1b63476-a026-45b4-b24c-3fa49f20d00f,diluted_weighted_average_shares,2023-09-30
1709,d1b63476-a026-45b4-b24c-3fa49f20d00f,diluted_weighted_average_shares,2023-06-30
1709,d1b63476-a026-45b4-b24c-3fa49f20d00f,diluted_weighted_average_shares,2023-03-31
1709,d1b63476-a026-45b4-b24c-3fa49f20d00f,diluted_weighted_average_shares,2022-12-31
1709,d1b63476-a026-45b4-b24c-3fa49f20d00f,diluted_weighted_average_shares,2022-09-30
1709,d1b63476-a026-45b4-b24c-3fa49f20d00f,diluted_weighted_average_shares,2022-06-30
1709,d1b63476-a026-45b4-b24c-3fa49f20d00f,diluted_weighted_average_shares,2022-03-31
1709,d1b63476-a026-45b4-b24c-3fa49f20d00f,diluted_weighted_average_shares,2021-12-31
1709,d1b63476-a026-45b4-b24c-3fa49f20d00f,diluted_weighted_average_shares,2021-09-30
1727,6178e6a9-a94a-47bf-9b75-55bea672e15d,quarterly_revenue,2026-06-30
1727,6178e6a9-a94a-47bf-9b75-55bea672e15d,quarterly_revenue,2026-03-31
1727,6178e6a9-a94a-47bf-9b75-55bea672e15d,quarterly_revenue,2025-12-31
1727,6178e6a9-a94a-47bf-9b75-55bea672e15d,quarterly_revenue,2025-09-30
1727,6178e6a9-a94a-47bf-9b75-55bea672e15d,quarterly_revenue,2025-06-30
1727,6178e6a9-a94a-47bf-9b75-55bea672e15d,quarterly_revenue,2025-03-31
1727,6178e6a9-a94a-47bf-9b75-55bea672e15d,quarterly_revenue,2024-12-31
1727,6178e6a9-a94a-47bf-9b75-55bea672e15d,quarterly_revenue,2024-09-30
1727,6178e6a9-a94a-47bf-9b75-55bea672e15d,quarterly_revenue,2024-06-30
1727,6178e6a9-a94a-47bf-9b75-55bea672e15d,quarterly_revenue,2024-03-31
1727,6178e6a9-a94a-47bf-9b75-55bea672e15d,quarterly_revenue,2023-12-31
1727,6178e6a9-a94a-47bf-9b75-55bea672e15d,quarterly_revenue,2023-09-30
1727,6178e6a9-a94a-47bf-9b75-55bea672e15d,quarterly_revenue,2023-06-30
1727,6178e6a9-a94a-47bf-9b75-55bea672e15d,quarterly_revenue,2023-03-31
1727,6178e6a9-a94a-47bf-9b75-55bea672e15d,quarterly_revenue,2022-12-31
1727,6178e6a9-a94a-47bf-9b75-55bea672e15d,quarterly_revenue,2022-09-30
1727,6178e6a9-a94a-47bf-9b75-55bea672e15d,quarterly_revenue,2022-06-30
1727,6178e6a9-a94a-47bf-9b75-55bea672e15d,quarterly_revenue,2022-03-31
1727,6178e6a9-a94a-47bf-9b75-55bea672e15d,quarterly_revenue,2021-12-31
1727,6178e6a9-a94a-47bf-9b75-55bea672e15d,quarterly_revenue,2021-09-30
1727,6178e6a9-a94a-47bf-9b75-55bea672e15d,quarterly_gross_profit,2026-06-30
1727,6178e6a9-a94a-47bf-9b75-55bea672e15d,quarterly_gross_profit,2026-03-31
1727,6178e6a9-a94a-47bf-9b75-55bea672e15d,quarterly_gross_profit,2025-12-31
1727,6178e6a9-a94a-47bf-9b75-55bea672e15d,quarterly_gross_profit,2025-09-30
1727,6178e6a9-a94a-47bf-9b75-55bea672e15d,quarterly_gross_profit,2025-06-30
1727,6178e6a9-a94a-47bf-9b75-55bea672e15d,quarterly_gross_profit,2025-03-31
1727,6178e6a9-a94a-47bf-9b75-55bea672e15d,quarterly_gross_profit,2024-12-31
1727,6178e6a9-a94a-47bf-9b75-55bea672e15d,quarterly_gross_profit,2024-09-30
1727,6178e6a9-a94a-47bf-9b75-55bea672e15d,quarterly_gross_profit,2024-06-30
1727,6178e6a9-a94a-47bf-9b75-55bea672e15d,quarterly_gross_profit,2024-03-31
1727,6178e6a9-a94a-47bf-9b75-55bea672e15d,quarterly_gross_profit,2023-12-31
1727,6178e6a9-a94a-47bf-9b75-55bea672e15d,quarterly_gross_profit,2023-09-30
1727,6178e6a9-a94a-47bf-9b75-55bea672e15d,quarterly_gross_profit,2023-06-30
1727,6178e6a9-a94a-47bf-9b75-55bea672e15d,quarterly_gross_profit,2023-03-31
1727,6178e6a9-a94a-47bf-9b75-55bea672e15d,quarterly_gross_profit,2022-12-31
1727,6178e6a9-a94a-47bf-9b75-55bea672e15d,quarterly_gross_profit,2022-09-30
1727,6178e6a9-a94a-47bf-9b75-55bea672e15d,quarterly_gross_profit,2022-06-30
1727,6178e6a9-a94a-47bf-9b75-55bea672e15d,quarterly_gross_profit,2022-03-31
1727,6178e6a9-a94a-47bf-9b75-55bea672e15d,quarterly_gross_profit,2021-12-31
1727,6178e6a9-a94a-47bf-9b75-55bea672e15d,quarterly_gross_profit,2021-09-30
1727,6178e6a9-a94a-47bf-9b75-55bea672e15d,quarterly_operating_income,2026-06-30
1727,6178e6a9-a94a-47bf-9b75-55bea672e15d,quarterly_operating_income,2026-03-31
1727,6178e6a9-a94a-47bf-9b75-55bea672e15d,quarterly_operating_income,2025-12-31
1727,6178e6a9-a94a-47bf-9b75-55bea672e15d,quarterly_operating_income,2025-09-30
1727,6178e6a9-a94a-47bf-9b75-55bea672e15d,quarterly_operating_income,2025-06-30
1727,6178e6a9-a94a-47bf-9b75-55bea672e15d,quarterly_operating_income,2025-03-31
1727,6178e6a9-a94a-47bf-9b75-55bea672e15d,quarterly_operating_income,2024-12-31
1727,6178e6a9-a94a-47bf-9b75-55bea672e15d,quarterly_operating_income,2024-09-30
1727,6178e6a9-a94a-47bf-9b75-55bea672e15d,quarterly_operating_income,2024-06-30
1727,6178e6a9-a94a-47bf-9b75-55bea672e15d,quarterly_operating_income,2024-03-31
1727,6178e6a9-a94a-47bf-9b75-55bea672e15d,quarterly_operating_income,2023-12-31
1727,6178e6a9-a94a-47bf-9b75-55bea672e15d,quarterly_operating_income,2023-09-30
1727,6178e6a9-a94a-47bf-9b75-55bea672e15d,quarterly_operating_income,2023-06-30
1727,6178e6a9-a94a-47bf-9b75-55bea672e15d,quarterly_operating_income,2023-03-31
1727,6178e6a9-a94a-47bf-9b75-55bea672e15d,quarterly_operating_income,2022-12-31
1727,6178e6a9-a94a-47bf-9b75-55bea672e15d,quarterly_operating_income,2022-09-30
1727,6178e6a9-a94a-47bf-9b75-55bea672e15d,quarterly_operating_income,2022-06-30
1727,6178e6a9-a94a-47bf-9b75-55bea672e15d,quarterly_operating_income,2022-03-31
1727,6178e6a9-a94a-47bf-9b75-55bea672e15d,quarterly_operating_income,2021-12-31
1727,6178e6a9-a94a-47bf-9b75-55bea672e15d,quarterly_operating_income,2021-09-30
1727,6178e6a9-a94a-47bf-9b75-55bea672e15d,quarterly_net_income_attributable_to_common,2026-06-30
1727,6178e6a9-a94a-47bf-9b75-55bea672e15d,quarterly_net_income_attributable_to_common,2026-03-31
1727,6178e6a9-a94a-47bf-9b75-55bea672e15d,quarterly_net_income_attributable_to_common,2025-12-31
1727,6178e6a9-a94a-47bf-9b75-55bea672e15d,quarterly_net_income_attributable_to_common,2025-09-30
1727,6178e6a9-a94a-47bf-9b75-55bea672e15d,quarterly_net_income_attributable_to_common,2025-06-30
1727,6178e6a9-a94a-47bf-9b75-55bea672e15d,quarterly_net_income_attributable_to_common,2025-03-31
1727,6178e6a9-a94a-47bf-9b75-55bea672e15d,quarterly_net_income_attributable_to_common,2024-12-31
1727,6178e6a9-a94a-47bf-9b75-55bea672e15d,quarterly_net_income_attributable_to_common,2024-09-30
1727,6178e6a9-a94a-47bf-9b75-55bea672e15d,quarterly_net_income_attributable_to_common,2024-06-30
1727,6178e6a9-a94a-47bf-9b75-55bea672e15d,quarterly_net_income_attributable_to_common,2024-03-31
1727,6178e6a9-a94a-47bf-9b75-55bea672e15d,quarterly_net_income_attributable_to_common,2023-12-31
1727,6178e6a9-a94a-47bf-9b75-55bea672e15d,quarterly_net_income_attributable_to_common,2023-09-30
1727,6178e6a9-a94a-47bf-9b75-55bea672e15d,quarterly_net_income_attributable_to_common,2023-06-30
1727,6178e6a9-a94a-47bf-9b75-55bea672e15d,quarterly_net_income_attributable_to_common,2023-03-31
1727,6178e6a9-a94a-47bf-9b75-55bea672e15d,quarterly_net_income_attributable_to_common,2022-12-31
1727,6178e6a9-a94a-47bf-9b75-55bea672e15d,quarterly_net_income_attributable_to_common,2022-09-30
1727,6178e6a9-a94a-47bf-9b75-55bea672e15d,quarterly_net_income_attributable_to_common,2022-06-30
1727,6178e6a9-a94a-47bf-9b75-55bea672e15d,quarterly_net_income_attributable_to_common,2022-03-31
1727,6178e6a9-a94a-47bf-9b75-55bea672e15d,quarterly_net_income_attributable_to_common,2021-12-31
1727,6178e6a9-a94a-47bf-9b75-55bea672e15d,quarterly_net_income_attributable_to_common,2021-09-30
1727,6178e6a9-a94a-47bf-9b75-55bea672e15d,quarterly_diluted_eps,2026-06-30
1727,6178e6a9-a94a-47bf-9b75-55bea672e15d,quarterly_diluted_eps,2026-03-31
1727,6178e6a9-a94a-47bf-9b75-55bea672e15d,quarterly_diluted_eps,2025-12-31
1727,6178e6a9-a94a-47bf-9b75-55bea672e15d,quarterly_diluted_eps,2025-09-30
1727,6178e6a9-a94a-47bf-9b75-55bea672e15d,quarterly_diluted_eps,2025-06-30
1727,6178e6a9-a94a-47bf-9b75-55bea672e15d,quarterly_diluted_eps,2025-03-31
1727,6178e6a9-a94a-47bf-9b75-55bea672e15d,quarterly_diluted_eps,2024-12-31
1727,6178e6a9-a94a-47bf-9b75-55bea672e15d,quarterly_diluted_eps,2024-09-30
1727,6178e6a9-a94a-47bf-9b75-55bea672e15d,quarterly_diluted_eps,2024-06-30
1727,6178e6a9-a94a-47bf-9b75-55bea672e15d,quarterly_diluted_eps,2024-03-31
1727,6178e6a9-a94a-47bf-9b75-55bea672e15d,quarterly_diluted_eps,2023-12-31
1727,6178e6a9-a94a-47bf-9b75-55bea672e15d,quarterly_diluted_eps,2023-09-30
1727,6178e6a9-a94a-47bf-9b75-55bea672e15d,quarterly_diluted_eps,2023-06-30
1727,6178e6a9-a94a-47bf-9b75-55bea672e15d,quarterly_diluted_eps,2023-03-31
1727,6178e6a9-a94a-47bf-9b75-55bea672e15d,quarterly_diluted_eps,2022-12-31
1727,6178e6a9-a94a-47bf-9b75-55bea672e15d,quarterly_diluted_eps,2022-09-30
1727,6178e6a9-a94a-47bf-9b75-55bea672e15d,quarterly_diluted_eps,2022-06-30
1727,6178e6a9-a94a-47bf-9b75-55bea672e15d,quarterly_diluted_eps,2022-03-31
1727,6178e6a9-a94a-47bf-9b75-55bea672e15d,quarterly_diluted_eps,2021-12-31
1727,6178e6a9-a94a-47bf-9b75-55bea672e15d,quarterly_diluted_eps,2021-09-30
1727,6178e6a9-a94a-47bf-9b75-55bea672e15d,diluted_weighted_average_shares,2026-06-30
1727,6178e6a9-a94a-47bf-9b75-55bea672e15d,diluted_weighted_average_shares,2026-03-31
1727,6178e6a9-a94a-47bf-9b75-55bea672e15d,diluted_weighted_average_shares,2025-12-31
1727,6178e6a9-a94a-47bf-9b75-55bea672e15d,diluted_weighted_average_shares,2025-09-30
1727,6178e6a9-a94a-47bf-9b75-55bea672e15d,diluted_weighted_average_shares,2025-06-30
1727,6178e6a9-a94a-47bf-9b75-55bea672e15d,diluted_weighted_average_shares,2025-03-31
1727,6178e6a9-a94a-47bf-9b75-55bea672e15d,diluted_weighted_average_shares,2024-12-31
1727,6178e6a9-a94a-47bf-9b75-55bea672e15d,diluted_weighted_average_shares,2024-09-30
1727,6178e6a9-a94a-47bf-9b75-55bea672e15d,diluted_weighted_average_shares,2024-06-30
1727,6178e6a9-a94a-47bf-9b75-55bea672e15d,diluted_weighted_average_shares,2024-03-31
1727,6178e6a9-a94a-47bf-9b75-55bea672e15d,diluted_weighted_average_shares,2023-12-31
1727,6178e6a9-a94a-47bf-9b75-55bea672e15d,diluted_weighted_average_shares,2023-09-30
1727,6178e6a9-a94a-47bf-9b75-55bea672e15d,diluted_weighted_average_shares,2023-06-30
1727,6178e6a9-a94a-47bf-9b75-55bea672e15d,diluted_weighted_average_shares,2023-03-31
1727,6178e6a9-a94a-47bf-9b75-55bea672e15d,diluted_weighted_average_shares,2022-12-31
1727,6178e6a9-a94a-47bf-9b75-55bea672e15d,diluted_weighted_average_shares,2022-09-30
1727,6178e6a9-a94a-47bf-9b75-55bea672e15d,diluted_weighted_average_shares,2022-06-30
1727,6178e6a9-a94a-47bf-9b75-55bea672e15d,diluted_weighted_average_shares,2022-03-31
1727,6178e6a9-a94a-47bf-9b75-55bea672e15d,diluted_weighted_average_shares,2021-12-31
1727,6178e6a9-a94a-47bf-9b75-55bea672e15d,diluted_weighted_average_shares,2021-09-30
1730,082fcd0d-0db8-4db8-8295-a1e366a7a669,quarterly_revenue,2026-06-30
1730,082fcd0d-0db8-4db8-8295-a1e366a7a669,quarterly_revenue,2026-03-31
1730,082fcd0d-0db8-4db8-8295-a1e366a7a669,quarterly_revenue,2025-12-31
1730,082fcd0d-0db8-4db8-8295-a1e366a7a669,quarterly_revenue,2025-09-30
1730,082fcd0d-0db8-4db8-8295-a1e366a7a669,quarterly_revenue,2025-06-30
1730,082fcd0d-0db8-4db8-8295-a1e366a7a669,quarterly_revenue,2025-03-31
1730,082fcd0d-0db8-4db8-8295-a1e366a7a669,quarterly_revenue,2024-12-31
1730,082fcd0d-0db8-4db8-8295-a1e366a7a669,quarterly_revenue,2024-09-30
1730,082fcd0d-0db8-4db8-8295-a1e366a7a669,quarterly_revenue,2024-06-30
1730,082fcd0d-0db8-4db8-8295-a1e366a7a669,quarterly_revenue,2024-03-31
1730,082fcd0d-0db8-4db8-8295-a1e366a7a669,quarterly_revenue,2023-12-31
1730,082fcd0d-0db8-4db8-8295-a1e366a7a669,quarterly_revenue,2023-09-30
1730,082fcd0d-0db8-4db8-8295-a1e366a7a669,quarterly_revenue,2023-06-30
1730,082fcd0d-0db8-4db8-8295-a1e366a7a669,quarterly_revenue,2023-03-31
1730,082fcd0d-0db8-4db8-8295-a1e366a7a669,quarterly_revenue,2022-12-31
1730,082fcd0d-0db8-4db8-8295-a1e366a7a669,quarterly_revenue,2022-09-30
1730,082fcd0d-0db8-4db8-8295-a1e366a7a669,quarterly_revenue,2022-06-30
1730,082fcd0d-0db8-4db8-8295-a1e366a7a669,quarterly_revenue,2022-03-31
1730,082fcd0d-0db8-4db8-8295-a1e366a7a669,quarterly_revenue,2021-12-31
1730,082fcd0d-0db8-4db8-8295-a1e366a7a669,quarterly_revenue,2021-09-30
1730,082fcd0d-0db8-4db8-8295-a1e366a7a669,quarterly_gross_profit,2026-06-30
1730,082fcd0d-0db8-4db8-8295-a1e366a7a669,quarterly_gross_profit,2026-03-31
1730,082fcd0d-0db8-4db8-8295-a1e366a7a669,quarterly_gross_profit,2025-12-31
1730,082fcd0d-0db8-4db8-8295-a1e366a7a669,quarterly_gross_profit,2025-09-30
1730,082fcd0d-0db8-4db8-8295-a1e366a7a669,quarterly_gross_profit,2025-06-30
1730,082fcd0d-0db8-4db8-8295-a1e366a7a669,quarterly_gross_profit,2025-03-31
1730,082fcd0d-0db8-4db8-8295-a1e366a7a669,quarterly_gross_profit,2024-12-31
1730,082fcd0d-0db8-4db8-8295-a1e366a7a669,quarterly_gross_profit,2024-09-30
1730,082fcd0d-0db8-4db8-8295-a1e366a7a669,quarterly_gross_profit,2024-06-30
1730,082fcd0d-0db8-4db8-8295-a1e366a7a669,quarterly_gross_profit,2024-03-31
1730,082fcd0d-0db8-4db8-8295-a1e366a7a669,quarterly_gross_profit,2023-12-31
1730,082fcd0d-0db8-4db8-8295-a1e366a7a669,quarterly_gross_profit,2023-09-30
1730,082fcd0d-0db8-4db8-8295-a1e366a7a669,quarterly_gross_profit,2023-06-30
1730,082fcd0d-0db8-4db8-8295-a1e366a7a669,quarterly_gross_profit,2023-03-31
1730,082fcd0d-0db8-4db8-8295-a1e366a7a669,quarterly_gross_profit,2022-12-31
1730,082fcd0d-0db8-4db8-8295-a1e366a7a669,quarterly_gross_profit,2022-09-30
1730,082fcd0d-0db8-4db8-8295-a1e366a7a669,quarterly_gross_profit,2022-06-30
1730,082fcd0d-0db8-4db8-8295-a1e366a7a669,quarterly_gross_profit,2022-03-31
1730,082fcd0d-0db8-4db8-8295-a1e366a7a669,quarterly_gross_profit,2021-12-31
1730,082fcd0d-0db8-4db8-8295-a1e366a7a669,quarterly_gross_profit,2021-09-30
1730,082fcd0d-0db8-4db8-8295-a1e366a7a669,quarterly_operating_income,2026-06-30
1730,082fcd0d-0db8-4db8-8295-a1e366a7a669,quarterly_operating_income,2026-03-31
1730,082fcd0d-0db8-4db8-8295-a1e366a7a669,quarterly_operating_income,2025-12-31
1730,082fcd0d-0db8-4db8-8295-a1e366a7a669,quarterly_operating_income,2025-09-30
1730,082fcd0d-0db8-4db8-8295-a1e366a7a669,quarterly_operating_income,2025-06-30
1730,082fcd0d-0db8-4db8-8295-a1e366a7a669,quarterly_operating_income,2025-03-31
1730,082fcd0d-0db8-4db8-8295-a1e366a7a669,quarterly_operating_income,2024-12-31
1730,082fcd0d-0db8-4db8-8295-a1e366a7a669,quarterly_operating_income,2024-09-30
1730,082fcd0d-0db8-4db8-8295-a1e366a7a669,quarterly_operating_income,2024-06-30
1730,082fcd0d-0db8-4db8-8295-a1e366a7a669,quarterly_operating_income,2024-03-31
1730,082fcd0d-0db8-4db8-8295-a1e366a7a669,quarterly_operating_income,2023-12-31
1730,082fcd0d-0db8-4db8-8295-a1e366a7a669,quarterly_operating_income,2023-09-30
1730,082fcd0d-0db8-4db8-8295-a1e366a7a669,quarterly_operating_income,2023-06-30
1730,082fcd0d-0db8-4db8-8295-a1e366a7a669,quarterly_operating_income,2023-03-31
1730,082fcd0d-0db8-4db8-8295-a1e366a7a669,quarterly_operating_income,2022-12-31
1730,082fcd0d-0db8-4db8-8295-a1e366a7a669,quarterly_operating_income,2022-09-30
1730,082fcd0d-0db8-4db8-8295-a1e366a7a669,quarterly_operating_income,2022-06-30
1730,082fcd0d-0db8-4db8-8295-a1e366a7a669,quarterly_operating_income,2022-03-31
1730,082fcd0d-0db8-4db8-8295-a1e366a7a669,quarterly_operating_income,2021-12-31
1730,082fcd0d-0db8-4db8-8295-a1e366a7a669,quarterly_operating_income,2021-09-30
1730,082fcd0d-0db8-4db8-8295-a1e366a7a669,quarterly_net_income_attributable_to_common,2026-06-30
1730,082fcd0d-0db8-4db8-8295-a1e366a7a669,quarterly_net_income_attributable_to_common,2026-03-31
1730,082fcd0d-0db8-4db8-8295-a1e366a7a669,quarterly_net_income_attributable_to_common,2025-12-31
1730,082fcd0d-0db8-4db8-8295-a1e366a7a669,quarterly_net_income_attributable_to_common,2025-09-30
1730,082fcd0d-0db8-4db8-8295-a1e366a7a669,quarterly_net_income_attributable_to_common,2025-06-30
1730,082fcd0d-0db8-4db8-8295-a1e366a7a669,quarterly_net_income_attributable_to_common,2025-03-31
1730,082fcd0d-0db8-4db8-8295-a1e366a7a669,quarterly_net_income_attributable_to_common,2024-12-31
1730,082fcd0d-0db8-4db8-8295-a1e366a7a669,quarterly_net_income_attributable_to_common,2024-09-30
1730,082fcd0d-0db8-4db8-8295-a1e366a7a669,quarterly_net_income_attributable_to_common,2024-06-30
1730,082fcd0d-0db8-4db8-8295-a1e366a7a669,quarterly_net_income_attributable_to_common,2024-03-31
1730,082fcd0d-0db8-4db8-8295-a1e366a7a669,quarterly_net_income_attributable_to_common,2023-12-31
1730,082fcd0d-0db8-4db8-8295-a1e366a7a669,quarterly_net_income_attributable_to_common,2023-09-30
1730,082fcd0d-0db8-4db8-8295-a1e366a7a669,quarterly_net_income_attributable_to_common,2023-06-30
1730,082fcd0d-0db8-4db8-8295-a1e366a7a669,quarterly_net_income_attributable_to_common,2023-03-31
1730,082fcd0d-0db8-4db8-8295-a1e366a7a669,quarterly_net_income_attributable_to_common,2022-12-31
1730,082fcd0d-0db8-4db8-8295-a1e366a7a669,quarterly_net_income_attributable_to_common,2022-09-30
1730,082fcd0d-0db8-4db8-8295-a1e366a7a669,quarterly_net_income_attributable_to_common,2022-06-30
1730,082fcd0d-0db8-4db8-8295-a1e366a7a669,quarterly_net_income_attributable_to_common,2022-03-31
1730,082fcd0d-0db8-4db8-8295-a1e366a7a669,quarterly_net_income_attributable_to_common,2021-12-31
1730,082fcd0d-0db8-4db8-8295-a1e366a7a669,quarterly_net_income_attributable_to_common,2021-09-30
1730,082fcd0d-0db8-4db8-8295-a1e366a7a669,quarterly_diluted_eps,2026-06-30
1730,082fcd0d-0db8-4db8-8295-a1e366a7a669,quarterly_diluted_eps,2026-03-31
1730,082fcd0d-0db8-4db8-8295-a1e366a7a669,quarterly_diluted_eps,2025-12-31
1730,082fcd0d-0db8-4db8-8295-a1e366a7a669,quarterly_diluted_eps,2025-09-30
1730,082fcd0d-0db8-4db8-8295-a1e366a7a669,quarterly_diluted_eps,2025-06-30
1730,082fcd0d-0db8-4db8-8295-a1e366a7a669,quarterly_diluted_eps,2025-03-31
1730,082fcd0d-0db8-4db8-8295-a1e366a7a669,quarterly_diluted_eps,2024-12-31
1730,082fcd0d-0db8-4db8-8295-a1e366a7a669,quarterly_diluted_eps,2024-09-30
1730,082fcd0d-0db8-4db8-8295-a1e366a7a669,quarterly_diluted_eps,2024-06-30
1730,082fcd0d-0db8-4db8-8295-a1e366a7a669,quarterly_diluted_eps,2024-03-31
1730,082fcd0d-0db8-4db8-8295-a1e366a7a669,quarterly_diluted_eps,2023-12-31
1730,082fcd0d-0db8-4db8-8295-a1e366a7a669,quarterly_diluted_eps,2023-09-30
1730,082fcd0d-0db8-4db8-8295-a1e366a7a669,quarterly_diluted_eps,2023-06-30
1730,082fcd0d-0db8-4db8-8295-a1e366a7a669,quarterly_diluted_eps,2023-03-31
1730,082fcd0d-0db8-4db8-8295-a1e366a7a669,quarterly_diluted_eps,2022-12-31
1730,082fcd0d-0db8-4db8-8295-a1e366a7a669,quarterly_diluted_eps,2022-09-30
1730,082fcd0d-0db8-4db8-8295-a1e366a7a669,quarterly_diluted_eps,2022-06-30
1730,082fcd0d-0db8-4db8-8295-a1e366a7a669,quarterly_diluted_eps,2022-03-31
1730,082fcd0d-0db8-4db8-8295-a1e366a7a669,quarterly_diluted_eps,2021-12-31
1730,082fcd0d-0db8-4db8-8295-a1e366a7a669,quarterly_diluted_eps,2021-09-30
1730,082fcd0d-0db8-4db8-8295-a1e366a7a669,diluted_weighted_average_shares,2026-06-30
1730,082fcd0d-0db8-4db8-8295-a1e366a7a669,diluted_weighted_average_shares,2026-03-31
1730,082fcd0d-0db8-4db8-8295-a1e366a7a669,diluted_weighted_average_shares,2025-12-31
1730,082fcd0d-0db8-4db8-8295-a1e366a7a669,diluted_weighted_average_shares,2025-09-30
1730,082fcd0d-0db8-4db8-8295-a1e366a7a669,diluted_weighted_average_shares,2025-06-30
1730,082fcd0d-0db8-4db8-8295-a1e366a7a669,diluted_weighted_average_shares,2025-03-31
1730,082fcd0d-0db8-4db8-8295-a1e366a7a669,diluted_weighted_average_shares,2024-12-31
1730,082fcd0d-0db8-4db8-8295-a1e366a7a669,diluted_weighted_average_shares,2024-09-30
1730,082fcd0d-0db8-4db8-8295-a1e366a7a669,diluted_weighted_average_shares,2024-06-30
1730,082fcd0d-0db8-4db8-8295-a1e366a7a669,diluted_weighted_average_shares,2024-03-31
1730,082fcd0d-0db8-4db8-8295-a1e366a7a669,diluted_weighted_average_shares,2023-12-31
1730,082fcd0d-0db8-4db8-8295-a1e366a7a669,diluted_weighted_average_shares,2023-09-30
1730,082fcd0d-0db8-4db8-8295-a1e366a7a669,diluted_weighted_average_shares,2023-06-30
1730,082fcd0d-0db8-4db8-8295-a1e366a7a669,diluted_weighted_average_shares,2023-03-31
1730,082fcd0d-0db8-4db8-8295-a1e366a7a669,diluted_weighted_average_shares,2022-12-31
1730,082fcd0d-0db8-4db8-8295-a1e366a7a669,diluted_weighted_average_shares,2022-09-30
1730,082fcd0d-0db8-4db8-8295-a1e366a7a669,diluted_weighted_average_shares,2022-06-30
1730,082fcd0d-0db8-4db8-8295-a1e366a7a669,diluted_weighted_average_shares,2022-03-31
1730,082fcd0d-0db8-4db8-8295-a1e366a7a669,diluted_weighted_average_shares,2021-12-31
1730,082fcd0d-0db8-4db8-8295-a1e366a7a669,diluted_weighted_average_shares,2021-09-30
1815,4a0d7ae1-bac4-4a8c-8fd3-d5423282b29b,quarterly_revenue,2026-06-30
1815,4a0d7ae1-bac4-4a8c-8fd3-d5423282b29b,quarterly_revenue,2026-03-31
1815,4a0d7ae1-bac4-4a8c-8fd3-d5423282b29b,quarterly_revenue,2025-12-31
1815,4a0d7ae1-bac4-4a8c-8fd3-d5423282b29b,quarterly_revenue,2025-09-30
1815,4a0d7ae1-bac4-4a8c-8fd3-d5423282b29b,quarterly_revenue,2025-06-30
1815,4a0d7ae1-bac4-4a8c-8fd3-d5423282b29b,quarterly_revenue,2025-03-31
1815,4a0d7ae1-bac4-4a8c-8fd3-d5423282b29b,quarterly_revenue,2024-12-31
1815,4a0d7ae1-bac4-4a8c-8fd3-d5423282b29b,quarterly_revenue,2024-09-30
1815,4a0d7ae1-bac4-4a8c-8fd3-d5423282b29b,quarterly_gross_profit,2026-06-30
1815,4a0d7ae1-bac4-4a8c-8fd3-d5423282b29b,quarterly_gross_profit,2026-03-31
1815,4a0d7ae1-bac4-4a8c-8fd3-d5423282b29b,quarterly_gross_profit,2025-12-31
1815,4a0d7ae1-bac4-4a8c-8fd3-d5423282b29b,quarterly_gross_profit,2025-09-30
1815,4a0d7ae1-bac4-4a8c-8fd3-d5423282b29b,quarterly_gross_profit,2025-06-30
1815,4a0d7ae1-bac4-4a8c-8fd3-d5423282b29b,quarterly_gross_profit,2025-03-31
1815,4a0d7ae1-bac4-4a8c-8fd3-d5423282b29b,quarterly_gross_profit,2024-12-31
1815,4a0d7ae1-bac4-4a8c-8fd3-d5423282b29b,quarterly_gross_profit,2024-09-30
1815,4a0d7ae1-bac4-4a8c-8fd3-d5423282b29b,quarterly_operating_income,2026-06-30
1815,4a0d7ae1-bac4-4a8c-8fd3-d5423282b29b,quarterly_operating_income,2026-03-31
1815,4a0d7ae1-bac4-4a8c-8fd3-d5423282b29b,quarterly_operating_income,2025-12-31
1815,4a0d7ae1-bac4-4a8c-8fd3-d5423282b29b,quarterly_operating_income,2025-09-30
1815,4a0d7ae1-bac4-4a8c-8fd3-d5423282b29b,quarterly_operating_income,2025-06-30
1815,4a0d7ae1-bac4-4a8c-8fd3-d5423282b29b,quarterly_operating_income,2025-03-31
1815,4a0d7ae1-bac4-4a8c-8fd3-d5423282b29b,quarterly_operating_income,2024-12-31
1815,4a0d7ae1-bac4-4a8c-8fd3-d5423282b29b,quarterly_operating_income,2024-09-30
1815,4a0d7ae1-bac4-4a8c-8fd3-d5423282b29b,quarterly_net_income_attributable_to_common,2026-06-30
1815,4a0d7ae1-bac4-4a8c-8fd3-d5423282b29b,quarterly_net_income_attributable_to_common,2026-03-31
1815,4a0d7ae1-bac4-4a8c-8fd3-d5423282b29b,quarterly_net_income_attributable_to_common,2025-12-31
1815,4a0d7ae1-bac4-4a8c-8fd3-d5423282b29b,quarterly_net_income_attributable_to_common,2025-09-30
1815,4a0d7ae1-bac4-4a8c-8fd3-d5423282b29b,quarterly_net_income_attributable_to_common,2025-06-30
1815,4a0d7ae1-bac4-4a8c-8fd3-d5423282b29b,quarterly_net_income_attributable_to_common,2025-03-31
1815,4a0d7ae1-bac4-4a8c-8fd3-d5423282b29b,quarterly_net_income_attributable_to_common,2024-12-31
1815,4a0d7ae1-bac4-4a8c-8fd3-d5423282b29b,quarterly_net_income_attributable_to_common,2024-09-30
1815,4a0d7ae1-bac4-4a8c-8fd3-d5423282b29b,quarterly_diluted_eps,2026-06-30
1815,4a0d7ae1-bac4-4a8c-8fd3-d5423282b29b,quarterly_diluted_eps,2026-03-31
1815,4a0d7ae1-bac4-4a8c-8fd3-d5423282b29b,quarterly_diluted_eps,2025-12-31
1815,4a0d7ae1-bac4-4a8c-8fd3-d5423282b29b,quarterly_diluted_eps,2025-09-30
1815,4a0d7ae1-bac4-4a8c-8fd3-d5423282b29b,quarterly_diluted_eps,2025-06-30
1815,4a0d7ae1-bac4-4a8c-8fd3-d5423282b29b,quarterly_diluted_eps,2025-03-31
1815,4a0d7ae1-bac4-4a8c-8fd3-d5423282b29b,quarterly_diluted_eps,2024-12-31
1815,4a0d7ae1-bac4-4a8c-8fd3-d5423282b29b,quarterly_diluted_eps,2024-09-30
1815,4a0d7ae1-bac4-4a8c-8fd3-d5423282b29b,diluted_weighted_average_shares,2026-06-30
1815,4a0d7ae1-bac4-4a8c-8fd3-d5423282b29b,diluted_weighted_average_shares,2026-03-31
1815,4a0d7ae1-bac4-4a8c-8fd3-d5423282b29b,diluted_weighted_average_shares,2025-12-31
1815,4a0d7ae1-bac4-4a8c-8fd3-d5423282b29b,diluted_weighted_average_shares,2025-09-30
1815,4a0d7ae1-bac4-4a8c-8fd3-d5423282b29b,diluted_weighted_average_shares,2025-06-30
1815,4a0d7ae1-bac4-4a8c-8fd3-d5423282b29b,diluted_weighted_average_shares,2025-03-31
1815,4a0d7ae1-bac4-4a8c-8fd3-d5423282b29b,diluted_weighted_average_shares,2024-12-31
1815,4a0d7ae1-bac4-4a8c-8fd3-d5423282b29b,diluted_weighted_average_shares,2024-09-30
2006,ce34ac6c-6c99-415d-9def-08d7a4b3f6b9,quarterly_revenue,2026-06-30
2006,ce34ac6c-6c99-415d-9def-08d7a4b3f6b9,quarterly_revenue,2026-03-31
2006,ce34ac6c-6c99-415d-9def-08d7a4b3f6b9,quarterly_revenue,2025-12-31
2006,ce34ac6c-6c99-415d-9def-08d7a4b3f6b9,quarterly_revenue,2025-09-30
2006,ce34ac6c-6c99-415d-9def-08d7a4b3f6b9,quarterly_revenue,2025-06-30
2006,ce34ac6c-6c99-415d-9def-08d7a4b3f6b9,quarterly_revenue,2025-03-31
2006,ce34ac6c-6c99-415d-9def-08d7a4b3f6b9,quarterly_revenue,2024-12-31
2006,ce34ac6c-6c99-415d-9def-08d7a4b3f6b9,quarterly_revenue,2024-09-30
2006,ce34ac6c-6c99-415d-9def-08d7a4b3f6b9,quarterly_revenue,2024-06-30
2006,ce34ac6c-6c99-415d-9def-08d7a4b3f6b9,quarterly_revenue,2024-03-31
2006,ce34ac6c-6c99-415d-9def-08d7a4b3f6b9,quarterly_revenue,2023-12-31
2006,ce34ac6c-6c99-415d-9def-08d7a4b3f6b9,quarterly_revenue,2023-09-30
2006,ce34ac6c-6c99-415d-9def-08d7a4b3f6b9,quarterly_revenue,2023-06-30
2006,ce34ac6c-6c99-415d-9def-08d7a4b3f6b9,quarterly_revenue,2023-03-31
2006,ce34ac6c-6c99-415d-9def-08d7a4b3f6b9,quarterly_revenue,2022-12-31
2006,ce34ac6c-6c99-415d-9def-08d7a4b3f6b9,quarterly_revenue,2022-09-30
2006,ce34ac6c-6c99-415d-9def-08d7a4b3f6b9,quarterly_revenue,2022-06-30
2006,ce34ac6c-6c99-415d-9def-08d7a4b3f6b9,quarterly_revenue,2022-03-31
2006,ce34ac6c-6c99-415d-9def-08d7a4b3f6b9,quarterly_revenue,2021-12-31
2006,ce34ac6c-6c99-415d-9def-08d7a4b3f6b9,quarterly_revenue,2021-09-30
2006,ce34ac6c-6c99-415d-9def-08d7a4b3f6b9,quarterly_gross_profit,2026-06-30
2006,ce34ac6c-6c99-415d-9def-08d7a4b3f6b9,quarterly_gross_profit,2026-03-31
2006,ce34ac6c-6c99-415d-9def-08d7a4b3f6b9,quarterly_gross_profit,2025-12-31
2006,ce34ac6c-6c99-415d-9def-08d7a4b3f6b9,quarterly_gross_profit,2025-09-30
2006,ce34ac6c-6c99-415d-9def-08d7a4b3f6b9,quarterly_gross_profit,2025-06-30
2006,ce34ac6c-6c99-415d-9def-08d7a4b3f6b9,quarterly_gross_profit,2025-03-31
2006,ce34ac6c-6c99-415d-9def-08d7a4b3f6b9,quarterly_gross_profit,2024-12-31
2006,ce34ac6c-6c99-415d-9def-08d7a4b3f6b9,quarterly_gross_profit,2024-09-30
2006,ce34ac6c-6c99-415d-9def-08d7a4b3f6b9,quarterly_gross_profit,2024-06-30
2006,ce34ac6c-6c99-415d-9def-08d7a4b3f6b9,quarterly_gross_profit,2024-03-31
2006,ce34ac6c-6c99-415d-9def-08d7a4b3f6b9,quarterly_gross_profit,2023-12-31
2006,ce34ac6c-6c99-415d-9def-08d7a4b3f6b9,quarterly_gross_profit,2023-09-30
2006,ce34ac6c-6c99-415d-9def-08d7a4b3f6b9,quarterly_gross_profit,2023-06-30
2006,ce34ac6c-6c99-415d-9def-08d7a4b3f6b9,quarterly_gross_profit,2023-03-31
2006,ce34ac6c-6c99-415d-9def-08d7a4b3f6b9,quarterly_gross_profit,2022-12-31
2006,ce34ac6c-6c99-415d-9def-08d7a4b3f6b9,quarterly_gross_profit,2022-09-30
2006,ce34ac6c-6c99-415d-9def-08d7a4b3f6b9,quarterly_gross_profit,2022-06-30
2006,ce34ac6c-6c99-415d-9def-08d7a4b3f6b9,quarterly_gross_profit,2022-03-31
2006,ce34ac6c-6c99-415d-9def-08d7a4b3f6b9,quarterly_gross_profit,2021-12-31
2006,ce34ac6c-6c99-415d-9def-08d7a4b3f6b9,quarterly_gross_profit,2021-09-30
2006,ce34ac6c-6c99-415d-9def-08d7a4b3f6b9,quarterly_operating_income,2026-06-30
2006,ce34ac6c-6c99-415d-9def-08d7a4b3f6b9,quarterly_operating_income,2026-03-31
2006,ce34ac6c-6c99-415d-9def-08d7a4b3f6b9,quarterly_operating_income,2025-12-31
2006,ce34ac6c-6c99-415d-9def-08d7a4b3f6b9,quarterly_operating_income,2025-09-30
2006,ce34ac6c-6c99-415d-9def-08d7a4b3f6b9,quarterly_operating_income,2025-06-30
2006,ce34ac6c-6c99-415d-9def-08d7a4b3f6b9,quarterly_operating_income,2025-03-31
2006,ce34ac6c-6c99-415d-9def-08d7a4b3f6b9,quarterly_operating_income,2024-12-31
2006,ce34ac6c-6c99-415d-9def-08d7a4b3f6b9,quarterly_operating_income,2024-09-30
2006,ce34ac6c-6c99-415d-9def-08d7a4b3f6b9,quarterly_operating_income,2024-06-30
2006,ce34ac6c-6c99-415d-9def-08d7a4b3f6b9,quarterly_operating_income,2024-03-31
2006,ce34ac6c-6c99-415d-9def-08d7a4b3f6b9,quarterly_operating_income,2023-12-31
2006,ce34ac6c-6c99-415d-9def-08d7a4b3f6b9,quarterly_operating_income,2023-09-30
2006,ce34ac6c-6c99-415d-9def-08d7a4b3f6b9,quarterly_operating_income,2023-06-30
2006,ce34ac6c-6c99-415d-9def-08d7a4b3f6b9,quarterly_operating_income,2023-03-31
2006,ce34ac6c-6c99-415d-9def-08d7a4b3f6b9,quarterly_operating_income,2022-12-31
2006,ce34ac6c-6c99-415d-9def-08d7a4b3f6b9,quarterly_operating_income,2022-09-30
2006,ce34ac6c-6c99-415d-9def-08d7a4b3f6b9,quarterly_operating_income,2022-06-30
2006,ce34ac6c-6c99-415d-9def-08d7a4b3f6b9,quarterly_operating_income,2022-03-31
2006,ce34ac6c-6c99-415d-9def-08d7a4b3f6b9,quarterly_operating_income,2021-12-31
2006,ce34ac6c-6c99-415d-9def-08d7a4b3f6b9,quarterly_operating_income,2021-09-30
2006,ce34ac6c-6c99-415d-9def-08d7a4b3f6b9,quarterly_net_income_attributable_to_common,2026-06-30
2006,ce34ac6c-6c99-415d-9def-08d7a4b3f6b9,quarterly_net_income_attributable_to_common,2026-03-31
2006,ce34ac6c-6c99-415d-9def-08d7a4b3f6b9,quarterly_net_income_attributable_to_common,2025-12-31
2006,ce34ac6c-6c99-415d-9def-08d7a4b3f6b9,quarterly_net_income_attributable_to_common,2025-09-30
2006,ce34ac6c-6c99-415d-9def-08d7a4b3f6b9,quarterly_net_income_attributable_to_common,2025-06-30
2006,ce34ac6c-6c99-415d-9def-08d7a4b3f6b9,quarterly_net_income_attributable_to_common,2025-03-31
2006,ce34ac6c-6c99-415d-9def-08d7a4b3f6b9,quarterly_net_income_attributable_to_common,2024-12-31
2006,ce34ac6c-6c99-415d-9def-08d7a4b3f6b9,quarterly_net_income_attributable_to_common,2024-09-30
2006,ce34ac6c-6c99-415d-9def-08d7a4b3f6b9,quarterly_net_income_attributable_to_common,2024-06-30
2006,ce34ac6c-6c99-415d-9def-08d7a4b3f6b9,quarterly_net_income_attributable_to_common,2024-03-31
2006,ce34ac6c-6c99-415d-9def-08d7a4b3f6b9,quarterly_net_income_attributable_to_common,2023-12-31
2006,ce34ac6c-6c99-415d-9def-08d7a4b3f6b9,quarterly_net_income_attributable_to_common,2023-09-30
2006,ce34ac6c-6c99-415d-9def-08d7a4b3f6b9,quarterly_net_income_attributable_to_common,2023-06-30
2006,ce34ac6c-6c99-415d-9def-08d7a4b3f6b9,quarterly_net_income_attributable_to_common,2023-03-31
2006,ce34ac6c-6c99-415d-9def-08d7a4b3f6b9,quarterly_net_income_attributable_to_common,2022-12-31
2006,ce34ac6c-6c99-415d-9def-08d7a4b3f6b9,quarterly_net_income_attributable_to_common,2022-09-30
2006,ce34ac6c-6c99-415d-9def-08d7a4b3f6b9,quarterly_net_income_attributable_to_common,2022-06-30
2006,ce34ac6c-6c99-415d-9def-08d7a4b3f6b9,quarterly_net_income_attributable_to_common,2022-03-31
2006,ce34ac6c-6c99-415d-9def-08d7a4b3f6b9,quarterly_net_income_attributable_to_common,2021-12-31
2006,ce34ac6c-6c99-415d-9def-08d7a4b3f6b9,quarterly_net_income_attributable_to_common,2021-09-30
2006,ce34ac6c-6c99-415d-9def-08d7a4b3f6b9,quarterly_diluted_eps,2026-06-30
2006,ce34ac6c-6c99-415d-9def-08d7a4b3f6b9,quarterly_diluted_eps,2026-03-31
2006,ce34ac6c-6c99-415d-9def-08d7a4b3f6b9,quarterly_diluted_eps,2025-12-31
2006,ce34ac6c-6c99-415d-9def-08d7a4b3f6b9,quarterly_diluted_eps,2025-09-30
2006,ce34ac6c-6c99-415d-9def-08d7a4b3f6b9,quarterly_diluted_eps,2025-06-30
2006,ce34ac6c-6c99-415d-9def-08d7a4b3f6b9,quarterly_diluted_eps,2025-03-31
2006,ce34ac6c-6c99-415d-9def-08d7a4b3f6b9,quarterly_diluted_eps,2024-12-31
2006,ce34ac6c-6c99-415d-9def-08d7a4b3f6b9,quarterly_diluted_eps,2024-09-30
2006,ce34ac6c-6c99-415d-9def-08d7a4b3f6b9,quarterly_diluted_eps,2024-06-30
2006,ce34ac6c-6c99-415d-9def-08d7a4b3f6b9,quarterly_diluted_eps,2024-03-31
2006,ce34ac6c-6c99-415d-9def-08d7a4b3f6b9,quarterly_diluted_eps,2023-12-31
2006,ce34ac6c-6c99-415d-9def-08d7a4b3f6b9,quarterly_diluted_eps,2023-09-30
2006,ce34ac6c-6c99-415d-9def-08d7a4b3f6b9,quarterly_diluted_eps,2023-06-30
2006,ce34ac6c-6c99-415d-9def-08d7a4b3f6b9,quarterly_diluted_eps,2023-03-31
2006,ce34ac6c-6c99-415d-9def-08d7a4b3f6b9,quarterly_diluted_eps,2022-12-31
2006,ce34ac6c-6c99-415d-9def-08d7a4b3f6b9,quarterly_diluted_eps,2022-09-30
2006,ce34ac6c-6c99-415d-9def-08d7a4b3f6b9,quarterly_diluted_eps,2022-06-30
2006,ce34ac6c-6c99-415d-9def-08d7a4b3f6b9,quarterly_diluted_eps,2022-03-31
2006,ce34ac6c-6c99-415d-9def-08d7a4b3f6b9,quarterly_diluted_eps,2021-12-31
2006,ce34ac6c-6c99-415d-9def-08d7a4b3f6b9,quarterly_diluted_eps,2021-09-30
2006,ce34ac6c-6c99-415d-9def-08d7a4b3f6b9,diluted_weighted_average_shares,2026-06-30
2006,ce34ac6c-6c99-415d-9def-08d7a4b3f6b9,diluted_weighted_average_shares,2026-03-31
2006,ce34ac6c-6c99-415d-9def-08d7a4b3f6b9,diluted_weighted_average_shares,2025-12-31
2006,ce34ac6c-6c99-415d-9def-08d7a4b3f6b9,diluted_weighted_average_shares,2025-09-30
2006,ce34ac6c-6c99-415d-9def-08d7a4b3f6b9,diluted_weighted_average_shares,2025-06-30
2006,ce34ac6c-6c99-415d-9def-08d7a4b3f6b9,diluted_weighted_average_shares,2025-03-31
2006,ce34ac6c-6c99-415d-9def-08d7a4b3f6b9,diluted_weighted_average_shares,2024-12-31
2006,ce34ac6c-6c99-415d-9def-08d7a4b3f6b9,diluted_weighted_average_shares,2024-09-30
2006,ce34ac6c-6c99-415d-9def-08d7a4b3f6b9,diluted_weighted_average_shares,2024-06-30
2006,ce34ac6c-6c99-415d-9def-08d7a4b3f6b9,diluted_weighted_average_shares,2024-03-31
2006,ce34ac6c-6c99-415d-9def-08d7a4b3f6b9,diluted_weighted_average_shares,2023-12-31
2006,ce34ac6c-6c99-415d-9def-08d7a4b3f6b9,diluted_weighted_average_shares,2023-09-30
2006,ce34ac6c-6c99-415d-9def-08d7a4b3f6b9,diluted_weighted_average_shares,2023-06-30
2006,ce34ac6c-6c99-415d-9def-08d7a4b3f6b9,diluted_weighted_average_shares,2023-03-31
2006,ce34ac6c-6c99-415d-9def-08d7a4b3f6b9,diluted_weighted_average_shares,2022-12-31
2006,ce34ac6c-6c99-415d-9def-08d7a4b3f6b9,diluted_weighted_average_shares,2022-09-30
2006,ce34ac6c-6c99-415d-9def-08d7a4b3f6b9,diluted_weighted_average_shares,2022-06-30
2006,ce34ac6c-6c99-415d-9def-08d7a4b3f6b9,diluted_weighted_average_shares,2022-03-31
2006,ce34ac6c-6c99-415d-9def-08d7a4b3f6b9,diluted_weighted_average_shares,2021-12-31
2006,ce34ac6c-6c99-415d-9def-08d7a4b3f6b9,diluted_weighted_average_shares,2021-09-30
2033,7b245ac0-e25d-4512-a3ee-bfa8ad60a4b8,quarterly_revenue,2026-06-30
2033,7b245ac0-e25d-4512-a3ee-bfa8ad60a4b8,quarterly_revenue,2026-03-31
2033,7b245ac0-e25d-4512-a3ee-bfa8ad60a4b8,quarterly_revenue,2025-12-31
2033,7b245ac0-e25d-4512-a3ee-bfa8ad60a4b8,quarterly_revenue,2025-09-30
2033,7b245ac0-e25d-4512-a3ee-bfa8ad60a4b8,quarterly_revenue,2025-06-30
2033,7b245ac0-e25d-4512-a3ee-bfa8ad60a4b8,quarterly_revenue,2025-03-31
2033,7b245ac0-e25d-4512-a3ee-bfa8ad60a4b8,quarterly_revenue,2024-12-31
2033,7b245ac0-e25d-4512-a3ee-bfa8ad60a4b8,quarterly_revenue,2024-09-30
2033,7b245ac0-e25d-4512-a3ee-bfa8ad60a4b8,quarterly_revenue,2024-06-30
2033,7b245ac0-e25d-4512-a3ee-bfa8ad60a4b8,quarterly_revenue,2024-03-31
2033,7b245ac0-e25d-4512-a3ee-bfa8ad60a4b8,quarterly_revenue,2023-12-31
2033,7b245ac0-e25d-4512-a3ee-bfa8ad60a4b8,quarterly_revenue,2023-09-30
2033,7b245ac0-e25d-4512-a3ee-bfa8ad60a4b8,quarterly_revenue,2023-06-30
2033,7b245ac0-e25d-4512-a3ee-bfa8ad60a4b8,quarterly_revenue,2023-03-31
2033,7b245ac0-e25d-4512-a3ee-bfa8ad60a4b8,quarterly_revenue,2022-12-31
2033,7b245ac0-e25d-4512-a3ee-bfa8ad60a4b8,quarterly_revenue,2022-09-30
2033,7b245ac0-e25d-4512-a3ee-bfa8ad60a4b8,quarterly_revenue,2022-06-30
2033,7b245ac0-e25d-4512-a3ee-bfa8ad60a4b8,quarterly_revenue,2022-03-31
2033,7b245ac0-e25d-4512-a3ee-bfa8ad60a4b8,quarterly_revenue,2021-12-31
2033,7b245ac0-e25d-4512-a3ee-bfa8ad60a4b8,quarterly_revenue,2021-09-30
2033,7b245ac0-e25d-4512-a3ee-bfa8ad60a4b8,quarterly_gross_profit,2026-06-30
2033,7b245ac0-e25d-4512-a3ee-bfa8ad60a4b8,quarterly_gross_profit,2026-03-31
2033,7b245ac0-e25d-4512-a3ee-bfa8ad60a4b8,quarterly_gross_profit,2025-12-31
2033,7b245ac0-e25d-4512-a3ee-bfa8ad60a4b8,quarterly_gross_profit,2025-09-30
2033,7b245ac0-e25d-4512-a3ee-bfa8ad60a4b8,quarterly_gross_profit,2025-06-30
2033,7b245ac0-e25d-4512-a3ee-bfa8ad60a4b8,quarterly_gross_profit,2025-03-31
2033,7b245ac0-e25d-4512-a3ee-bfa8ad60a4b8,quarterly_gross_profit,2024-12-31
2033,7b245ac0-e25d-4512-a3ee-bfa8ad60a4b8,quarterly_gross_profit,2024-09-30
2033,7b245ac0-e25d-4512-a3ee-bfa8ad60a4b8,quarterly_gross_profit,2024-06-30
2033,7b245ac0-e25d-4512-a3ee-bfa8ad60a4b8,quarterly_gross_profit,2024-03-31
2033,7b245ac0-e25d-4512-a3ee-bfa8ad60a4b8,quarterly_gross_profit,2023-12-31
2033,7b245ac0-e25d-4512-a3ee-bfa8ad60a4b8,quarterly_gross_profit,2023-09-30
2033,7b245ac0-e25d-4512-a3ee-bfa8ad60a4b8,quarterly_gross_profit,2023-06-30
2033,7b245ac0-e25d-4512-a3ee-bfa8ad60a4b8,quarterly_gross_profit,2023-03-31
2033,7b245ac0-e25d-4512-a3ee-bfa8ad60a4b8,quarterly_gross_profit,2022-12-31
2033,7b245ac0-e25d-4512-a3ee-bfa8ad60a4b8,quarterly_gross_profit,2022-09-30
2033,7b245ac0-e25d-4512-a3ee-bfa8ad60a4b8,quarterly_gross_profit,2022-06-30
2033,7b245ac0-e25d-4512-a3ee-bfa8ad60a4b8,quarterly_gross_profit,2022-03-31
2033,7b245ac0-e25d-4512-a3ee-bfa8ad60a4b8,quarterly_gross_profit,2021-12-31
2033,7b245ac0-e25d-4512-a3ee-bfa8ad60a4b8,quarterly_gross_profit,2021-09-30
2033,7b245ac0-e25d-4512-a3ee-bfa8ad60a4b8,quarterly_operating_income,2026-06-30
2033,7b245ac0-e25d-4512-a3ee-bfa8ad60a4b8,quarterly_operating_income,2026-03-31
2033,7b245ac0-e25d-4512-a3ee-bfa8ad60a4b8,quarterly_operating_income,2025-12-31
2033,7b245ac0-e25d-4512-a3ee-bfa8ad60a4b8,quarterly_operating_income,2025-09-30
2033,7b245ac0-e25d-4512-a3ee-bfa8ad60a4b8,quarterly_operating_income,2025-06-30
2033,7b245ac0-e25d-4512-a3ee-bfa8ad60a4b8,quarterly_operating_income,2025-03-31
2033,7b245ac0-e25d-4512-a3ee-bfa8ad60a4b8,quarterly_operating_income,2024-12-31
2033,7b245ac0-e25d-4512-a3ee-bfa8ad60a4b8,quarterly_operating_income,2024-09-30
2033,7b245ac0-e25d-4512-a3ee-bfa8ad60a4b8,quarterly_operating_income,2024-06-30
2033,7b245ac0-e25d-4512-a3ee-bfa8ad60a4b8,quarterly_operating_income,2024-03-31
2033,7b245ac0-e25d-4512-a3ee-bfa8ad60a4b8,quarterly_operating_income,2023-12-31
2033,7b245ac0-e25d-4512-a3ee-bfa8ad60a4b8,quarterly_operating_income,2023-09-30
2033,7b245ac0-e25d-4512-a3ee-bfa8ad60a4b8,quarterly_operating_income,2023-06-30
2033,7b245ac0-e25d-4512-a3ee-bfa8ad60a4b8,quarterly_operating_income,2023-03-31
2033,7b245ac0-e25d-4512-a3ee-bfa8ad60a4b8,quarterly_operating_income,2022-12-31
2033,7b245ac0-e25d-4512-a3ee-bfa8ad60a4b8,quarterly_operating_income,2022-09-30
2033,7b245ac0-e25d-4512-a3ee-bfa8ad60a4b8,quarterly_operating_income,2022-06-30
2033,7b245ac0-e25d-4512-a3ee-bfa8ad60a4b8,quarterly_operating_income,2022-03-31
2033,7b245ac0-e25d-4512-a3ee-bfa8ad60a4b8,quarterly_operating_income,2021-12-31
2033,7b245ac0-e25d-4512-a3ee-bfa8ad60a4b8,quarterly_operating_income,2021-09-30
2033,7b245ac0-e25d-4512-a3ee-bfa8ad60a4b8,quarterly_net_income_attributable_to_common,2026-06-30
2033,7b245ac0-e25d-4512-a3ee-bfa8ad60a4b8,quarterly_net_income_attributable_to_common,2026-03-31
2033,7b245ac0-e25d-4512-a3ee-bfa8ad60a4b8,quarterly_net_income_attributable_to_common,2025-12-31
2033,7b245ac0-e25d-4512-a3ee-bfa8ad60a4b8,quarterly_net_income_attributable_to_common,2025-09-30
2033,7b245ac0-e25d-4512-a3ee-bfa8ad60a4b8,quarterly_net_income_attributable_to_common,2025-06-30
2033,7b245ac0-e25d-4512-a3ee-bfa8ad60a4b8,quarterly_net_income_attributable_to_common,2025-03-31
2033,7b245ac0-e25d-4512-a3ee-bfa8ad60a4b8,quarterly_net_income_attributable_to_common,2024-12-31
2033,7b245ac0-e25d-4512-a3ee-bfa8ad60a4b8,quarterly_net_income_attributable_to_common,2024-09-30
2033,7b245ac0-e25d-4512-a3ee-bfa8ad60a4b8,quarterly_net_income_attributable_to_common,2024-06-30
2033,7b245ac0-e25d-4512-a3ee-bfa8ad60a4b8,quarterly_net_income_attributable_to_common,2024-03-31
2033,7b245ac0-e25d-4512-a3ee-bfa8ad60a4b8,quarterly_net_income_attributable_to_common,2023-12-31
2033,7b245ac0-e25d-4512-a3ee-bfa8ad60a4b8,quarterly_net_income_attributable_to_common,2023-09-30
2033,7b245ac0-e25d-4512-a3ee-bfa8ad60a4b8,quarterly_net_income_attributable_to_common,2023-06-30
2033,7b245ac0-e25d-4512-a3ee-bfa8ad60a4b8,quarterly_net_income_attributable_to_common,2023-03-31
2033,7b245ac0-e25d-4512-a3ee-bfa8ad60a4b8,quarterly_net_income_attributable_to_common,2022-12-31
2033,7b245ac0-e25d-4512-a3ee-bfa8ad60a4b8,quarterly_net_income_attributable_to_common,2022-09-30
2033,7b245ac0-e25d-4512-a3ee-bfa8ad60a4b8,quarterly_net_income_attributable_to_common,2022-06-30
2033,7b245ac0-e25d-4512-a3ee-bfa8ad60a4b8,quarterly_net_income_attributable_to_common,2022-03-31
2033,7b245ac0-e25d-4512-a3ee-bfa8ad60a4b8,quarterly_net_income_attributable_to_common,2021-12-31
2033,7b245ac0-e25d-4512-a3ee-bfa8ad60a4b8,quarterly_net_income_attributable_to_common,2021-09-30
2033,7b245ac0-e25d-4512-a3ee-bfa8ad60a4b8,quarterly_diluted_eps,2026-06-30
2033,7b245ac0-e25d-4512-a3ee-bfa8ad60a4b8,quarterly_diluted_eps,2026-03-31
2033,7b245ac0-e25d-4512-a3ee-bfa8ad60a4b8,quarterly_diluted_eps,2025-12-31
2033,7b245ac0-e25d-4512-a3ee-bfa8ad60a4b8,quarterly_diluted_eps,2025-09-30
2033,7b245ac0-e25d-4512-a3ee-bfa8ad60a4b8,quarterly_diluted_eps,2025-06-30
2033,7b245ac0-e25d-4512-a3ee-bfa8ad60a4b8,quarterly_diluted_eps,2025-03-31
2033,7b245ac0-e25d-4512-a3ee-bfa8ad60a4b8,quarterly_diluted_eps,2024-12-31
2033,7b245ac0-e25d-4512-a3ee-bfa8ad60a4b8,quarterly_diluted_eps,2024-09-30
2033,7b245ac0-e25d-4512-a3ee-bfa8ad60a4b8,quarterly_diluted_eps,2024-06-30
2033,7b245ac0-e25d-4512-a3ee-bfa8ad60a4b8,quarterly_diluted_eps,2024-03-31
2033,7b245ac0-e25d-4512-a3ee-bfa8ad60a4b8,quarterly_diluted_eps,2023-12-31
2033,7b245ac0-e25d-4512-a3ee-bfa8ad60a4b8,quarterly_diluted_eps,2023-09-30
2033,7b245ac0-e25d-4512-a3ee-bfa8ad60a4b8,quarterly_diluted_eps,2023-06-30
2033,7b245ac0-e25d-4512-a3ee-bfa8ad60a4b8,quarterly_diluted_eps,2023-03-31
2033,7b245ac0-e25d-4512-a3ee-bfa8ad60a4b8,quarterly_diluted_eps,2022-12-31
2033,7b245ac0-e25d-4512-a3ee-bfa8ad60a4b8,quarterly_diluted_eps,2022-09-30
2033,7b245ac0-e25d-4512-a3ee-bfa8ad60a4b8,quarterly_diluted_eps,2022-06-30
2033,7b245ac0-e25d-4512-a3ee-bfa8ad60a4b8,quarterly_diluted_eps,2022-03-31
2033,7b245ac0-e25d-4512-a3ee-bfa8ad60a4b8,quarterly_diluted_eps,2021-12-31
2033,7b245ac0-e25d-4512-a3ee-bfa8ad60a4b8,quarterly_diluted_eps,2021-09-30
2033,7b245ac0-e25d-4512-a3ee-bfa8ad60a4b8,diluted_weighted_average_shares,2026-06-30
2033,7b245ac0-e25d-4512-a3ee-bfa8ad60a4b8,diluted_weighted_average_shares,2026-03-31
2033,7b245ac0-e25d-4512-a3ee-bfa8ad60a4b8,diluted_weighted_average_shares,2025-12-31
2033,7b245ac0-e25d-4512-a3ee-bfa8ad60a4b8,diluted_weighted_average_shares,2025-09-30
2033,7b245ac0-e25d-4512-a3ee-bfa8ad60a4b8,diluted_weighted_average_shares,2025-06-30
2033,7b245ac0-e25d-4512-a3ee-bfa8ad60a4b8,diluted_weighted_average_shares,2025-03-31
2033,7b245ac0-e25d-4512-a3ee-bfa8ad60a4b8,diluted_weighted_average_shares,2024-12-31
2033,7b245ac0-e25d-4512-a3ee-bfa8ad60a4b8,diluted_weighted_average_shares,2024-09-30
2033,7b245ac0-e25d-4512-a3ee-bfa8ad60a4b8,diluted_weighted_average_shares,2024-06-30
2033,7b245ac0-e25d-4512-a3ee-bfa8ad60a4b8,diluted_weighted_average_shares,2024-03-31
2033,7b245ac0-e25d-4512-a3ee-bfa8ad60a4b8,diluted_weighted_average_shares,2023-12-31
2033,7b245ac0-e25d-4512-a3ee-bfa8ad60a4b8,diluted_weighted_average_shares,2023-09-30
2033,7b245ac0-e25d-4512-a3ee-bfa8ad60a4b8,diluted_weighted_average_shares,2023-06-30
2033,7b245ac0-e25d-4512-a3ee-bfa8ad60a4b8,diluted_weighted_average_shares,2023-03-31
2033,7b245ac0-e25d-4512-a3ee-bfa8ad60a4b8,diluted_weighted_average_shares,2022-12-31
2033,7b245ac0-e25d-4512-a3ee-bfa8ad60a4b8,diluted_weighted_average_shares,2022-09-30
2033,7b245ac0-e25d-4512-a3ee-bfa8ad60a4b8,diluted_weighted_average_shares,2022-06-30
2033,7b245ac0-e25d-4512-a3ee-bfa8ad60a4b8,diluted_weighted_average_shares,2022-03-31
2033,7b245ac0-e25d-4512-a3ee-bfa8ad60a4b8,diluted_weighted_average_shares,2021-12-31
2033,7b245ac0-e25d-4512-a3ee-bfa8ad60a4b8,diluted_weighted_average_shares,2021-09-30
2059,6390b307-cc32-4c8b-8180-7c0018842196,quarterly_revenue,2026-06-30
2059,6390b307-cc32-4c8b-8180-7c0018842196,quarterly_revenue,2026-03-31
2059,6390b307-cc32-4c8b-8180-7c0018842196,quarterly_revenue,2025-12-31
2059,6390b307-cc32-4c8b-8180-7c0018842196,quarterly_revenue,2025-09-30
2059,6390b307-cc32-4c8b-8180-7c0018842196,quarterly_revenue,2025-06-30
2059,6390b307-cc32-4c8b-8180-7c0018842196,quarterly_revenue,2025-03-31
2059,6390b307-cc32-4c8b-8180-7c0018842196,quarterly_revenue,2024-12-31
2059,6390b307-cc32-4c8b-8180-7c0018842196,quarterly_revenue,2024-09-30
2059,6390b307-cc32-4c8b-8180-7c0018842196,quarterly_gross_profit,2026-06-30
2059,6390b307-cc32-4c8b-8180-7c0018842196,quarterly_gross_profit,2026-03-31
2059,6390b307-cc32-4c8b-8180-7c0018842196,quarterly_gross_profit,2025-12-31
2059,6390b307-cc32-4c8b-8180-7c0018842196,quarterly_gross_profit,2025-09-30
2059,6390b307-cc32-4c8b-8180-7c0018842196,quarterly_gross_profit,2025-06-30
2059,6390b307-cc32-4c8b-8180-7c0018842196,quarterly_gross_profit,2025-03-31
2059,6390b307-cc32-4c8b-8180-7c0018842196,quarterly_gross_profit,2024-12-31
2059,6390b307-cc32-4c8b-8180-7c0018842196,quarterly_gross_profit,2024-09-30
2059,6390b307-cc32-4c8b-8180-7c0018842196,quarterly_operating_income,2026-06-30
2059,6390b307-cc32-4c8b-8180-7c0018842196,quarterly_operating_income,2026-03-31
2059,6390b307-cc32-4c8b-8180-7c0018842196,quarterly_operating_income,2025-12-31
2059,6390b307-cc32-4c8b-8180-7c0018842196,quarterly_operating_income,2025-09-30
2059,6390b307-cc32-4c8b-8180-7c0018842196,quarterly_operating_income,2025-06-30
2059,6390b307-cc32-4c8b-8180-7c0018842196,quarterly_operating_income,2025-03-31
2059,6390b307-cc32-4c8b-8180-7c0018842196,quarterly_operating_income,2024-12-31
2059,6390b307-cc32-4c8b-8180-7c0018842196,quarterly_operating_income,2024-09-30
2059,6390b307-cc32-4c8b-8180-7c0018842196,quarterly_net_income_attributable_to_common,2026-06-30
2059,6390b307-cc32-4c8b-8180-7c0018842196,quarterly_net_income_attributable_to_common,2026-03-31
2059,6390b307-cc32-4c8b-8180-7c0018842196,quarterly_net_income_attributable_to_common,2025-12-31
2059,6390b307-cc32-4c8b-8180-7c0018842196,quarterly_net_income_attributable_to_common,2025-09-30
2059,6390b307-cc32-4c8b-8180-7c0018842196,quarterly_net_income_attributable_to_common,2025-06-30
2059,6390b307-cc32-4c8b-8180-7c0018842196,quarterly_net_income_attributable_to_common,2025-03-31
2059,6390b307-cc32-4c8b-8180-7c0018842196,quarterly_net_income_attributable_to_common,2024-12-31
2059,6390b307-cc32-4c8b-8180-7c0018842196,quarterly_net_income_attributable_to_common,2024-09-30
2059,6390b307-cc32-4c8b-8180-7c0018842196,quarterly_diluted_eps,2026-06-30
2059,6390b307-cc32-4c8b-8180-7c0018842196,quarterly_diluted_eps,2026-03-31
2059,6390b307-cc32-4c8b-8180-7c0018842196,quarterly_diluted_eps,2025-12-31
2059,6390b307-cc32-4c8b-8180-7c0018842196,quarterly_diluted_eps,2025-09-30
2059,6390b307-cc32-4c8b-8180-7c0018842196,quarterly_diluted_eps,2025-06-30
2059,6390b307-cc32-4c8b-8180-7c0018842196,quarterly_diluted_eps,2025-03-31
2059,6390b307-cc32-4c8b-8180-7c0018842196,quarterly_diluted_eps,2024-12-31
2059,6390b307-cc32-4c8b-8180-7c0018842196,quarterly_diluted_eps,2024-09-30
2059,6390b307-cc32-4c8b-8180-7c0018842196,diluted_weighted_average_shares,2026-06-30
2059,6390b307-cc32-4c8b-8180-7c0018842196,diluted_weighted_average_shares,2026-03-31
2059,6390b307-cc32-4c8b-8180-7c0018842196,diluted_weighted_average_shares,2025-12-31
2059,6390b307-cc32-4c8b-8180-7c0018842196,diluted_weighted_average_shares,2025-09-30
2059,6390b307-cc32-4c8b-8180-7c0018842196,diluted_weighted_average_shares,2025-06-30
2059,6390b307-cc32-4c8b-8180-7c0018842196,diluted_weighted_average_shares,2025-03-31
2059,6390b307-cc32-4c8b-8180-7c0018842196,diluted_weighted_average_shares,2024-12-31
2059,6390b307-cc32-4c8b-8180-7c0018842196,diluted_weighted_average_shares,2024-09-30
2221,37c68fbd-8eef-481c-974f-370825b19862,quarterly_revenue,2026-06-30
2221,37c68fbd-8eef-481c-974f-370825b19862,quarterly_revenue,2026-03-31
2221,37c68fbd-8eef-481c-974f-370825b19862,quarterly_revenue,2025-12-31
2221,37c68fbd-8eef-481c-974f-370825b19862,quarterly_revenue,2025-09-30
2221,37c68fbd-8eef-481c-974f-370825b19862,quarterly_revenue,2025-06-30
2221,37c68fbd-8eef-481c-974f-370825b19862,quarterly_revenue,2025-03-31
2221,37c68fbd-8eef-481c-974f-370825b19862,quarterly_revenue,2024-12-31
2221,37c68fbd-8eef-481c-974f-370825b19862,quarterly_revenue,2024-09-30
2221,37c68fbd-8eef-481c-974f-370825b19862,quarterly_gross_profit,2026-06-30
2221,37c68fbd-8eef-481c-974f-370825b19862,quarterly_gross_profit,2026-03-31
2221,37c68fbd-8eef-481c-974f-370825b19862,quarterly_gross_profit,2025-12-31
2221,37c68fbd-8eef-481c-974f-370825b19862,quarterly_gross_profit,2025-09-30
2221,37c68fbd-8eef-481c-974f-370825b19862,quarterly_gross_profit,2025-06-30
2221,37c68fbd-8eef-481c-974f-370825b19862,quarterly_gross_profit,2025-03-31
2221,37c68fbd-8eef-481c-974f-370825b19862,quarterly_gross_profit,2024-12-31
2221,37c68fbd-8eef-481c-974f-370825b19862,quarterly_gross_profit,2024-09-30
2221,37c68fbd-8eef-481c-974f-370825b19862,quarterly_operating_income,2026-06-30
2221,37c68fbd-8eef-481c-974f-370825b19862,quarterly_operating_income,2026-03-31
2221,37c68fbd-8eef-481c-974f-370825b19862,quarterly_operating_income,2025-12-31
2221,37c68fbd-8eef-481c-974f-370825b19862,quarterly_operating_income,2025-09-30
2221,37c68fbd-8eef-481c-974f-370825b19862,quarterly_operating_income,2025-06-30
2221,37c68fbd-8eef-481c-974f-370825b19862,quarterly_operating_income,2025-03-31
2221,37c68fbd-8eef-481c-974f-370825b19862,quarterly_operating_income,2024-12-31
2221,37c68fbd-8eef-481c-974f-370825b19862,quarterly_operating_income,2024-09-30
2221,37c68fbd-8eef-481c-974f-370825b19862,quarterly_net_income_attributable_to_common,2026-06-30
2221,37c68fbd-8eef-481c-974f-370825b19862,quarterly_net_income_attributable_to_common,2026-03-31
2221,37c68fbd-8eef-481c-974f-370825b19862,quarterly_net_income_attributable_to_common,2025-12-31
2221,37c68fbd-8eef-481c-974f-370825b19862,quarterly_net_income_attributable_to_common,2025-09-30
2221,37c68fbd-8eef-481c-974f-370825b19862,quarterly_net_income_attributable_to_common,2025-06-30
2221,37c68fbd-8eef-481c-974f-370825b19862,quarterly_net_income_attributable_to_common,2025-03-31
2221,37c68fbd-8eef-481c-974f-370825b19862,quarterly_net_income_attributable_to_common,2024-12-31
2221,37c68fbd-8eef-481c-974f-370825b19862,quarterly_net_income_attributable_to_common,2024-09-30
2221,37c68fbd-8eef-481c-974f-370825b19862,quarterly_diluted_eps,2026-06-30
2221,37c68fbd-8eef-481c-974f-370825b19862,quarterly_diluted_eps,2026-03-31
2221,37c68fbd-8eef-481c-974f-370825b19862,quarterly_diluted_eps,2025-12-31
2221,37c68fbd-8eef-481c-974f-370825b19862,quarterly_diluted_eps,2025-09-30
2221,37c68fbd-8eef-481c-974f-370825b19862,quarterly_diluted_eps,2025-06-30
2221,37c68fbd-8eef-481c-974f-370825b19862,quarterly_diluted_eps,2025-03-31
2221,37c68fbd-8eef-481c-974f-370825b19862,quarterly_diluted_eps,2024-12-31
2221,37c68fbd-8eef-481c-974f-370825b19862,quarterly_diluted_eps,2024-09-30
2221,37c68fbd-8eef-481c-974f-370825b19862,diluted_weighted_average_shares,2026-06-30
2221,37c68fbd-8eef-481c-974f-370825b19862,diluted_weighted_average_shares,2026-03-31
2221,37c68fbd-8eef-481c-974f-370825b19862,diluted_weighted_average_shares,2025-12-31
2221,37c68fbd-8eef-481c-974f-370825b19862,diluted_weighted_average_shares,2025-09-30
2221,37c68fbd-8eef-481c-974f-370825b19862,diluted_weighted_average_shares,2025-06-30
2221,37c68fbd-8eef-481c-974f-370825b19862,diluted_weighted_average_shares,2025-03-31
2221,37c68fbd-8eef-481c-974f-370825b19862,diluted_weighted_average_shares,2024-12-31
2221,37c68fbd-8eef-481c-974f-370825b19862,diluted_weighted_average_shares,2024-09-30
2301,2eedb3ab-9e11-4655-ac2c-6cd932b6d71d,quarterly_revenue,2026-06-30
2301,2eedb3ab-9e11-4655-ac2c-6cd932b6d71d,quarterly_revenue,2026-03-31
2301,2eedb3ab-9e11-4655-ac2c-6cd932b6d71d,quarterly_revenue,2025-12-31
2301,2eedb3ab-9e11-4655-ac2c-6cd932b6d71d,quarterly_revenue,2025-09-30
2301,2eedb3ab-9e11-4655-ac2c-6cd932b6d71d,quarterly_revenue,2025-06-30
2301,2eedb3ab-9e11-4655-ac2c-6cd932b6d71d,quarterly_revenue,2025-03-31
2301,2eedb3ab-9e11-4655-ac2c-6cd932b6d71d,quarterly_revenue,2024-12-31
2301,2eedb3ab-9e11-4655-ac2c-6cd932b6d71d,quarterly_revenue,2024-09-30
2301,2eedb3ab-9e11-4655-ac2c-6cd932b6d71d,quarterly_gross_profit,2026-06-30
2301,2eedb3ab-9e11-4655-ac2c-6cd932b6d71d,quarterly_gross_profit,2026-03-31
2301,2eedb3ab-9e11-4655-ac2c-6cd932b6d71d,quarterly_gross_profit,2025-12-31
2301,2eedb3ab-9e11-4655-ac2c-6cd932b6d71d,quarterly_gross_profit,2025-09-30
2301,2eedb3ab-9e11-4655-ac2c-6cd932b6d71d,quarterly_gross_profit,2025-06-30
2301,2eedb3ab-9e11-4655-ac2c-6cd932b6d71d,quarterly_gross_profit,2025-03-31
2301,2eedb3ab-9e11-4655-ac2c-6cd932b6d71d,quarterly_gross_profit,2024-12-31
2301,2eedb3ab-9e11-4655-ac2c-6cd932b6d71d,quarterly_gross_profit,2024-09-30
2301,2eedb3ab-9e11-4655-ac2c-6cd932b6d71d,quarterly_operating_income,2026-06-30
2301,2eedb3ab-9e11-4655-ac2c-6cd932b6d71d,quarterly_operating_income,2026-03-31
2301,2eedb3ab-9e11-4655-ac2c-6cd932b6d71d,quarterly_operating_income,2025-12-31
2301,2eedb3ab-9e11-4655-ac2c-6cd932b6d71d,quarterly_operating_income,2025-09-30
2301,2eedb3ab-9e11-4655-ac2c-6cd932b6d71d,quarterly_operating_income,2025-06-30
2301,2eedb3ab-9e11-4655-ac2c-6cd932b6d71d,quarterly_operating_income,2025-03-31
2301,2eedb3ab-9e11-4655-ac2c-6cd932b6d71d,quarterly_operating_income,2024-12-31
2301,2eedb3ab-9e11-4655-ac2c-6cd932b6d71d,quarterly_operating_income,2024-09-30
2301,2eedb3ab-9e11-4655-ac2c-6cd932b6d71d,quarterly_net_income_attributable_to_common,2026-06-30
2301,2eedb3ab-9e11-4655-ac2c-6cd932b6d71d,quarterly_net_income_attributable_to_common,2026-03-31
2301,2eedb3ab-9e11-4655-ac2c-6cd932b6d71d,quarterly_net_income_attributable_to_common,2025-12-31
2301,2eedb3ab-9e11-4655-ac2c-6cd932b6d71d,quarterly_net_income_attributable_to_common,2025-09-30
2301,2eedb3ab-9e11-4655-ac2c-6cd932b6d71d,quarterly_net_income_attributable_to_common,2025-06-30
2301,2eedb3ab-9e11-4655-ac2c-6cd932b6d71d,quarterly_net_income_attributable_to_common,2025-03-31
2301,2eedb3ab-9e11-4655-ac2c-6cd932b6d71d,quarterly_net_income_attributable_to_common,2024-12-31
2301,2eedb3ab-9e11-4655-ac2c-6cd932b6d71d,quarterly_net_income_attributable_to_common,2024-09-30
2301,2eedb3ab-9e11-4655-ac2c-6cd932b6d71d,quarterly_diluted_eps,2026-06-30
2301,2eedb3ab-9e11-4655-ac2c-6cd932b6d71d,quarterly_diluted_eps,2026-03-31
2301,2eedb3ab-9e11-4655-ac2c-6cd932b6d71d,quarterly_diluted_eps,2025-12-31
2301,2eedb3ab-9e11-4655-ac2c-6cd932b6d71d,quarterly_diluted_eps,2025-09-30
2301,2eedb3ab-9e11-4655-ac2c-6cd932b6d71d,quarterly_diluted_eps,2025-06-30
2301,2eedb3ab-9e11-4655-ac2c-6cd932b6d71d,quarterly_diluted_eps,2025-03-31
2301,2eedb3ab-9e11-4655-ac2c-6cd932b6d71d,quarterly_diluted_eps,2024-12-31
2301,2eedb3ab-9e11-4655-ac2c-6cd932b6d71d,quarterly_diluted_eps,2024-09-30
2301,2eedb3ab-9e11-4655-ac2c-6cd932b6d71d,diluted_weighted_average_shares,2026-06-30
2301,2eedb3ab-9e11-4655-ac2c-6cd932b6d71d,diluted_weighted_average_shares,2026-03-31
2301,2eedb3ab-9e11-4655-ac2c-6cd932b6d71d,diluted_weighted_average_shares,2025-12-31
2301,2eedb3ab-9e11-4655-ac2c-6cd932b6d71d,diluted_weighted_average_shares,2025-09-30
2301,2eedb3ab-9e11-4655-ac2c-6cd932b6d71d,diluted_weighted_average_shares,2025-06-30
2301,2eedb3ab-9e11-4655-ac2c-6cd932b6d71d,diluted_weighted_average_shares,2025-03-31
2301,2eedb3ab-9e11-4655-ac2c-6cd932b6d71d,diluted_weighted_average_shares,2024-12-31
2301,2eedb3ab-9e11-4655-ac2c-6cd932b6d71d,diluted_weighted_average_shares,2024-09-30
2303,09ba53da-cbe9-4cd0-89e3-6dd3840826d2,quarterly_revenue,2026-06-30
2303,09ba53da-cbe9-4cd0-89e3-6dd3840826d2,quarterly_revenue,2026-03-31
2303,09ba53da-cbe9-4cd0-89e3-6dd3840826d2,quarterly_revenue,2025-12-31
2303,09ba53da-cbe9-4cd0-89e3-6dd3840826d2,quarterly_revenue,2025-09-30
2303,09ba53da-cbe9-4cd0-89e3-6dd3840826d2,quarterly_revenue,2025-06-30
2303,09ba53da-cbe9-4cd0-89e3-6dd3840826d2,quarterly_revenue,2025-03-31
2303,09ba53da-cbe9-4cd0-89e3-6dd3840826d2,quarterly_revenue,2024-12-31
2303,09ba53da-cbe9-4cd0-89e3-6dd3840826d2,quarterly_revenue,2024-09-30
2303,09ba53da-cbe9-4cd0-89e3-6dd3840826d2,quarterly_gross_profit,2026-06-30
2303,09ba53da-cbe9-4cd0-89e3-6dd3840826d2,quarterly_gross_profit,2026-03-31
2303,09ba53da-cbe9-4cd0-89e3-6dd3840826d2,quarterly_gross_profit,2025-12-31
2303,09ba53da-cbe9-4cd0-89e3-6dd3840826d2,quarterly_gross_profit,2025-09-30
2303,09ba53da-cbe9-4cd0-89e3-6dd3840826d2,quarterly_gross_profit,2025-06-30
2303,09ba53da-cbe9-4cd0-89e3-6dd3840826d2,quarterly_gross_profit,2025-03-31
2303,09ba53da-cbe9-4cd0-89e3-6dd3840826d2,quarterly_gross_profit,2024-12-31
2303,09ba53da-cbe9-4cd0-89e3-6dd3840826d2,quarterly_gross_profit,2024-09-30
2303,09ba53da-cbe9-4cd0-89e3-6dd3840826d2,quarterly_operating_income,2026-06-30
2303,09ba53da-cbe9-4cd0-89e3-6dd3840826d2,quarterly_operating_income,2026-03-31
2303,09ba53da-cbe9-4cd0-89e3-6dd3840826d2,quarterly_operating_income,2025-12-31
2303,09ba53da-cbe9-4cd0-89e3-6dd3840826d2,quarterly_operating_income,2025-09-30
2303,09ba53da-cbe9-4cd0-89e3-6dd3840826d2,quarterly_operating_income,2025-06-30
2303,09ba53da-cbe9-4cd0-89e3-6dd3840826d2,quarterly_operating_income,2025-03-31
2303,09ba53da-cbe9-4cd0-89e3-6dd3840826d2,quarterly_operating_income,2024-12-31
2303,09ba53da-cbe9-4cd0-89e3-6dd3840826d2,quarterly_operating_income,2024-09-30
2303,09ba53da-cbe9-4cd0-89e3-6dd3840826d2,quarterly_net_income_attributable_to_common,2026-06-30
2303,09ba53da-cbe9-4cd0-89e3-6dd3840826d2,quarterly_net_income_attributable_to_common,2026-03-31
2303,09ba53da-cbe9-4cd0-89e3-6dd3840826d2,quarterly_net_income_attributable_to_common,2025-12-31
2303,09ba53da-cbe9-4cd0-89e3-6dd3840826d2,quarterly_net_income_attributable_to_common,2025-09-30
2303,09ba53da-cbe9-4cd0-89e3-6dd3840826d2,quarterly_net_income_attributable_to_common,2025-06-30
2303,09ba53da-cbe9-4cd0-89e3-6dd3840826d2,quarterly_net_income_attributable_to_common,2025-03-31
2303,09ba53da-cbe9-4cd0-89e3-6dd3840826d2,quarterly_net_income_attributable_to_common,2024-12-31
2303,09ba53da-cbe9-4cd0-89e3-6dd3840826d2,quarterly_net_income_attributable_to_common,2024-09-30
2303,09ba53da-cbe9-4cd0-89e3-6dd3840826d2,quarterly_diluted_eps,2026-06-30
2303,09ba53da-cbe9-4cd0-89e3-6dd3840826d2,quarterly_diluted_eps,2026-03-31
2303,09ba53da-cbe9-4cd0-89e3-6dd3840826d2,quarterly_diluted_eps,2025-12-31
2303,09ba53da-cbe9-4cd0-89e3-6dd3840826d2,quarterly_diluted_eps,2025-09-30
2303,09ba53da-cbe9-4cd0-89e3-6dd3840826d2,quarterly_diluted_eps,2025-06-30
2303,09ba53da-cbe9-4cd0-89e3-6dd3840826d2,quarterly_diluted_eps,2025-03-31
2303,09ba53da-cbe9-4cd0-89e3-6dd3840826d2,quarterly_diluted_eps,2024-12-31
2303,09ba53da-cbe9-4cd0-89e3-6dd3840826d2,quarterly_diluted_eps,2024-09-30
2303,09ba53da-cbe9-4cd0-89e3-6dd3840826d2,diluted_weighted_average_shares,2026-06-30
2303,09ba53da-cbe9-4cd0-89e3-6dd3840826d2,diluted_weighted_average_shares,2026-03-31
2303,09ba53da-cbe9-4cd0-89e3-6dd3840826d2,diluted_weighted_average_shares,2025-12-31
2303,09ba53da-cbe9-4cd0-89e3-6dd3840826d2,diluted_weighted_average_shares,2025-09-30
2303,09ba53da-cbe9-4cd0-89e3-6dd3840826d2,diluted_weighted_average_shares,2025-06-30
2303,09ba53da-cbe9-4cd0-89e3-6dd3840826d2,diluted_weighted_average_shares,2025-03-31
2303,09ba53da-cbe9-4cd0-89e3-6dd3840826d2,diluted_weighted_average_shares,2024-12-31
2303,09ba53da-cbe9-4cd0-89e3-6dd3840826d2,diluted_weighted_average_shares,2024-09-30
2308,6b9f200f-6277-48b1-806b-70cb6a547b6e,quarterly_revenue,2026-06-30
2308,6b9f200f-6277-48b1-806b-70cb6a547b6e,quarterly_revenue,2026-03-31
2308,6b9f200f-6277-48b1-806b-70cb6a547b6e,quarterly_revenue,2025-12-31
2308,6b9f200f-6277-48b1-806b-70cb6a547b6e,quarterly_revenue,2025-09-30
2308,6b9f200f-6277-48b1-806b-70cb6a547b6e,quarterly_revenue,2025-06-30
2308,6b9f200f-6277-48b1-806b-70cb6a547b6e,quarterly_revenue,2025-03-31
2308,6b9f200f-6277-48b1-806b-70cb6a547b6e,quarterly_revenue,2024-12-31
2308,6b9f200f-6277-48b1-806b-70cb6a547b6e,quarterly_revenue,2024-09-30
2308,6b9f200f-6277-48b1-806b-70cb6a547b6e,quarterly_gross_profit,2026-06-30
2308,6b9f200f-6277-48b1-806b-70cb6a547b6e,quarterly_gross_profit,2026-03-31
2308,6b9f200f-6277-48b1-806b-70cb6a547b6e,quarterly_gross_profit,2025-12-31
2308,6b9f200f-6277-48b1-806b-70cb6a547b6e,quarterly_gross_profit,2025-09-30
2308,6b9f200f-6277-48b1-806b-70cb6a547b6e,quarterly_gross_profit,2025-06-30
2308,6b9f200f-6277-48b1-806b-70cb6a547b6e,quarterly_gross_profit,2025-03-31
2308,6b9f200f-6277-48b1-806b-70cb6a547b6e,quarterly_gross_profit,2024-12-31
2308,6b9f200f-6277-48b1-806b-70cb6a547b6e,quarterly_gross_profit,2024-09-30
2308,6b9f200f-6277-48b1-806b-70cb6a547b6e,quarterly_operating_income,2026-06-30
2308,6b9f200f-6277-48b1-806b-70cb6a547b6e,quarterly_operating_income,2026-03-31
2308,6b9f200f-6277-48b1-806b-70cb6a547b6e,quarterly_operating_income,2025-12-31
2308,6b9f200f-6277-48b1-806b-70cb6a547b6e,quarterly_operating_income,2025-09-30
2308,6b9f200f-6277-48b1-806b-70cb6a547b6e,quarterly_operating_income,2025-06-30
2308,6b9f200f-6277-48b1-806b-70cb6a547b6e,quarterly_operating_income,2025-03-31
2308,6b9f200f-6277-48b1-806b-70cb6a547b6e,quarterly_operating_income,2024-12-31
2308,6b9f200f-6277-48b1-806b-70cb6a547b6e,quarterly_operating_income,2024-09-30
2308,6b9f200f-6277-48b1-806b-70cb6a547b6e,quarterly_net_income_attributable_to_common,2026-06-30
2308,6b9f200f-6277-48b1-806b-70cb6a547b6e,quarterly_net_income_attributable_to_common,2026-03-31
2308,6b9f200f-6277-48b1-806b-70cb6a547b6e,quarterly_net_income_attributable_to_common,2025-12-31
2308,6b9f200f-6277-48b1-806b-70cb6a547b6e,quarterly_net_income_attributable_to_common,2025-09-30
2308,6b9f200f-6277-48b1-806b-70cb6a547b6e,quarterly_net_income_attributable_to_common,2025-06-30
2308,6b9f200f-6277-48b1-806b-70cb6a547b6e,quarterly_net_income_attributable_to_common,2025-03-31
2308,6b9f200f-6277-48b1-806b-70cb6a547b6e,quarterly_net_income_attributable_to_common,2024-12-31
2308,6b9f200f-6277-48b1-806b-70cb6a547b6e,quarterly_net_income_attributable_to_common,2024-09-30
2308,6b9f200f-6277-48b1-806b-70cb6a547b6e,quarterly_diluted_eps,2026-06-30
2308,6b9f200f-6277-48b1-806b-70cb6a547b6e,quarterly_diluted_eps,2026-03-31
2308,6b9f200f-6277-48b1-806b-70cb6a547b6e,quarterly_diluted_eps,2025-12-31
2308,6b9f200f-6277-48b1-806b-70cb6a547b6e,quarterly_diluted_eps,2025-09-30
2308,6b9f200f-6277-48b1-806b-70cb6a547b6e,quarterly_diluted_eps,2025-06-30
2308,6b9f200f-6277-48b1-806b-70cb6a547b6e,quarterly_diluted_eps,2025-03-31
2308,6b9f200f-6277-48b1-806b-70cb6a547b6e,quarterly_diluted_eps,2024-12-31
2308,6b9f200f-6277-48b1-806b-70cb6a547b6e,quarterly_diluted_eps,2024-09-30
2308,6b9f200f-6277-48b1-806b-70cb6a547b6e,diluted_weighted_average_shares,2026-06-30
2308,6b9f200f-6277-48b1-806b-70cb6a547b6e,diluted_weighted_average_shares,2026-03-31
2308,6b9f200f-6277-48b1-806b-70cb6a547b6e,diluted_weighted_average_shares,2025-12-31
2308,6b9f200f-6277-48b1-806b-70cb6a547b6e,diluted_weighted_average_shares,2025-09-30
2308,6b9f200f-6277-48b1-806b-70cb6a547b6e,diluted_weighted_average_shares,2025-06-30
2308,6b9f200f-6277-48b1-806b-70cb6a547b6e,diluted_weighted_average_shares,2025-03-31
2308,6b9f200f-6277-48b1-806b-70cb6a547b6e,diluted_weighted_average_shares,2024-12-31
2308,6b9f200f-6277-48b1-806b-70cb6a547b6e,diluted_weighted_average_shares,2024-09-30
2313,c15608f7-7fea-4098-b5ab-9c2e3a6b6218,quarterly_revenue,2026-06-30
2313,c15608f7-7fea-4098-b5ab-9c2e3a6b6218,quarterly_revenue,2026-03-31
2313,c15608f7-7fea-4098-b5ab-9c2e3a6b6218,quarterly_revenue,2025-12-31
2313,c15608f7-7fea-4098-b5ab-9c2e3a6b6218,quarterly_revenue,2025-09-30
2313,c15608f7-7fea-4098-b5ab-9c2e3a6b6218,quarterly_revenue,2025-06-30
2313,c15608f7-7fea-4098-b5ab-9c2e3a6b6218,quarterly_revenue,2025-03-31
2313,c15608f7-7fea-4098-b5ab-9c2e3a6b6218,quarterly_revenue,2024-12-31
2313,c15608f7-7fea-4098-b5ab-9c2e3a6b6218,quarterly_revenue,2024-09-30
2313,c15608f7-7fea-4098-b5ab-9c2e3a6b6218,quarterly_gross_profit,2026-06-30
2313,c15608f7-7fea-4098-b5ab-9c2e3a6b6218,quarterly_gross_profit,2026-03-31
2313,c15608f7-7fea-4098-b5ab-9c2e3a6b6218,quarterly_gross_profit,2025-12-31
2313,c15608f7-7fea-4098-b5ab-9c2e3a6b6218,quarterly_gross_profit,2025-09-30
2313,c15608f7-7fea-4098-b5ab-9c2e3a6b6218,quarterly_gross_profit,2025-06-30
2313,c15608f7-7fea-4098-b5ab-9c2e3a6b6218,quarterly_gross_profit,2025-03-31
2313,c15608f7-7fea-4098-b5ab-9c2e3a6b6218,quarterly_gross_profit,2024-12-31
2313,c15608f7-7fea-4098-b5ab-9c2e3a6b6218,quarterly_gross_profit,2024-09-30
2313,c15608f7-7fea-4098-b5ab-9c2e3a6b6218,quarterly_operating_income,2026-06-30
2313,c15608f7-7fea-4098-b5ab-9c2e3a6b6218,quarterly_operating_income,2026-03-31
2313,c15608f7-7fea-4098-b5ab-9c2e3a6b6218,quarterly_operating_income,2025-12-31
2313,c15608f7-7fea-4098-b5ab-9c2e3a6b6218,quarterly_operating_income,2025-09-30
2313,c15608f7-7fea-4098-b5ab-9c2e3a6b6218,quarterly_operating_income,2025-06-30
2313,c15608f7-7fea-4098-b5ab-9c2e3a6b6218,quarterly_operating_income,2025-03-31
2313,c15608f7-7fea-4098-b5ab-9c2e3a6b6218,quarterly_operating_income,2024-12-31
2313,c15608f7-7fea-4098-b5ab-9c2e3a6b6218,quarterly_operating_income,2024-09-30
2313,c15608f7-7fea-4098-b5ab-9c2e3a6b6218,quarterly_net_income_attributable_to_common,2026-06-30
2313,c15608f7-7fea-4098-b5ab-9c2e3a6b6218,quarterly_net_income_attributable_to_common,2026-03-31
2313,c15608f7-7fea-4098-b5ab-9c2e3a6b6218,quarterly_net_income_attributable_to_common,2025-12-31
2313,c15608f7-7fea-4098-b5ab-9c2e3a6b6218,quarterly_net_income_attributable_to_common,2025-09-30
2313,c15608f7-7fea-4098-b5ab-9c2e3a6b6218,quarterly_net_income_attributable_to_common,2025-06-30
2313,c15608f7-7fea-4098-b5ab-9c2e3a6b6218,quarterly_net_income_attributable_to_common,2025-03-31
2313,c15608f7-7fea-4098-b5ab-9c2e3a6b6218,quarterly_net_income_attributable_to_common,2024-12-31
2313,c15608f7-7fea-4098-b5ab-9c2e3a6b6218,quarterly_net_income_attributable_to_common,2024-09-30
2313,c15608f7-7fea-4098-b5ab-9c2e3a6b6218,quarterly_diluted_eps,2026-06-30
2313,c15608f7-7fea-4098-b5ab-9c2e3a6b6218,quarterly_diluted_eps,2026-03-31
2313,c15608f7-7fea-4098-b5ab-9c2e3a6b6218,quarterly_diluted_eps,2025-12-31
2313,c15608f7-7fea-4098-b5ab-9c2e3a6b6218,quarterly_diluted_eps,2025-09-30
2313,c15608f7-7fea-4098-b5ab-9c2e3a6b6218,quarterly_diluted_eps,2025-06-30
2313,c15608f7-7fea-4098-b5ab-9c2e3a6b6218,quarterly_diluted_eps,2025-03-31
2313,c15608f7-7fea-4098-b5ab-9c2e3a6b6218,quarterly_diluted_eps,2024-12-31
2313,c15608f7-7fea-4098-b5ab-9c2e3a6b6218,quarterly_diluted_eps,2024-09-30
2313,c15608f7-7fea-4098-b5ab-9c2e3a6b6218,diluted_weighted_average_shares,2026-06-30
2313,c15608f7-7fea-4098-b5ab-9c2e3a6b6218,diluted_weighted_average_shares,2026-03-31
2313,c15608f7-7fea-4098-b5ab-9c2e3a6b6218,diluted_weighted_average_shares,2025-12-31
2313,c15608f7-7fea-4098-b5ab-9c2e3a6b6218,diluted_weighted_average_shares,2025-09-30
2313,c15608f7-7fea-4098-b5ab-9c2e3a6b6218,diluted_weighted_average_shares,2025-06-30
2313,c15608f7-7fea-4098-b5ab-9c2e3a6b6218,diluted_weighted_average_shares,2025-03-31
2313,c15608f7-7fea-4098-b5ab-9c2e3a6b6218,diluted_weighted_average_shares,2024-12-31
2313,c15608f7-7fea-4098-b5ab-9c2e3a6b6218,diluted_weighted_average_shares,2024-09-30
2317,59bfbd97-1b0d-4403-ae2e-2b2193d223ce,quarterly_revenue,2026-06-30
2317,59bfbd97-1b0d-4403-ae2e-2b2193d223ce,quarterly_revenue,2026-03-31
2317,59bfbd97-1b0d-4403-ae2e-2b2193d223ce,quarterly_revenue,2025-12-31
2317,59bfbd97-1b0d-4403-ae2e-2b2193d223ce,quarterly_revenue,2025-09-30
2317,59bfbd97-1b0d-4403-ae2e-2b2193d223ce,quarterly_revenue,2025-06-30
2317,59bfbd97-1b0d-4403-ae2e-2b2193d223ce,quarterly_revenue,2025-03-31
2317,59bfbd97-1b0d-4403-ae2e-2b2193d223ce,quarterly_revenue,2024-12-31
2317,59bfbd97-1b0d-4403-ae2e-2b2193d223ce,quarterly_revenue,2024-09-30
2317,59bfbd97-1b0d-4403-ae2e-2b2193d223ce,quarterly_gross_profit,2026-06-30
2317,59bfbd97-1b0d-4403-ae2e-2b2193d223ce,quarterly_gross_profit,2026-03-31
2317,59bfbd97-1b0d-4403-ae2e-2b2193d223ce,quarterly_gross_profit,2025-12-31
2317,59bfbd97-1b0d-4403-ae2e-2b2193d223ce,quarterly_gross_profit,2025-09-30
2317,59bfbd97-1b0d-4403-ae2e-2b2193d223ce,quarterly_gross_profit,2025-06-30
2317,59bfbd97-1b0d-4403-ae2e-2b2193d223ce,quarterly_gross_profit,2025-03-31
2317,59bfbd97-1b0d-4403-ae2e-2b2193d223ce,quarterly_gross_profit,2024-12-31
2317,59bfbd97-1b0d-4403-ae2e-2b2193d223ce,quarterly_gross_profit,2024-09-30
2317,59bfbd97-1b0d-4403-ae2e-2b2193d223ce,quarterly_operating_income,2026-06-30
2317,59bfbd97-1b0d-4403-ae2e-2b2193d223ce,quarterly_operating_income,2026-03-31
2317,59bfbd97-1b0d-4403-ae2e-2b2193d223ce,quarterly_operating_income,2025-12-31
2317,59bfbd97-1b0d-4403-ae2e-2b2193d223ce,quarterly_operating_income,2025-09-30
2317,59bfbd97-1b0d-4403-ae2e-2b2193d223ce,quarterly_operating_income,2025-06-30
2317,59bfbd97-1b0d-4403-ae2e-2b2193d223ce,quarterly_operating_income,2025-03-31
2317,59bfbd97-1b0d-4403-ae2e-2b2193d223ce,quarterly_operating_income,2024-12-31
2317,59bfbd97-1b0d-4403-ae2e-2b2193d223ce,quarterly_operating_income,2024-09-30
2317,59bfbd97-1b0d-4403-ae2e-2b2193d223ce,quarterly_net_income_attributable_to_common,2026-06-30
2317,59bfbd97-1b0d-4403-ae2e-2b2193d223ce,quarterly_net_income_attributable_to_common,2026-03-31
2317,59bfbd97-1b0d-4403-ae2e-2b2193d223ce,quarterly_net_income_attributable_to_common,2025-12-31
2317,59bfbd97-1b0d-4403-ae2e-2b2193d223ce,quarterly_net_income_attributable_to_common,2025-09-30
2317,59bfbd97-1b0d-4403-ae2e-2b2193d223ce,quarterly_net_income_attributable_to_common,2025-06-30
2317,59bfbd97-1b0d-4403-ae2e-2b2193d223ce,quarterly_net_income_attributable_to_common,2025-03-31
2317,59bfbd97-1b0d-4403-ae2e-2b2193d223ce,quarterly_net_income_attributable_to_common,2024-12-31
2317,59bfbd97-1b0d-4403-ae2e-2b2193d223ce,quarterly_net_income_attributable_to_common,2024-09-30
2317,59bfbd97-1b0d-4403-ae2e-2b2193d223ce,quarterly_diluted_eps,2026-06-30
2317,59bfbd97-1b0d-4403-ae2e-2b2193d223ce,quarterly_diluted_eps,2026-03-31
2317,59bfbd97-1b0d-4403-ae2e-2b2193d223ce,quarterly_diluted_eps,2025-12-31
2317,59bfbd97-1b0d-4403-ae2e-2b2193d223ce,quarterly_diluted_eps,2025-09-30
2317,59bfbd97-1b0d-4403-ae2e-2b2193d223ce,quarterly_diluted_eps,2025-06-30
2317,59bfbd97-1b0d-4403-ae2e-2b2193d223ce,quarterly_diluted_eps,2025-03-31
2317,59bfbd97-1b0d-4403-ae2e-2b2193d223ce,quarterly_diluted_eps,2024-12-31
2317,59bfbd97-1b0d-4403-ae2e-2b2193d223ce,quarterly_diluted_eps,2024-09-30
2317,59bfbd97-1b0d-4403-ae2e-2b2193d223ce,diluted_weighted_average_shares,2026-06-30
2317,59bfbd97-1b0d-4403-ae2e-2b2193d223ce,diluted_weighted_average_shares,2026-03-31
2317,59bfbd97-1b0d-4403-ae2e-2b2193d223ce,diluted_weighted_average_shares,2025-12-31
2317,59bfbd97-1b0d-4403-ae2e-2b2193d223ce,diluted_weighted_average_shares,2025-09-30
2317,59bfbd97-1b0d-4403-ae2e-2b2193d223ce,diluted_weighted_average_shares,2025-06-30
2317,59bfbd97-1b0d-4403-ae2e-2b2193d223ce,diluted_weighted_average_shares,2025-03-31
2317,59bfbd97-1b0d-4403-ae2e-2b2193d223ce,diluted_weighted_average_shares,2024-12-31
2317,59bfbd97-1b0d-4403-ae2e-2b2193d223ce,diluted_weighted_average_shares,2024-09-30
2323,a1d9810f-c2cf-4ec2-8fd9-9f55216e7cc2,quarterly_revenue,2026-06-30
2323,a1d9810f-c2cf-4ec2-8fd9-9f55216e7cc2,quarterly_revenue,2026-03-31
2323,a1d9810f-c2cf-4ec2-8fd9-9f55216e7cc2,quarterly_revenue,2025-12-31
2323,a1d9810f-c2cf-4ec2-8fd9-9f55216e7cc2,quarterly_revenue,2025-09-30
2323,a1d9810f-c2cf-4ec2-8fd9-9f55216e7cc2,quarterly_revenue,2025-06-30
2323,a1d9810f-c2cf-4ec2-8fd9-9f55216e7cc2,quarterly_revenue,2025-03-31
2323,a1d9810f-c2cf-4ec2-8fd9-9f55216e7cc2,quarterly_revenue,2024-12-31
2323,a1d9810f-c2cf-4ec2-8fd9-9f55216e7cc2,quarterly_revenue,2024-09-30
2323,a1d9810f-c2cf-4ec2-8fd9-9f55216e7cc2,quarterly_gross_profit,2026-06-30
2323,a1d9810f-c2cf-4ec2-8fd9-9f55216e7cc2,quarterly_gross_profit,2026-03-31
2323,a1d9810f-c2cf-4ec2-8fd9-9f55216e7cc2,quarterly_gross_profit,2025-12-31
2323,a1d9810f-c2cf-4ec2-8fd9-9f55216e7cc2,quarterly_gross_profit,2025-09-30
2323,a1d9810f-c2cf-4ec2-8fd9-9f55216e7cc2,quarterly_gross_profit,2025-06-30
2323,a1d9810f-c2cf-4ec2-8fd9-9f55216e7cc2,quarterly_gross_profit,2025-03-31
2323,a1d9810f-c2cf-4ec2-8fd9-9f55216e7cc2,quarterly_gross_profit,2024-12-31
2323,a1d9810f-c2cf-4ec2-8fd9-9f55216e7cc2,quarterly_gross_profit,2024-09-30
2323,a1d9810f-c2cf-4ec2-8fd9-9f55216e7cc2,quarterly_operating_income,2026-06-30
2323,a1d9810f-c2cf-4ec2-8fd9-9f55216e7cc2,quarterly_operating_income,2026-03-31
2323,a1d9810f-c2cf-4ec2-8fd9-9f55216e7cc2,quarterly_operating_income,2025-12-31
2323,a1d9810f-c2cf-4ec2-8fd9-9f55216e7cc2,quarterly_operating_income,2025-09-30
2323,a1d9810f-c2cf-4ec2-8fd9-9f55216e7cc2,quarterly_operating_income,2025-06-30
2323,a1d9810f-c2cf-4ec2-8fd9-9f55216e7cc2,quarterly_operating_income,2025-03-31
2323,a1d9810f-c2cf-4ec2-8fd9-9f55216e7cc2,quarterly_operating_income,2024-12-31
2323,a1d9810f-c2cf-4ec2-8fd9-9f55216e7cc2,quarterly_operating_income,2024-09-30
2323,a1d9810f-c2cf-4ec2-8fd9-9f55216e7cc2,quarterly_net_income_attributable_to_common,2026-06-30
2323,a1d9810f-c2cf-4ec2-8fd9-9f55216e7cc2,quarterly_net_income_attributable_to_common,2026-03-31
2323,a1d9810f-c2cf-4ec2-8fd9-9f55216e7cc2,quarterly_net_income_attributable_to_common,2025-12-31
2323,a1d9810f-c2cf-4ec2-8fd9-9f55216e7cc2,quarterly_net_income_attributable_to_common,2025-09-30
2323,a1d9810f-c2cf-4ec2-8fd9-9f55216e7cc2,quarterly_net_income_attributable_to_common,2025-06-30
2323,a1d9810f-c2cf-4ec2-8fd9-9f55216e7cc2,quarterly_net_income_attributable_to_common,2025-03-31
2323,a1d9810f-c2cf-4ec2-8fd9-9f55216e7cc2,quarterly_net_income_attributable_to_common,2024-12-31
2323,a1d9810f-c2cf-4ec2-8fd9-9f55216e7cc2,quarterly_net_income_attributable_to_common,2024-09-30
2323,a1d9810f-c2cf-4ec2-8fd9-9f55216e7cc2,quarterly_diluted_eps,2026-06-30
2323,a1d9810f-c2cf-4ec2-8fd9-9f55216e7cc2,quarterly_diluted_eps,2026-03-31
2323,a1d9810f-c2cf-4ec2-8fd9-9f55216e7cc2,quarterly_diluted_eps,2025-12-31
2323,a1d9810f-c2cf-4ec2-8fd9-9f55216e7cc2,quarterly_diluted_eps,2025-09-30
2323,a1d9810f-c2cf-4ec2-8fd9-9f55216e7cc2,quarterly_diluted_eps,2025-06-30
2323,a1d9810f-c2cf-4ec2-8fd9-9f55216e7cc2,quarterly_diluted_eps,2025-03-31
2323,a1d9810f-c2cf-4ec2-8fd9-9f55216e7cc2,quarterly_diluted_eps,2024-12-31
2323,a1d9810f-c2cf-4ec2-8fd9-9f55216e7cc2,quarterly_diluted_eps,2024-09-30
2323,a1d9810f-c2cf-4ec2-8fd9-9f55216e7cc2,diluted_weighted_average_shares,2026-06-30
2323,a1d9810f-c2cf-4ec2-8fd9-9f55216e7cc2,diluted_weighted_average_shares,2026-03-31
2323,a1d9810f-c2cf-4ec2-8fd9-9f55216e7cc2,diluted_weighted_average_shares,2025-12-31
2323,a1d9810f-c2cf-4ec2-8fd9-9f55216e7cc2,diluted_weighted_average_shares,2025-09-30
2323,a1d9810f-c2cf-4ec2-8fd9-9f55216e7cc2,diluted_weighted_average_shares,2025-06-30
2323,a1d9810f-c2cf-4ec2-8fd9-9f55216e7cc2,diluted_weighted_average_shares,2025-03-31
2323,a1d9810f-c2cf-4ec2-8fd9-9f55216e7cc2,diluted_weighted_average_shares,2024-12-31
2323,a1d9810f-c2cf-4ec2-8fd9-9f55216e7cc2,diluted_weighted_average_shares,2024-09-30
2324,6e4596fb-f09b-4ed3-8f8c-40ebe67bc18a,quarterly_revenue,2026-06-30
2324,6e4596fb-f09b-4ed3-8f8c-40ebe67bc18a,quarterly_revenue,2026-03-31
2324,6e4596fb-f09b-4ed3-8f8c-40ebe67bc18a,quarterly_revenue,2025-12-31
2324,6e4596fb-f09b-4ed3-8f8c-40ebe67bc18a,quarterly_revenue,2025-09-30
2324,6e4596fb-f09b-4ed3-8f8c-40ebe67bc18a,quarterly_revenue,2025-06-30
2324,6e4596fb-f09b-4ed3-8f8c-40ebe67bc18a,quarterly_revenue,2025-03-31
2324,6e4596fb-f09b-4ed3-8f8c-40ebe67bc18a,quarterly_revenue,2024-12-31
2324,6e4596fb-f09b-4ed3-8f8c-40ebe67bc18a,quarterly_revenue,2024-09-30
2324,6e4596fb-f09b-4ed3-8f8c-40ebe67bc18a,quarterly_gross_profit,2026-06-30
2324,6e4596fb-f09b-4ed3-8f8c-40ebe67bc18a,quarterly_gross_profit,2026-03-31
2324,6e4596fb-f09b-4ed3-8f8c-40ebe67bc18a,quarterly_gross_profit,2025-12-31
2324,6e4596fb-f09b-4ed3-8f8c-40ebe67bc18a,quarterly_gross_profit,2025-09-30
2324,6e4596fb-f09b-4ed3-8f8c-40ebe67bc18a,quarterly_gross_profit,2025-06-30
2324,6e4596fb-f09b-4ed3-8f8c-40ebe67bc18a,quarterly_gross_profit,2025-03-31
2324,6e4596fb-f09b-4ed3-8f8c-40ebe67bc18a,quarterly_gross_profit,2024-12-31
2324,6e4596fb-f09b-4ed3-8f8c-40ebe67bc18a,quarterly_gross_profit,2024-09-30
2324,6e4596fb-f09b-4ed3-8f8c-40ebe67bc18a,quarterly_operating_income,2026-06-30
2324,6e4596fb-f09b-4ed3-8f8c-40ebe67bc18a,quarterly_operating_income,2026-03-31
2324,6e4596fb-f09b-4ed3-8f8c-40ebe67bc18a,quarterly_operating_income,2025-12-31
2324,6e4596fb-f09b-4ed3-8f8c-40ebe67bc18a,quarterly_operating_income,2025-09-30
2324,6e4596fb-f09b-4ed3-8f8c-40ebe67bc18a,quarterly_operating_income,2025-06-30
2324,6e4596fb-f09b-4ed3-8f8c-40ebe67bc18a,quarterly_operating_income,2025-03-31
2324,6e4596fb-f09b-4ed3-8f8c-40ebe67bc18a,quarterly_operating_income,2024-12-31
2324,6e4596fb-f09b-4ed3-8f8c-40ebe67bc18a,quarterly_operating_income,2024-09-30
2324,6e4596fb-f09b-4ed3-8f8c-40ebe67bc18a,quarterly_net_income_attributable_to_common,2026-06-30
2324,6e4596fb-f09b-4ed3-8f8c-40ebe67bc18a,quarterly_net_income_attributable_to_common,2026-03-31
2324,6e4596fb-f09b-4ed3-8f8c-40ebe67bc18a,quarterly_net_income_attributable_to_common,2025-12-31
2324,6e4596fb-f09b-4ed3-8f8c-40ebe67bc18a,quarterly_net_income_attributable_to_common,2025-09-30
2324,6e4596fb-f09b-4ed3-8f8c-40ebe67bc18a,quarterly_net_income_attributable_to_common,2025-06-30
2324,6e4596fb-f09b-4ed3-8f8c-40ebe67bc18a,quarterly_net_income_attributable_to_common,2025-03-31
2324,6e4596fb-f09b-4ed3-8f8c-40ebe67bc18a,quarterly_net_income_attributable_to_common,2024-12-31
2324,6e4596fb-f09b-4ed3-8f8c-40ebe67bc18a,quarterly_net_income_attributable_to_common,2024-09-30
2324,6e4596fb-f09b-4ed3-8f8c-40ebe67bc18a,quarterly_diluted_eps,2026-06-30
2324,6e4596fb-f09b-4ed3-8f8c-40ebe67bc18a,quarterly_diluted_eps,2026-03-31
2324,6e4596fb-f09b-4ed3-8f8c-40ebe67bc18a,quarterly_diluted_eps,2025-12-31
2324,6e4596fb-f09b-4ed3-8f8c-40ebe67bc18a,quarterly_diluted_eps,2025-09-30
2324,6e4596fb-f09b-4ed3-8f8c-40ebe67bc18a,quarterly_diluted_eps,2025-06-30
2324,6e4596fb-f09b-4ed3-8f8c-40ebe67bc18a,quarterly_diluted_eps,2025-03-31
2324,6e4596fb-f09b-4ed3-8f8c-40ebe67bc18a,quarterly_diluted_eps,2024-12-31
2324,6e4596fb-f09b-4ed3-8f8c-40ebe67bc18a,quarterly_diluted_eps,2024-09-30
2324,6e4596fb-f09b-4ed3-8f8c-40ebe67bc18a,diluted_weighted_average_shares,2026-06-30
2324,6e4596fb-f09b-4ed3-8f8c-40ebe67bc18a,diluted_weighted_average_shares,2026-03-31
2324,6e4596fb-f09b-4ed3-8f8c-40ebe67bc18a,diluted_weighted_average_shares,2025-12-31
2324,6e4596fb-f09b-4ed3-8f8c-40ebe67bc18a,diluted_weighted_average_shares,2025-09-30
2324,6e4596fb-f09b-4ed3-8f8c-40ebe67bc18a,diluted_weighted_average_shares,2025-06-30
2324,6e4596fb-f09b-4ed3-8f8c-40ebe67bc18a,diluted_weighted_average_shares,2025-03-31
2324,6e4596fb-f09b-4ed3-8f8c-40ebe67bc18a,diluted_weighted_average_shares,2024-12-31
2324,6e4596fb-f09b-4ed3-8f8c-40ebe67bc18a,diluted_weighted_average_shares,2024-09-30
2327,2aa5960e-0a48-4e00-98bb-be7ad4f4f615,quarterly_revenue,2026-06-30
2327,2aa5960e-0a48-4e00-98bb-be7ad4f4f615,quarterly_revenue,2026-03-31
2327,2aa5960e-0a48-4e00-98bb-be7ad4f4f615,quarterly_revenue,2025-12-31
2327,2aa5960e-0a48-4e00-98bb-be7ad4f4f615,quarterly_revenue,2025-09-30
2327,2aa5960e-0a48-4e00-98bb-be7ad4f4f615,quarterly_revenue,2025-06-30
2327,2aa5960e-0a48-4e00-98bb-be7ad4f4f615,quarterly_revenue,2025-03-31
2327,2aa5960e-0a48-4e00-98bb-be7ad4f4f615,quarterly_revenue,2024-12-31
2327,2aa5960e-0a48-4e00-98bb-be7ad4f4f615,quarterly_revenue,2024-09-30
2327,2aa5960e-0a48-4e00-98bb-be7ad4f4f615,quarterly_gross_profit,2026-06-30
2327,2aa5960e-0a48-4e00-98bb-be7ad4f4f615,quarterly_gross_profit,2026-03-31
2327,2aa5960e-0a48-4e00-98bb-be7ad4f4f615,quarterly_gross_profit,2025-12-31
2327,2aa5960e-0a48-4e00-98bb-be7ad4f4f615,quarterly_gross_profit,2025-09-30
2327,2aa5960e-0a48-4e00-98bb-be7ad4f4f615,quarterly_gross_profit,2025-06-30
2327,2aa5960e-0a48-4e00-98bb-be7ad4f4f615,quarterly_gross_profit,2025-03-31
2327,2aa5960e-0a48-4e00-98bb-be7ad4f4f615,quarterly_gross_profit,2024-12-31
2327,2aa5960e-0a48-4e00-98bb-be7ad4f4f615,quarterly_gross_profit,2024-09-30
2327,2aa5960e-0a48-4e00-98bb-be7ad4f4f615,quarterly_operating_income,2026-06-30
2327,2aa5960e-0a48-4e00-98bb-be7ad4f4f615,quarterly_operating_income,2026-03-31
2327,2aa5960e-0a48-4e00-98bb-be7ad4f4f615,quarterly_operating_income,2025-12-31
2327,2aa5960e-0a48-4e00-98bb-be7ad4f4f615,quarterly_operating_income,2025-09-30
2327,2aa5960e-0a48-4e00-98bb-be7ad4f4f615,quarterly_operating_income,2025-06-30
2327,2aa5960e-0a48-4e00-98bb-be7ad4f4f615,quarterly_operating_income,2025-03-31
2327,2aa5960e-0a48-4e00-98bb-be7ad4f4f615,quarterly_operating_income,2024-12-31
2327,2aa5960e-0a48-4e00-98bb-be7ad4f4f615,quarterly_operating_income,2024-09-30
2327,2aa5960e-0a48-4e00-98bb-be7ad4f4f615,quarterly_net_income_attributable_to_common,2026-06-30
2327,2aa5960e-0a48-4e00-98bb-be7ad4f4f615,quarterly_net_income_attributable_to_common,2026-03-31
2327,2aa5960e-0a48-4e00-98bb-be7ad4f4f615,quarterly_net_income_attributable_to_common,2025-12-31
2327,2aa5960e-0a48-4e00-98bb-be7ad4f4f615,quarterly_net_income_attributable_to_common,2025-09-30
2327,2aa5960e-0a48-4e00-98bb-be7ad4f4f615,quarterly_net_income_attributable_to_common,2025-06-30
2327,2aa5960e-0a48-4e00-98bb-be7ad4f4f615,quarterly_net_income_attributable_to_common,2025-03-31
2327,2aa5960e-0a48-4e00-98bb-be7ad4f4f615,quarterly_net_income_attributable_to_common,2024-12-31
2327,2aa5960e-0a48-4e00-98bb-be7ad4f4f615,quarterly_net_income_attributable_to_common,2024-09-30
2327,2aa5960e-0a48-4e00-98bb-be7ad4f4f615,quarterly_diluted_eps,2026-06-30
2327,2aa5960e-0a48-4e00-98bb-be7ad4f4f615,quarterly_diluted_eps,2026-03-31
2327,2aa5960e-0a48-4e00-98bb-be7ad4f4f615,quarterly_diluted_eps,2025-12-31
2327,2aa5960e-0a48-4e00-98bb-be7ad4f4f615,quarterly_diluted_eps,2025-09-30
2327,2aa5960e-0a48-4e00-98bb-be7ad4f4f615,quarterly_diluted_eps,2025-06-30
2327,2aa5960e-0a48-4e00-98bb-be7ad4f4f615,quarterly_diluted_eps,2025-03-31
2327,2aa5960e-0a48-4e00-98bb-be7ad4f4f615,quarterly_diluted_eps,2024-12-31
2327,2aa5960e-0a48-4e00-98bb-be7ad4f4f615,quarterly_diluted_eps,2024-09-30
2327,2aa5960e-0a48-4e00-98bb-be7ad4f4f615,diluted_weighted_average_shares,2026-06-30
2327,2aa5960e-0a48-4e00-98bb-be7ad4f4f615,diluted_weighted_average_shares,2026-03-31
2327,2aa5960e-0a48-4e00-98bb-be7ad4f4f615,diluted_weighted_average_shares,2025-12-31
2327,2aa5960e-0a48-4e00-98bb-be7ad4f4f615,diluted_weighted_average_shares,2025-09-30
2327,2aa5960e-0a48-4e00-98bb-be7ad4f4f615,diluted_weighted_average_shares,2025-06-30
2327,2aa5960e-0a48-4e00-98bb-be7ad4f4f615,diluted_weighted_average_shares,2025-03-31
2327,2aa5960e-0a48-4e00-98bb-be7ad4f4f615,diluted_weighted_average_shares,2024-12-31
2327,2aa5960e-0a48-4e00-98bb-be7ad4f4f615,diluted_weighted_average_shares,2024-09-30
2329,22371c43-ebf8-4c6f-98f9-07e7f557752f,quarterly_revenue,2026-06-30
2329,22371c43-ebf8-4c6f-98f9-07e7f557752f,quarterly_revenue,2026-03-31
2329,22371c43-ebf8-4c6f-98f9-07e7f557752f,quarterly_revenue,2025-12-31
2329,22371c43-ebf8-4c6f-98f9-07e7f557752f,quarterly_revenue,2025-09-30
2329,22371c43-ebf8-4c6f-98f9-07e7f557752f,quarterly_revenue,2025-06-30
2329,22371c43-ebf8-4c6f-98f9-07e7f557752f,quarterly_revenue,2025-03-31
2329,22371c43-ebf8-4c6f-98f9-07e7f557752f,quarterly_revenue,2024-12-31
2329,22371c43-ebf8-4c6f-98f9-07e7f557752f,quarterly_revenue,2024-09-30
2329,22371c43-ebf8-4c6f-98f9-07e7f557752f,quarterly_gross_profit,2026-06-30
2329,22371c43-ebf8-4c6f-98f9-07e7f557752f,quarterly_gross_profit,2026-03-31
2329,22371c43-ebf8-4c6f-98f9-07e7f557752f,quarterly_gross_profit,2025-12-31
2329,22371c43-ebf8-4c6f-98f9-07e7f557752f,quarterly_gross_profit,2025-09-30
2329,22371c43-ebf8-4c6f-98f9-07e7f557752f,quarterly_gross_profit,2025-06-30
2329,22371c43-ebf8-4c6f-98f9-07e7f557752f,quarterly_gross_profit,2025-03-31
2329,22371c43-ebf8-4c6f-98f9-07e7f557752f,quarterly_gross_profit,2024-12-31
2329,22371c43-ebf8-4c6f-98f9-07e7f557752f,quarterly_gross_profit,2024-09-30
2329,22371c43-ebf8-4c6f-98f9-07e7f557752f,quarterly_operating_income,2026-06-30
2329,22371c43-ebf8-4c6f-98f9-07e7f557752f,quarterly_operating_income,2026-03-31
2329,22371c43-ebf8-4c6f-98f9-07e7f557752f,quarterly_operating_income,2025-12-31
2329,22371c43-ebf8-4c6f-98f9-07e7f557752f,quarterly_operating_income,2025-09-30
2329,22371c43-ebf8-4c6f-98f9-07e7f557752f,quarterly_operating_income,2025-06-30
2329,22371c43-ebf8-4c6f-98f9-07e7f557752f,quarterly_operating_income,2025-03-31
2329,22371c43-ebf8-4c6f-98f9-07e7f557752f,quarterly_operating_income,2024-12-31
2329,22371c43-ebf8-4c6f-98f9-07e7f557752f,quarterly_operating_income,2024-09-30
2329,22371c43-ebf8-4c6f-98f9-07e7f557752f,quarterly_net_income_attributable_to_common,2026-06-30
2329,22371c43-ebf8-4c6f-98f9-07e7f557752f,quarterly_net_income_attributable_to_common,2026-03-31
2329,22371c43-ebf8-4c6f-98f9-07e7f557752f,quarterly_net_income_attributable_to_common,2025-12-31
2329,22371c43-ebf8-4c6f-98f9-07e7f557752f,quarterly_net_income_attributable_to_common,2025-09-30
2329,22371c43-ebf8-4c6f-98f9-07e7f557752f,quarterly_net_income_attributable_to_common,2025-06-30
2329,22371c43-ebf8-4c6f-98f9-07e7f557752f,quarterly_net_income_attributable_to_common,2025-03-31
2329,22371c43-ebf8-4c6f-98f9-07e7f557752f,quarterly_net_income_attributable_to_common,2024-12-31
2329,22371c43-ebf8-4c6f-98f9-07e7f557752f,quarterly_net_income_attributable_to_common,2024-09-30
2329,22371c43-ebf8-4c6f-98f9-07e7f557752f,quarterly_diluted_eps,2026-06-30
2329,22371c43-ebf8-4c6f-98f9-07e7f557752f,quarterly_diluted_eps,2026-03-31
2329,22371c43-ebf8-4c6f-98f9-07e7f557752f,quarterly_diluted_eps,2025-12-31
2329,22371c43-ebf8-4c6f-98f9-07e7f557752f,quarterly_diluted_eps,2025-09-30
2329,22371c43-ebf8-4c6f-98f9-07e7f557752f,quarterly_diluted_eps,2025-06-30
2329,22371c43-ebf8-4c6f-98f9-07e7f557752f,quarterly_diluted_eps,2025-03-31
2329,22371c43-ebf8-4c6f-98f9-07e7f557752f,quarterly_diluted_eps,2024-12-31
2329,22371c43-ebf8-4c6f-98f9-07e7f557752f,quarterly_diluted_eps,2024-09-30
2329,22371c43-ebf8-4c6f-98f9-07e7f557752f,diluted_weighted_average_shares,2026-06-30
2329,22371c43-ebf8-4c6f-98f9-07e7f557752f,diluted_weighted_average_shares,2026-03-31
2329,22371c43-ebf8-4c6f-98f9-07e7f557752f,diluted_weighted_average_shares,2025-12-31
2329,22371c43-ebf8-4c6f-98f9-07e7f557752f,diluted_weighted_average_shares,2025-09-30
2329,22371c43-ebf8-4c6f-98f9-07e7f557752f,diluted_weighted_average_shares,2025-06-30
2329,22371c43-ebf8-4c6f-98f9-07e7f557752f,diluted_weighted_average_shares,2025-03-31
2329,22371c43-ebf8-4c6f-98f9-07e7f557752f,diluted_weighted_average_shares,2024-12-31
2329,22371c43-ebf8-4c6f-98f9-07e7f557752f,diluted_weighted_average_shares,2024-09-30
2330,9f13d5c5-3ec4-4d8c-8c8f-dc8450dac190,quarterly_revenue,2026-06-30
2330,9f13d5c5-3ec4-4d8c-8c8f-dc8450dac190,quarterly_revenue,2026-03-31
2330,9f13d5c5-3ec4-4d8c-8c8f-dc8450dac190,quarterly_revenue,2025-12-31
2330,9f13d5c5-3ec4-4d8c-8c8f-dc8450dac190,quarterly_revenue,2025-09-30
2330,9f13d5c5-3ec4-4d8c-8c8f-dc8450dac190,quarterly_revenue,2025-06-30
2330,9f13d5c5-3ec4-4d8c-8c8f-dc8450dac190,quarterly_revenue,2025-03-31
2330,9f13d5c5-3ec4-4d8c-8c8f-dc8450dac190,quarterly_revenue,2024-12-31
2330,9f13d5c5-3ec4-4d8c-8c8f-dc8450dac190,quarterly_revenue,2024-09-30
2330,9f13d5c5-3ec4-4d8c-8c8f-dc8450dac190,quarterly_gross_profit,2026-06-30
2330,9f13d5c5-3ec4-4d8c-8c8f-dc8450dac190,quarterly_gross_profit,2026-03-31
2330,9f13d5c5-3ec4-4d8c-8c8f-dc8450dac190,quarterly_gross_profit,2025-12-31
2330,9f13d5c5-3ec4-4d8c-8c8f-dc8450dac190,quarterly_gross_profit,2025-09-30
2330,9f13d5c5-3ec4-4d8c-8c8f-dc8450dac190,quarterly_gross_profit,2025-06-30
2330,9f13d5c5-3ec4-4d8c-8c8f-dc8450dac190,quarterly_gross_profit,2025-03-31
2330,9f13d5c5-3ec4-4d8c-8c8f-dc8450dac190,quarterly_gross_profit,2024-12-31
2330,9f13d5c5-3ec4-4d8c-8c8f-dc8450dac190,quarterly_gross_profit,2024-09-30
2330,9f13d5c5-3ec4-4d8c-8c8f-dc8450dac190,quarterly_operating_income,2026-06-30
2330,9f13d5c5-3ec4-4d8c-8c8f-dc8450dac190,quarterly_operating_income,2026-03-31
2330,9f13d5c5-3ec4-4d8c-8c8f-dc8450dac190,quarterly_operating_income,2025-12-31
2330,9f13d5c5-3ec4-4d8c-8c8f-dc8450dac190,quarterly_operating_income,2025-09-30
2330,9f13d5c5-3ec4-4d8c-8c8f-dc8450dac190,quarterly_operating_income,2025-06-30
2330,9f13d5c5-3ec4-4d8c-8c8f-dc8450dac190,quarterly_operating_income,2025-03-31
2330,9f13d5c5-3ec4-4d8c-8c8f-dc8450dac190,quarterly_operating_income,2024-12-31
2330,9f13d5c5-3ec4-4d8c-8c8f-dc8450dac190,quarterly_operating_income,2024-09-30
2330,9f13d5c5-3ec4-4d8c-8c8f-dc8450dac190,quarterly_net_income_attributable_to_common,2026-06-30
2330,9f13d5c5-3ec4-4d8c-8c8f-dc8450dac190,quarterly_net_income_attributable_to_common,2026-03-31
2330,9f13d5c5-3ec4-4d8c-8c8f-dc8450dac190,quarterly_net_income_attributable_to_common,2025-12-31
2330,9f13d5c5-3ec4-4d8c-8c8f-dc8450dac190,quarterly_net_income_attributable_to_common,2025-09-30
2330,9f13d5c5-3ec4-4d8c-8c8f-dc8450dac190,quarterly_net_income_attributable_to_common,2025-06-30
2330,9f13d5c5-3ec4-4d8c-8c8f-dc8450dac190,quarterly_net_income_attributable_to_common,2025-03-31
2330,9f13d5c5-3ec4-4d8c-8c8f-dc8450dac190,quarterly_net_income_attributable_to_common,2024-12-31
2330,9f13d5c5-3ec4-4d8c-8c8f-dc8450dac190,quarterly_net_income_attributable_to_common,2024-09-30
2330,9f13d5c5-3ec4-4d8c-8c8f-dc8450dac190,quarterly_diluted_eps,2026-06-30
2330,9f13d5c5-3ec4-4d8c-8c8f-dc8450dac190,quarterly_diluted_eps,2026-03-31
2330,9f13d5c5-3ec4-4d8c-8c8f-dc8450dac190,quarterly_diluted_eps,2025-12-31
2330,9f13d5c5-3ec4-4d8c-8c8f-dc8450dac190,quarterly_diluted_eps,2025-09-30
2330,9f13d5c5-3ec4-4d8c-8c8f-dc8450dac190,quarterly_diluted_eps,2025-06-30
2330,9f13d5c5-3ec4-4d8c-8c8f-dc8450dac190,quarterly_diluted_eps,2025-03-31
2330,9f13d5c5-3ec4-4d8c-8c8f-dc8450dac190,quarterly_diluted_eps,2024-12-31
2330,9f13d5c5-3ec4-4d8c-8c8f-dc8450dac190,quarterly_diluted_eps,2024-09-30
2330,9f13d5c5-3ec4-4d8c-8c8f-dc8450dac190,diluted_weighted_average_shares,2026-06-30
2330,9f13d5c5-3ec4-4d8c-8c8f-dc8450dac190,diluted_weighted_average_shares,2026-03-31
2330,9f13d5c5-3ec4-4d8c-8c8f-dc8450dac190,diluted_weighted_average_shares,2025-12-31
2330,9f13d5c5-3ec4-4d8c-8c8f-dc8450dac190,diluted_weighted_average_shares,2025-09-30
2330,9f13d5c5-3ec4-4d8c-8c8f-dc8450dac190,diluted_weighted_average_shares,2025-06-30
2330,9f13d5c5-3ec4-4d8c-8c8f-dc8450dac190,diluted_weighted_average_shares,2025-03-31
2330,9f13d5c5-3ec4-4d8c-8c8f-dc8450dac190,diluted_weighted_average_shares,2024-12-31
2330,9f13d5c5-3ec4-4d8c-8c8f-dc8450dac190,diluted_weighted_average_shares,2024-09-30
2337,632ecd6d-6861-4bcf-80ef-6e31265af632,quarterly_revenue,2026-06-30
2337,632ecd6d-6861-4bcf-80ef-6e31265af632,quarterly_revenue,2026-03-31
2337,632ecd6d-6861-4bcf-80ef-6e31265af632,quarterly_revenue,2025-12-31
2337,632ecd6d-6861-4bcf-80ef-6e31265af632,quarterly_revenue,2025-09-30
2337,632ecd6d-6861-4bcf-80ef-6e31265af632,quarterly_revenue,2025-06-30
2337,632ecd6d-6861-4bcf-80ef-6e31265af632,quarterly_revenue,2025-03-31
2337,632ecd6d-6861-4bcf-80ef-6e31265af632,quarterly_revenue,2024-12-31
2337,632ecd6d-6861-4bcf-80ef-6e31265af632,quarterly_revenue,2024-09-30
2337,632ecd6d-6861-4bcf-80ef-6e31265af632,quarterly_gross_profit,2026-06-30
2337,632ecd6d-6861-4bcf-80ef-6e31265af632,quarterly_gross_profit,2026-03-31
2337,632ecd6d-6861-4bcf-80ef-6e31265af632,quarterly_gross_profit,2025-12-31
2337,632ecd6d-6861-4bcf-80ef-6e31265af632,quarterly_gross_profit,2025-09-30
2337,632ecd6d-6861-4bcf-80ef-6e31265af632,quarterly_gross_profit,2025-06-30
2337,632ecd6d-6861-4bcf-80ef-6e31265af632,quarterly_gross_profit,2025-03-31
2337,632ecd6d-6861-4bcf-80ef-6e31265af632,quarterly_gross_profit,2024-12-31
2337,632ecd6d-6861-4bcf-80ef-6e31265af632,quarterly_gross_profit,2024-09-30
2337,632ecd6d-6861-4bcf-80ef-6e31265af632,quarterly_operating_income,2026-06-30
2337,632ecd6d-6861-4bcf-80ef-6e31265af632,quarterly_operating_income,2026-03-31
2337,632ecd6d-6861-4bcf-80ef-6e31265af632,quarterly_operating_income,2025-12-31
2337,632ecd6d-6861-4bcf-80ef-6e31265af632,quarterly_operating_income,2025-09-30
2337,632ecd6d-6861-4bcf-80ef-6e31265af632,quarterly_operating_income,2025-06-30
2337,632ecd6d-6861-4bcf-80ef-6e31265af632,quarterly_operating_income,2025-03-31
2337,632ecd6d-6861-4bcf-80ef-6e31265af632,quarterly_operating_income,2024-12-31
2337,632ecd6d-6861-4bcf-80ef-6e31265af632,quarterly_operating_income,2024-09-30
2337,632ecd6d-6861-4bcf-80ef-6e31265af632,quarterly_net_income_attributable_to_common,2026-06-30
2337,632ecd6d-6861-4bcf-80ef-6e31265af632,quarterly_net_income_attributable_to_common,2026-03-31
2337,632ecd6d-6861-4bcf-80ef-6e31265af632,quarterly_net_income_attributable_to_common,2025-12-31
2337,632ecd6d-6861-4bcf-80ef-6e31265af632,quarterly_net_income_attributable_to_common,2025-09-30
2337,632ecd6d-6861-4bcf-80ef-6e31265af632,quarterly_net_income_attributable_to_common,2025-06-30
2337,632ecd6d-6861-4bcf-80ef-6e31265af632,quarterly_net_income_attributable_to_common,2025-03-31
2337,632ecd6d-6861-4bcf-80ef-6e31265af632,quarterly_net_income_attributable_to_common,2024-12-31
2337,632ecd6d-6861-4bcf-80ef-6e31265af632,quarterly_net_income_attributable_to_common,2024-09-30
2337,632ecd6d-6861-4bcf-80ef-6e31265af632,quarterly_diluted_eps,2026-06-30
2337,632ecd6d-6861-4bcf-80ef-6e31265af632,quarterly_diluted_eps,2026-03-31
2337,632ecd6d-6861-4bcf-80ef-6e31265af632,quarterly_diluted_eps,2025-12-31
2337,632ecd6d-6861-4bcf-80ef-6e31265af632,quarterly_diluted_eps,2025-09-30
2337,632ecd6d-6861-4bcf-80ef-6e31265af632,quarterly_diluted_eps,2025-06-30
2337,632ecd6d-6861-4bcf-80ef-6e31265af632,quarterly_diluted_eps,2025-03-31
2337,632ecd6d-6861-4bcf-80ef-6e31265af632,quarterly_diluted_eps,2024-12-31
2337,632ecd6d-6861-4bcf-80ef-6e31265af632,quarterly_diluted_eps,2024-09-30
2337,632ecd6d-6861-4bcf-80ef-6e31265af632,diluted_weighted_average_shares,2026-06-30
2337,632ecd6d-6861-4bcf-80ef-6e31265af632,diluted_weighted_average_shares,2026-03-31
2337,632ecd6d-6861-4bcf-80ef-6e31265af632,diluted_weighted_average_shares,2025-12-31
2337,632ecd6d-6861-4bcf-80ef-6e31265af632,diluted_weighted_average_shares,2025-09-30
2337,632ecd6d-6861-4bcf-80ef-6e31265af632,diluted_weighted_average_shares,2025-06-30
2337,632ecd6d-6861-4bcf-80ef-6e31265af632,diluted_weighted_average_shares,2025-03-31
2337,632ecd6d-6861-4bcf-80ef-6e31265af632,diluted_weighted_average_shares,2024-12-31
2337,632ecd6d-6861-4bcf-80ef-6e31265af632,diluted_weighted_average_shares,2024-09-30
2338,5e55e50b-5d67-4f7b-b187-f50b8e29d29e,quarterly_revenue,2026-06-30
2338,5e55e50b-5d67-4f7b-b187-f50b8e29d29e,quarterly_revenue,2026-03-31
2338,5e55e50b-5d67-4f7b-b187-f50b8e29d29e,quarterly_revenue,2025-12-31
2338,5e55e50b-5d67-4f7b-b187-f50b8e29d29e,quarterly_revenue,2025-09-30
2338,5e55e50b-5d67-4f7b-b187-f50b8e29d29e,quarterly_revenue,2025-06-30
2338,5e55e50b-5d67-4f7b-b187-f50b8e29d29e,quarterly_revenue,2025-03-31
2338,5e55e50b-5d67-4f7b-b187-f50b8e29d29e,quarterly_revenue,2024-12-31
2338,5e55e50b-5d67-4f7b-b187-f50b8e29d29e,quarterly_revenue,2024-09-30
2338,5e55e50b-5d67-4f7b-b187-f50b8e29d29e,quarterly_gross_profit,2026-06-30
2338,5e55e50b-5d67-4f7b-b187-f50b8e29d29e,quarterly_gross_profit,2026-03-31
2338,5e55e50b-5d67-4f7b-b187-f50b8e29d29e,quarterly_gross_profit,2025-12-31
2338,5e55e50b-5d67-4f7b-b187-f50b8e29d29e,quarterly_gross_profit,2025-09-30
2338,5e55e50b-5d67-4f7b-b187-f50b8e29d29e,quarterly_gross_profit,2025-06-30
2338,5e55e50b-5d67-4f7b-b187-f50b8e29d29e,quarterly_gross_profit,2025-03-31
2338,5e55e50b-5d67-4f7b-b187-f50b8e29d29e,quarterly_gross_profit,2024-12-31
2338,5e55e50b-5d67-4f7b-b187-f50b8e29d29e,quarterly_gross_profit,2024-09-30
2338,5e55e50b-5d67-4f7b-b187-f50b8e29d29e,quarterly_operating_income,2026-06-30
2338,5e55e50b-5d67-4f7b-b187-f50b8e29d29e,quarterly_operating_income,2026-03-31
2338,5e55e50b-5d67-4f7b-b187-f50b8e29d29e,quarterly_operating_income,2025-12-31
2338,5e55e50b-5d67-4f7b-b187-f50b8e29d29e,quarterly_operating_income,2025-09-30
2338,5e55e50b-5d67-4f7b-b187-f50b8e29d29e,quarterly_operating_income,2025-06-30
2338,5e55e50b-5d67-4f7b-b187-f50b8e29d29e,quarterly_operating_income,2025-03-31
2338,5e55e50b-5d67-4f7b-b187-f50b8e29d29e,quarterly_operating_income,2024-12-31
2338,5e55e50b-5d67-4f7b-b187-f50b8e29d29e,quarterly_operating_income,2024-09-30
2338,5e55e50b-5d67-4f7b-b187-f50b8e29d29e,quarterly_net_income_attributable_to_common,2026-06-30
2338,5e55e50b-5d67-4f7b-b187-f50b8e29d29e,quarterly_net_income_attributable_to_common,2026-03-31
2338,5e55e50b-5d67-4f7b-b187-f50b8e29d29e,quarterly_net_income_attributable_to_common,2025-12-31
2338,5e55e50b-5d67-4f7b-b187-f50b8e29d29e,quarterly_net_income_attributable_to_common,2025-09-30
2338,5e55e50b-5d67-4f7b-b187-f50b8e29d29e,quarterly_net_income_attributable_to_common,2025-06-30
2338,5e55e50b-5d67-4f7b-b187-f50b8e29d29e,quarterly_net_income_attributable_to_common,2025-03-31
2338,5e55e50b-5d67-4f7b-b187-f50b8e29d29e,quarterly_net_income_attributable_to_common,2024-12-31
2338,5e55e50b-5d67-4f7b-b187-f50b8e29d29e,quarterly_net_income_attributable_to_common,2024-09-30
2338,5e55e50b-5d67-4f7b-b187-f50b8e29d29e,quarterly_diluted_eps,2026-06-30
2338,5e55e50b-5d67-4f7b-b187-f50b8e29d29e,quarterly_diluted_eps,2026-03-31
2338,5e55e50b-5d67-4f7b-b187-f50b8e29d29e,quarterly_diluted_eps,2025-12-31
2338,5e55e50b-5d67-4f7b-b187-f50b8e29d29e,quarterly_diluted_eps,2025-09-30
2338,5e55e50b-5d67-4f7b-b187-f50b8e29d29e,quarterly_diluted_eps,2025-06-30
2338,5e55e50b-5d67-4f7b-b187-f50b8e29d29e,quarterly_diluted_eps,2025-03-31
2338,5e55e50b-5d67-4f7b-b187-f50b8e29d29e,quarterly_diluted_eps,2024-12-31
2338,5e55e50b-5d67-4f7b-b187-f50b8e29d29e,quarterly_diluted_eps,2024-09-30
2338,5e55e50b-5d67-4f7b-b187-f50b8e29d29e,diluted_weighted_average_shares,2026-06-30
2338,5e55e50b-5d67-4f7b-b187-f50b8e29d29e,diluted_weighted_average_shares,2026-03-31
2338,5e55e50b-5d67-4f7b-b187-f50b8e29d29e,diluted_weighted_average_shares,2025-12-31
2338,5e55e50b-5d67-4f7b-b187-f50b8e29d29e,diluted_weighted_average_shares,2025-09-30
2338,5e55e50b-5d67-4f7b-b187-f50b8e29d29e,diluted_weighted_average_shares,2025-06-30
2338,5e55e50b-5d67-4f7b-b187-f50b8e29d29e,diluted_weighted_average_shares,2025-03-31
2338,5e55e50b-5d67-4f7b-b187-f50b8e29d29e,diluted_weighted_average_shares,2024-12-31
2338,5e55e50b-5d67-4f7b-b187-f50b8e29d29e,diluted_weighted_average_shares,2024-09-30
2342,29f250c8-735d-494f-a587-3d5efac31c8b,quarterly_revenue,2026-06-30
2342,29f250c8-735d-494f-a587-3d5efac31c8b,quarterly_revenue,2026-03-31
2342,29f250c8-735d-494f-a587-3d5efac31c8b,quarterly_revenue,2025-12-31
2342,29f250c8-735d-494f-a587-3d5efac31c8b,quarterly_revenue,2025-09-30
2342,29f250c8-735d-494f-a587-3d5efac31c8b,quarterly_revenue,2025-06-30
2342,29f250c8-735d-494f-a587-3d5efac31c8b,quarterly_revenue,2025-03-31
2342,29f250c8-735d-494f-a587-3d5efac31c8b,quarterly_revenue,2024-12-31
2342,29f250c8-735d-494f-a587-3d5efac31c8b,quarterly_revenue,2024-09-30
2342,29f250c8-735d-494f-a587-3d5efac31c8b,quarterly_gross_profit,2026-06-30
2342,29f250c8-735d-494f-a587-3d5efac31c8b,quarterly_gross_profit,2026-03-31
2342,29f250c8-735d-494f-a587-3d5efac31c8b,quarterly_gross_profit,2025-12-31
2342,29f250c8-735d-494f-a587-3d5efac31c8b,quarterly_gross_profit,2025-09-30
2342,29f250c8-735d-494f-a587-3d5efac31c8b,quarterly_gross_profit,2025-06-30
2342,29f250c8-735d-494f-a587-3d5efac31c8b,quarterly_gross_profit,2025-03-31
2342,29f250c8-735d-494f-a587-3d5efac31c8b,quarterly_gross_profit,2024-12-31
2342,29f250c8-735d-494f-a587-3d5efac31c8b,quarterly_gross_profit,2024-09-30
2342,29f250c8-735d-494f-a587-3d5efac31c8b,quarterly_operating_income,2026-06-30
2342,29f250c8-735d-494f-a587-3d5efac31c8b,quarterly_operating_income,2026-03-31
2342,29f250c8-735d-494f-a587-3d5efac31c8b,quarterly_operating_income,2025-12-31
2342,29f250c8-735d-494f-a587-3d5efac31c8b,quarterly_operating_income,2025-09-30
2342,29f250c8-735d-494f-a587-3d5efac31c8b,quarterly_operating_income,2025-06-30
2342,29f250c8-735d-494f-a587-3d5efac31c8b,quarterly_operating_income,2025-03-31
2342,29f250c8-735d-494f-a587-3d5efac31c8b,quarterly_operating_income,2024-12-31
2342,29f250c8-735d-494f-a587-3d5efac31c8b,quarterly_operating_income,2024-09-30
2342,29f250c8-735d-494f-a587-3d5efac31c8b,quarterly_net_income_attributable_to_common,2026-06-30
2342,29f250c8-735d-494f-a587-3d5efac31c8b,quarterly_net_income_attributable_to_common,2026-03-31
2342,29f250c8-735d-494f-a587-3d5efac31c8b,quarterly_net_income_attributable_to_common,2025-12-31
2342,29f250c8-735d-494f-a587-3d5efac31c8b,quarterly_net_income_attributable_to_common,2025-09-30
2342,29f250c8-735d-494f-a587-3d5efac31c8b,quarterly_net_income_attributable_to_common,2025-06-30
2342,29f250c8-735d-494f-a587-3d5efac31c8b,quarterly_net_income_attributable_to_common,2025-03-31
2342,29f250c8-735d-494f-a587-3d5efac31c8b,quarterly_net_income_attributable_to_common,2024-12-31
2342,29f250c8-735d-494f-a587-3d5efac31c8b,quarterly_net_income_attributable_to_common,2024-09-30
2342,29f250c8-735d-494f-a587-3d5efac31c8b,quarterly_diluted_eps,2026-06-30
2342,29f250c8-735d-494f-a587-3d5efac31c8b,quarterly_diluted_eps,2026-03-31
2342,29f250c8-735d-494f-a587-3d5efac31c8b,quarterly_diluted_eps,2025-12-31
2342,29f250c8-735d-494f-a587-3d5efac31c8b,quarterly_diluted_eps,2025-09-30
2342,29f250c8-735d-494f-a587-3d5efac31c8b,quarterly_diluted_eps,2025-06-30
2342,29f250c8-735d-494f-a587-3d5efac31c8b,quarterly_diluted_eps,2025-03-31
2342,29f250c8-735d-494f-a587-3d5efac31c8b,quarterly_diluted_eps,2024-12-31
2342,29f250c8-735d-494f-a587-3d5efac31c8b,quarterly_diluted_eps,2024-09-30
2342,29f250c8-735d-494f-a587-3d5efac31c8b,diluted_weighted_average_shares,2026-06-30
2342,29f250c8-735d-494f-a587-3d5efac31c8b,diluted_weighted_average_shares,2026-03-31
2342,29f250c8-735d-494f-a587-3d5efac31c8b,diluted_weighted_average_shares,2025-12-31
2342,29f250c8-735d-494f-a587-3d5efac31c8b,diluted_weighted_average_shares,2025-09-30
2342,29f250c8-735d-494f-a587-3d5efac31c8b,diluted_weighted_average_shares,2025-06-30
2342,29f250c8-735d-494f-a587-3d5efac31c8b,diluted_weighted_average_shares,2025-03-31
2342,29f250c8-735d-494f-a587-3d5efac31c8b,diluted_weighted_average_shares,2024-12-31
2342,29f250c8-735d-494f-a587-3d5efac31c8b,diluted_weighted_average_shares,2024-09-30
2344,20c22ca0-6316-4358-bbd5-a20497cd8746,quarterly_revenue,2026-06-30
2344,20c22ca0-6316-4358-bbd5-a20497cd8746,quarterly_revenue,2026-03-31
2344,20c22ca0-6316-4358-bbd5-a20497cd8746,quarterly_revenue,2025-12-31
2344,20c22ca0-6316-4358-bbd5-a20497cd8746,quarterly_revenue,2025-09-30
2344,20c22ca0-6316-4358-bbd5-a20497cd8746,quarterly_revenue,2025-06-30
2344,20c22ca0-6316-4358-bbd5-a20497cd8746,quarterly_revenue,2025-03-31
2344,20c22ca0-6316-4358-bbd5-a20497cd8746,quarterly_revenue,2024-12-31
2344,20c22ca0-6316-4358-bbd5-a20497cd8746,quarterly_revenue,2024-09-30
2344,20c22ca0-6316-4358-bbd5-a20497cd8746,quarterly_gross_profit,2026-06-30
2344,20c22ca0-6316-4358-bbd5-a20497cd8746,quarterly_gross_profit,2026-03-31
2344,20c22ca0-6316-4358-bbd5-a20497cd8746,quarterly_gross_profit,2025-12-31
2344,20c22ca0-6316-4358-bbd5-a20497cd8746,quarterly_gross_profit,2025-09-30
2344,20c22ca0-6316-4358-bbd5-a20497cd8746,quarterly_gross_profit,2025-06-30
2344,20c22ca0-6316-4358-bbd5-a20497cd8746,quarterly_gross_profit,2025-03-31
2344,20c22ca0-6316-4358-bbd5-a20497cd8746,quarterly_gross_profit,2024-12-31
2344,20c22ca0-6316-4358-bbd5-a20497cd8746,quarterly_gross_profit,2024-09-30
2344,20c22ca0-6316-4358-bbd5-a20497cd8746,quarterly_operating_income,2026-06-30
2344,20c22ca0-6316-4358-bbd5-a20497cd8746,quarterly_operating_income,2026-03-31
2344,20c22ca0-6316-4358-bbd5-a20497cd8746,quarterly_operating_income,2025-12-31
2344,20c22ca0-6316-4358-bbd5-a20497cd8746,quarterly_operating_income,2025-09-30
2344,20c22ca0-6316-4358-bbd5-a20497cd8746,quarterly_operating_income,2025-06-30
2344,20c22ca0-6316-4358-bbd5-a20497cd8746,quarterly_operating_income,2025-03-31
2344,20c22ca0-6316-4358-bbd5-a20497cd8746,quarterly_operating_income,2024-12-31
2344,20c22ca0-6316-4358-bbd5-a20497cd8746,quarterly_operating_income,2024-09-30
2344,20c22ca0-6316-4358-bbd5-a20497cd8746,quarterly_net_income_attributable_to_common,2026-06-30
2344,20c22ca0-6316-4358-bbd5-a20497cd8746,quarterly_net_income_attributable_to_common,2026-03-31
2344,20c22ca0-6316-4358-bbd5-a20497cd8746,quarterly_net_income_attributable_to_common,2025-12-31
2344,20c22ca0-6316-4358-bbd5-a20497cd8746,quarterly_net_income_attributable_to_common,2025-09-30
2344,20c22ca0-6316-4358-bbd5-a20497cd8746,quarterly_net_income_attributable_to_common,2025-06-30
2344,20c22ca0-6316-4358-bbd5-a20497cd8746,quarterly_net_income_attributable_to_common,2025-03-31
2344,20c22ca0-6316-4358-bbd5-a20497cd8746,quarterly_net_income_attributable_to_common,2024-12-31
2344,20c22ca0-6316-4358-bbd5-a20497cd8746,quarterly_net_income_attributable_to_common,2024-09-30
2344,20c22ca0-6316-4358-bbd5-a20497cd8746,quarterly_diluted_eps,2026-06-30
2344,20c22ca0-6316-4358-bbd5-a20497cd8746,quarterly_diluted_eps,2026-03-31
2344,20c22ca0-6316-4358-bbd5-a20497cd8746,quarterly_diluted_eps,2025-12-31
2344,20c22ca0-6316-4358-bbd5-a20497cd8746,quarterly_diluted_eps,2025-09-30
2344,20c22ca0-6316-4358-bbd5-a20497cd8746,quarterly_diluted_eps,2025-06-30
2344,20c22ca0-6316-4358-bbd5-a20497cd8746,quarterly_diluted_eps,2025-03-31
2344,20c22ca0-6316-4358-bbd5-a20497cd8746,quarterly_diluted_eps,2024-12-31
2344,20c22ca0-6316-4358-bbd5-a20497cd8746,quarterly_diluted_eps,2024-09-30
2344,20c22ca0-6316-4358-bbd5-a20497cd8746,diluted_weighted_average_shares,2026-06-30
2344,20c22ca0-6316-4358-bbd5-a20497cd8746,diluted_weighted_average_shares,2026-03-31
2344,20c22ca0-6316-4358-bbd5-a20497cd8746,diluted_weighted_average_shares,2025-12-31
2344,20c22ca0-6316-4358-bbd5-a20497cd8746,diluted_weighted_average_shares,2025-09-30
2344,20c22ca0-6316-4358-bbd5-a20497cd8746,diluted_weighted_average_shares,2025-06-30
2344,20c22ca0-6316-4358-bbd5-a20497cd8746,diluted_weighted_average_shares,2025-03-31
2344,20c22ca0-6316-4358-bbd5-a20497cd8746,diluted_weighted_average_shares,2024-12-31
2344,20c22ca0-6316-4358-bbd5-a20497cd8746,diluted_weighted_average_shares,2024-09-30
2345,0fee5776-789a-434d-9eaa-3a633ae8ba43,quarterly_revenue,2026-06-30
2345,0fee5776-789a-434d-9eaa-3a633ae8ba43,quarterly_revenue,2026-03-31
2345,0fee5776-789a-434d-9eaa-3a633ae8ba43,quarterly_revenue,2025-12-31
2345,0fee5776-789a-434d-9eaa-3a633ae8ba43,quarterly_revenue,2025-09-30
2345,0fee5776-789a-434d-9eaa-3a633ae8ba43,quarterly_revenue,2025-06-30
2345,0fee5776-789a-434d-9eaa-3a633ae8ba43,quarterly_revenue,2025-03-31
2345,0fee5776-789a-434d-9eaa-3a633ae8ba43,quarterly_revenue,2024-12-31
2345,0fee5776-789a-434d-9eaa-3a633ae8ba43,quarterly_revenue,2024-09-30
2345,0fee5776-789a-434d-9eaa-3a633ae8ba43,quarterly_gross_profit,2026-06-30
2345,0fee5776-789a-434d-9eaa-3a633ae8ba43,quarterly_gross_profit,2026-03-31
2345,0fee5776-789a-434d-9eaa-3a633ae8ba43,quarterly_gross_profit,2025-12-31
2345,0fee5776-789a-434d-9eaa-3a633ae8ba43,quarterly_gross_profit,2025-09-30
2345,0fee5776-789a-434d-9eaa-3a633ae8ba43,quarterly_gross_profit,2025-06-30
2345,0fee5776-789a-434d-9eaa-3a633ae8ba43,quarterly_gross_profit,2025-03-31
2345,0fee5776-789a-434d-9eaa-3a633ae8ba43,quarterly_gross_profit,2024-12-31
2345,0fee5776-789a-434d-9eaa-3a633ae8ba43,quarterly_gross_profit,2024-09-30
2345,0fee5776-789a-434d-9eaa-3a633ae8ba43,quarterly_operating_income,2026-06-30
2345,0fee5776-789a-434d-9eaa-3a633ae8ba43,quarterly_operating_income,2026-03-31
2345,0fee5776-789a-434d-9eaa-3a633ae8ba43,quarterly_operating_income,2025-12-31
2345,0fee5776-789a-434d-9eaa-3a633ae8ba43,quarterly_operating_income,2025-09-30
2345,0fee5776-789a-434d-9eaa-3a633ae8ba43,quarterly_operating_income,2025-06-30
2345,0fee5776-789a-434d-9eaa-3a633ae8ba43,quarterly_operating_income,2025-03-31
2345,0fee5776-789a-434d-9eaa-3a633ae8ba43,quarterly_operating_income,2024-12-31
2345,0fee5776-789a-434d-9eaa-3a633ae8ba43,quarterly_operating_income,2024-09-30
2345,0fee5776-789a-434d-9eaa-3a633ae8ba43,quarterly_net_income_attributable_to_common,2026-06-30
2345,0fee5776-789a-434d-9eaa-3a633ae8ba43,quarterly_net_income_attributable_to_common,2026-03-31
2345,0fee5776-789a-434d-9eaa-3a633ae8ba43,quarterly_net_income_attributable_to_common,2025-12-31
2345,0fee5776-789a-434d-9eaa-3a633ae8ba43,quarterly_net_income_attributable_to_common,2025-09-30
2345,0fee5776-789a-434d-9eaa-3a633ae8ba43,quarterly_net_income_attributable_to_common,2025-06-30
2345,0fee5776-789a-434d-9eaa-3a633ae8ba43,quarterly_net_income_attributable_to_common,2025-03-31
2345,0fee5776-789a-434d-9eaa-3a633ae8ba43,quarterly_net_income_attributable_to_common,2024-12-31
2345,0fee5776-789a-434d-9eaa-3a633ae8ba43,quarterly_net_income_attributable_to_common,2024-09-30
2345,0fee5776-789a-434d-9eaa-3a633ae8ba43,quarterly_diluted_eps,2026-06-30
2345,0fee5776-789a-434d-9eaa-3a633ae8ba43,quarterly_diluted_eps,2026-03-31
2345,0fee5776-789a-434d-9eaa-3a633ae8ba43,quarterly_diluted_eps,2025-12-31
2345,0fee5776-789a-434d-9eaa-3a633ae8ba43,quarterly_diluted_eps,2025-09-30
2345,0fee5776-789a-434d-9eaa-3a633ae8ba43,quarterly_diluted_eps,2025-06-30
2345,0fee5776-789a-434d-9eaa-3a633ae8ba43,quarterly_diluted_eps,2025-03-31
2345,0fee5776-789a-434d-9eaa-3a633ae8ba43,quarterly_diluted_eps,2024-12-31
2345,0fee5776-789a-434d-9eaa-3a633ae8ba43,quarterly_diluted_eps,2024-09-30
2345,0fee5776-789a-434d-9eaa-3a633ae8ba43,diluted_weighted_average_shares,2026-06-30
2345,0fee5776-789a-434d-9eaa-3a633ae8ba43,diluted_weighted_average_shares,2026-03-31
2345,0fee5776-789a-434d-9eaa-3a633ae8ba43,diluted_weighted_average_shares,2025-12-31
2345,0fee5776-789a-434d-9eaa-3a633ae8ba43,diluted_weighted_average_shares,2025-09-30
2345,0fee5776-789a-434d-9eaa-3a633ae8ba43,diluted_weighted_average_shares,2025-06-30
2345,0fee5776-789a-434d-9eaa-3a633ae8ba43,diluted_weighted_average_shares,2025-03-31
2345,0fee5776-789a-434d-9eaa-3a633ae8ba43,diluted_weighted_average_shares,2024-12-31
2345,0fee5776-789a-434d-9eaa-3a633ae8ba43,diluted_weighted_average_shares,2024-09-30
2353,b438b0da-3dc9-4d23-b3bd-8bae1d1469c7,quarterly_revenue,2026-06-30
2353,b438b0da-3dc9-4d23-b3bd-8bae1d1469c7,quarterly_revenue,2026-03-31
2353,b438b0da-3dc9-4d23-b3bd-8bae1d1469c7,quarterly_revenue,2025-12-31
2353,b438b0da-3dc9-4d23-b3bd-8bae1d1469c7,quarterly_revenue,2025-09-30
2353,b438b0da-3dc9-4d23-b3bd-8bae1d1469c7,quarterly_revenue,2025-06-30
2353,b438b0da-3dc9-4d23-b3bd-8bae1d1469c7,quarterly_revenue,2025-03-31
2353,b438b0da-3dc9-4d23-b3bd-8bae1d1469c7,quarterly_revenue,2024-12-31
2353,b438b0da-3dc9-4d23-b3bd-8bae1d1469c7,quarterly_revenue,2024-09-30
2353,b438b0da-3dc9-4d23-b3bd-8bae1d1469c7,quarterly_gross_profit,2026-06-30
2353,b438b0da-3dc9-4d23-b3bd-8bae1d1469c7,quarterly_gross_profit,2026-03-31
2353,b438b0da-3dc9-4d23-b3bd-8bae1d1469c7,quarterly_gross_profit,2025-12-31
2353,b438b0da-3dc9-4d23-b3bd-8bae1d1469c7,quarterly_gross_profit,2025-09-30
2353,b438b0da-3dc9-4d23-b3bd-8bae1d1469c7,quarterly_gross_profit,2025-06-30
2353,b438b0da-3dc9-4d23-b3bd-8bae1d1469c7,quarterly_gross_profit,2025-03-31
2353,b438b0da-3dc9-4d23-b3bd-8bae1d1469c7,quarterly_gross_profit,2024-12-31
2353,b438b0da-3dc9-4d23-b3bd-8bae1d1469c7,quarterly_gross_profit,2024-09-30
2353,b438b0da-3dc9-4d23-b3bd-8bae1d1469c7,quarterly_operating_income,2026-06-30
2353,b438b0da-3dc9-4d23-b3bd-8bae1d1469c7,quarterly_operating_income,2026-03-31
2353,b438b0da-3dc9-4d23-b3bd-8bae1d1469c7,quarterly_operating_income,2025-12-31
2353,b438b0da-3dc9-4d23-b3bd-8bae1d1469c7,quarterly_operating_income,2025-09-30
2353,b438b0da-3dc9-4d23-b3bd-8bae1d1469c7,quarterly_operating_income,2025-06-30
2353,b438b0da-3dc9-4d23-b3bd-8bae1d1469c7,quarterly_operating_income,2025-03-31
2353,b438b0da-3dc9-4d23-b3bd-8bae1d1469c7,quarterly_operating_income,2024-12-31
2353,b438b0da-3dc9-4d23-b3bd-8bae1d1469c7,quarterly_operating_income,2024-09-30
2353,b438b0da-3dc9-4d23-b3bd-8bae1d1469c7,quarterly_net_income_attributable_to_common,2026-06-30
2353,b438b0da-3dc9-4d23-b3bd-8bae1d1469c7,quarterly_net_income_attributable_to_common,2026-03-31
2353,b438b0da-3dc9-4d23-b3bd-8bae1d1469c7,quarterly_net_income_attributable_to_common,2025-12-31
2353,b438b0da-3dc9-4d23-b3bd-8bae1d1469c7,quarterly_net_income_attributable_to_common,2025-09-30
2353,b438b0da-3dc9-4d23-b3bd-8bae1d1469c7,quarterly_net_income_attributable_to_common,2025-06-30
2353,b438b0da-3dc9-4d23-b3bd-8bae1d1469c7,quarterly_net_income_attributable_to_common,2025-03-31
2353,b438b0da-3dc9-4d23-b3bd-8bae1d1469c7,quarterly_net_income_attributable_to_common,2024-12-31
2353,b438b0da-3dc9-4d23-b3bd-8bae1d1469c7,quarterly_net_income_attributable_to_common,2024-09-30
2353,b438b0da-3dc9-4d23-b3bd-8bae1d1469c7,quarterly_diluted_eps,2026-06-30
2353,b438b0da-3dc9-4d23-b3bd-8bae1d1469c7,quarterly_diluted_eps,2026-03-31
2353,b438b0da-3dc9-4d23-b3bd-8bae1d1469c7,quarterly_diluted_eps,2025-12-31
2353,b438b0da-3dc9-4d23-b3bd-8bae1d1469c7,quarterly_diluted_eps,2025-09-30
2353,b438b0da-3dc9-4d23-b3bd-8bae1d1469c7,quarterly_diluted_eps,2025-06-30
2353,b438b0da-3dc9-4d23-b3bd-8bae1d1469c7,quarterly_diluted_eps,2025-03-31
2353,b438b0da-3dc9-4d23-b3bd-8bae1d1469c7,quarterly_diluted_eps,2024-12-31
2353,b438b0da-3dc9-4d23-b3bd-8bae1d1469c7,quarterly_diluted_eps,2024-09-30
2353,b438b0da-3dc9-4d23-b3bd-8bae1d1469c7,diluted_weighted_average_shares,2026-06-30
2353,b438b0da-3dc9-4d23-b3bd-8bae1d1469c7,diluted_weighted_average_shares,2026-03-31
2353,b438b0da-3dc9-4d23-b3bd-8bae1d1469c7,diluted_weighted_average_shares,2025-12-31
2353,b438b0da-3dc9-4d23-b3bd-8bae1d1469c7,diluted_weighted_average_shares,2025-09-30
2353,b438b0da-3dc9-4d23-b3bd-8bae1d1469c7,diluted_weighted_average_shares,2025-06-30
2353,b438b0da-3dc9-4d23-b3bd-8bae1d1469c7,diluted_weighted_average_shares,2025-03-31
2353,b438b0da-3dc9-4d23-b3bd-8bae1d1469c7,diluted_weighted_average_shares,2024-12-31
2353,b438b0da-3dc9-4d23-b3bd-8bae1d1469c7,diluted_weighted_average_shares,2024-09-30
2356,8b5ada21-a12f-4044-837e-f494b4617932,quarterly_revenue,2026-06-30
2356,8b5ada21-a12f-4044-837e-f494b4617932,quarterly_revenue,2026-03-31
2356,8b5ada21-a12f-4044-837e-f494b4617932,quarterly_revenue,2025-12-31
2356,8b5ada21-a12f-4044-837e-f494b4617932,quarterly_revenue,2025-09-30
2356,8b5ada21-a12f-4044-837e-f494b4617932,quarterly_revenue,2025-06-30
2356,8b5ada21-a12f-4044-837e-f494b4617932,quarterly_revenue,2025-03-31
2356,8b5ada21-a12f-4044-837e-f494b4617932,quarterly_revenue,2024-12-31
2356,8b5ada21-a12f-4044-837e-f494b4617932,quarterly_revenue,2024-09-30
2356,8b5ada21-a12f-4044-837e-f494b4617932,quarterly_gross_profit,2026-06-30
2356,8b5ada21-a12f-4044-837e-f494b4617932,quarterly_gross_profit,2026-03-31
2356,8b5ada21-a12f-4044-837e-f494b4617932,quarterly_gross_profit,2025-12-31
2356,8b5ada21-a12f-4044-837e-f494b4617932,quarterly_gross_profit,2025-09-30
2356,8b5ada21-a12f-4044-837e-f494b4617932,quarterly_gross_profit,2025-06-30
2356,8b5ada21-a12f-4044-837e-f494b4617932,quarterly_gross_profit,2025-03-31
2356,8b5ada21-a12f-4044-837e-f494b4617932,quarterly_gross_profit,2024-12-31
2356,8b5ada21-a12f-4044-837e-f494b4617932,quarterly_gross_profit,2024-09-30
2356,8b5ada21-a12f-4044-837e-f494b4617932,quarterly_operating_income,2026-06-30
2356,8b5ada21-a12f-4044-837e-f494b4617932,quarterly_operating_income,2026-03-31
2356,8b5ada21-a12f-4044-837e-f494b4617932,quarterly_operating_income,2025-12-31
2356,8b5ada21-a12f-4044-837e-f494b4617932,quarterly_operating_income,2025-09-30
2356,8b5ada21-a12f-4044-837e-f494b4617932,quarterly_operating_income,2025-06-30
2356,8b5ada21-a12f-4044-837e-f494b4617932,quarterly_operating_income,2025-03-31
2356,8b5ada21-a12f-4044-837e-f494b4617932,quarterly_operating_income,2024-12-31
2356,8b5ada21-a12f-4044-837e-f494b4617932,quarterly_operating_income,2024-09-30
2356,8b5ada21-a12f-4044-837e-f494b4617932,quarterly_net_income_attributable_to_common,2026-06-30
2356,8b5ada21-a12f-4044-837e-f494b4617932,quarterly_net_income_attributable_to_common,2026-03-31
2356,8b5ada21-a12f-4044-837e-f494b4617932,quarterly_net_income_attributable_to_common,2025-12-31
2356,8b5ada21-a12f-4044-837e-f494b4617932,quarterly_net_income_attributable_to_common,2025-09-30
2356,8b5ada21-a12f-4044-837e-f494b4617932,quarterly_net_income_attributable_to_common,2025-06-30
2356,8b5ada21-a12f-4044-837e-f494b4617932,quarterly_net_income_attributable_to_common,2025-03-31
2356,8b5ada21-a12f-4044-837e-f494b4617932,quarterly_net_income_attributable_to_common,2024-12-31
2356,8b5ada21-a12f-4044-837e-f494b4617932,quarterly_net_income_attributable_to_common,2024-09-30
2356,8b5ada21-a12f-4044-837e-f494b4617932,quarterly_diluted_eps,2026-06-30
2356,8b5ada21-a12f-4044-837e-f494b4617932,quarterly_diluted_eps,2026-03-31
2356,8b5ada21-a12f-4044-837e-f494b4617932,quarterly_diluted_eps,2025-12-31
2356,8b5ada21-a12f-4044-837e-f494b4617932,quarterly_diluted_eps,2025-09-30
2356,8b5ada21-a12f-4044-837e-f494b4617932,quarterly_diluted_eps,2025-06-30
2356,8b5ada21-a12f-4044-837e-f494b4617932,quarterly_diluted_eps,2025-03-31
2356,8b5ada21-a12f-4044-837e-f494b4617932,quarterly_diluted_eps,2024-12-31
2356,8b5ada21-a12f-4044-837e-f494b4617932,quarterly_diluted_eps,2024-09-30
2356,8b5ada21-a12f-4044-837e-f494b4617932,diluted_weighted_average_shares,2026-06-30
2356,8b5ada21-a12f-4044-837e-f494b4617932,diluted_weighted_average_shares,2026-03-31
2356,8b5ada21-a12f-4044-837e-f494b4617932,diluted_weighted_average_shares,2025-12-31
2356,8b5ada21-a12f-4044-837e-f494b4617932,diluted_weighted_average_shares,2025-09-30
2356,8b5ada21-a12f-4044-837e-f494b4617932,diluted_weighted_average_shares,2025-06-30
2356,8b5ada21-a12f-4044-837e-f494b4617932,diluted_weighted_average_shares,2025-03-31
2356,8b5ada21-a12f-4044-837e-f494b4617932,diluted_weighted_average_shares,2024-12-31
2356,8b5ada21-a12f-4044-837e-f494b4617932,diluted_weighted_average_shares,2024-09-30
2360,c1c2de91-c704-4b5f-991f-1d411c512dff,quarterly_revenue,2026-06-30
2360,c1c2de91-c704-4b5f-991f-1d411c512dff,quarterly_revenue,2026-03-31
2360,c1c2de91-c704-4b5f-991f-1d411c512dff,quarterly_revenue,2025-12-31
2360,c1c2de91-c704-4b5f-991f-1d411c512dff,quarterly_revenue,2025-09-30
2360,c1c2de91-c704-4b5f-991f-1d411c512dff,quarterly_revenue,2025-06-30
2360,c1c2de91-c704-4b5f-991f-1d411c512dff,quarterly_revenue,2025-03-31
2360,c1c2de91-c704-4b5f-991f-1d411c512dff,quarterly_revenue,2024-12-31
2360,c1c2de91-c704-4b5f-991f-1d411c512dff,quarterly_revenue,2024-09-30
2360,c1c2de91-c704-4b5f-991f-1d411c512dff,quarterly_gross_profit,2026-06-30
2360,c1c2de91-c704-4b5f-991f-1d411c512dff,quarterly_gross_profit,2026-03-31
2360,c1c2de91-c704-4b5f-991f-1d411c512dff,quarterly_gross_profit,2025-12-31
2360,c1c2de91-c704-4b5f-991f-1d411c512dff,quarterly_gross_profit,2025-09-30
2360,c1c2de91-c704-4b5f-991f-1d411c512dff,quarterly_gross_profit,2025-06-30
2360,c1c2de91-c704-4b5f-991f-1d411c512dff,quarterly_gross_profit,2025-03-31
2360,c1c2de91-c704-4b5f-991f-1d411c512dff,quarterly_gross_profit,2024-12-31
2360,c1c2de91-c704-4b5f-991f-1d411c512dff,quarterly_gross_profit,2024-09-30
2360,c1c2de91-c704-4b5f-991f-1d411c512dff,quarterly_operating_income,2026-06-30
2360,c1c2de91-c704-4b5f-991f-1d411c512dff,quarterly_operating_income,2026-03-31
2360,c1c2de91-c704-4b5f-991f-1d411c512dff,quarterly_operating_income,2025-12-31
2360,c1c2de91-c704-4b5f-991f-1d411c512dff,quarterly_operating_income,2025-09-30
2360,c1c2de91-c704-4b5f-991f-1d411c512dff,quarterly_operating_income,2025-06-30
2360,c1c2de91-c704-4b5f-991f-1d411c512dff,quarterly_operating_income,2025-03-31
2360,c1c2de91-c704-4b5f-991f-1d411c512dff,quarterly_operating_income,2024-12-31
2360,c1c2de91-c704-4b5f-991f-1d411c512dff,quarterly_operating_income,2024-09-30
2360,c1c2de91-c704-4b5f-991f-1d411c512dff,quarterly_net_income_attributable_to_common,2026-06-30
2360,c1c2de91-c704-4b5f-991f-1d411c512dff,quarterly_net_income_attributable_to_common,2026-03-31
2360,c1c2de91-c704-4b5f-991f-1d411c512dff,quarterly_net_income_attributable_to_common,2025-12-31
2360,c1c2de91-c704-4b5f-991f-1d411c512dff,quarterly_net_income_attributable_to_common,2025-09-30
2360,c1c2de91-c704-4b5f-991f-1d411c512dff,quarterly_net_income_attributable_to_common,2025-06-30
2360,c1c2de91-c704-4b5f-991f-1d411c512dff,quarterly_net_income_attributable_to_common,2025-03-31
2360,c1c2de91-c704-4b5f-991f-1d411c512dff,quarterly_net_income_attributable_to_common,2024-12-31
2360,c1c2de91-c704-4b5f-991f-1d411c512dff,quarterly_net_income_attributable_to_common,2024-09-30
2360,c1c2de91-c704-4b5f-991f-1d411c512dff,quarterly_diluted_eps,2026-06-30
2360,c1c2de91-c704-4b5f-991f-1d411c512dff,quarterly_diluted_eps,2026-03-31
2360,c1c2de91-c704-4b5f-991f-1d411c512dff,quarterly_diluted_eps,2025-12-31
2360,c1c2de91-c704-4b5f-991f-1d411c512dff,quarterly_diluted_eps,2025-09-30
2360,c1c2de91-c704-4b5f-991f-1d411c512dff,quarterly_diluted_eps,2025-06-30
2360,c1c2de91-c704-4b5f-991f-1d411c512dff,quarterly_diluted_eps,2025-03-31
2360,c1c2de91-c704-4b5f-991f-1d411c512dff,quarterly_diluted_eps,2024-12-31
2360,c1c2de91-c704-4b5f-991f-1d411c512dff,quarterly_diluted_eps,2024-09-30
2360,c1c2de91-c704-4b5f-991f-1d411c512dff,diluted_weighted_average_shares,2026-06-30
2360,c1c2de91-c704-4b5f-991f-1d411c512dff,diluted_weighted_average_shares,2026-03-31
2360,c1c2de91-c704-4b5f-991f-1d411c512dff,diluted_weighted_average_shares,2025-12-31
2360,c1c2de91-c704-4b5f-991f-1d411c512dff,diluted_weighted_average_shares,2025-09-30
2360,c1c2de91-c704-4b5f-991f-1d411c512dff,diluted_weighted_average_shares,2025-06-30
2360,c1c2de91-c704-4b5f-991f-1d411c512dff,diluted_weighted_average_shares,2025-03-31
2360,c1c2de91-c704-4b5f-991f-1d411c512dff,diluted_weighted_average_shares,2024-12-31
2360,c1c2de91-c704-4b5f-991f-1d411c512dff,diluted_weighted_average_shares,2024-09-30
2368,aacb4d4c-0e45-4cbc-aacb-e051f19ba87f,quarterly_revenue,2026-06-30
2368,aacb4d4c-0e45-4cbc-aacb-e051f19ba87f,quarterly_revenue,2026-03-31
2368,aacb4d4c-0e45-4cbc-aacb-e051f19ba87f,quarterly_revenue,2025-12-31
2368,aacb4d4c-0e45-4cbc-aacb-e051f19ba87f,quarterly_revenue,2025-09-30
2368,aacb4d4c-0e45-4cbc-aacb-e051f19ba87f,quarterly_revenue,2025-06-30
2368,aacb4d4c-0e45-4cbc-aacb-e051f19ba87f,quarterly_revenue,2025-03-31
2368,aacb4d4c-0e45-4cbc-aacb-e051f19ba87f,quarterly_revenue,2024-12-31
2368,aacb4d4c-0e45-4cbc-aacb-e051f19ba87f,quarterly_revenue,2024-09-30
2368,aacb4d4c-0e45-4cbc-aacb-e051f19ba87f,quarterly_gross_profit,2026-06-30
2368,aacb4d4c-0e45-4cbc-aacb-e051f19ba87f,quarterly_gross_profit,2026-03-31
2368,aacb4d4c-0e45-4cbc-aacb-e051f19ba87f,quarterly_gross_profit,2025-12-31
2368,aacb4d4c-0e45-4cbc-aacb-e051f19ba87f,quarterly_gross_profit,2025-09-30
2368,aacb4d4c-0e45-4cbc-aacb-e051f19ba87f,quarterly_gross_profit,2025-06-30
2368,aacb4d4c-0e45-4cbc-aacb-e051f19ba87f,quarterly_gross_profit,2025-03-31
2368,aacb4d4c-0e45-4cbc-aacb-e051f19ba87f,quarterly_gross_profit,2024-12-31
2368,aacb4d4c-0e45-4cbc-aacb-e051f19ba87f,quarterly_gross_profit,2024-09-30
2368,aacb4d4c-0e45-4cbc-aacb-e051f19ba87f,quarterly_operating_income,2026-06-30
2368,aacb4d4c-0e45-4cbc-aacb-e051f19ba87f,quarterly_operating_income,2026-03-31
2368,aacb4d4c-0e45-4cbc-aacb-e051f19ba87f,quarterly_operating_income,2025-12-31
2368,aacb4d4c-0e45-4cbc-aacb-e051f19ba87f,quarterly_operating_income,2025-09-30
2368,aacb4d4c-0e45-4cbc-aacb-e051f19ba87f,quarterly_operating_income,2025-06-30
2368,aacb4d4c-0e45-4cbc-aacb-e051f19ba87f,quarterly_operating_income,2025-03-31
2368,aacb4d4c-0e45-4cbc-aacb-e051f19ba87f,quarterly_operating_income,2024-12-31
2368,aacb4d4c-0e45-4cbc-aacb-e051f19ba87f,quarterly_operating_income,2024-09-30
2368,aacb4d4c-0e45-4cbc-aacb-e051f19ba87f,quarterly_net_income_attributable_to_common,2026-06-30
2368,aacb4d4c-0e45-4cbc-aacb-e051f19ba87f,quarterly_net_income_attributable_to_common,2026-03-31
2368,aacb4d4c-0e45-4cbc-aacb-e051f19ba87f,quarterly_net_income_attributable_to_common,2025-12-31
2368,aacb4d4c-0e45-4cbc-aacb-e051f19ba87f,quarterly_net_income_attributable_to_common,2025-09-30
2368,aacb4d4c-0e45-4cbc-aacb-e051f19ba87f,quarterly_net_income_attributable_to_common,2025-06-30
2368,aacb4d4c-0e45-4cbc-aacb-e051f19ba87f,quarterly_net_income_attributable_to_common,2025-03-31
2368,aacb4d4c-0e45-4cbc-aacb-e051f19ba87f,quarterly_net_income_attributable_to_common,2024-12-31
2368,aacb4d4c-0e45-4cbc-aacb-e051f19ba87f,quarterly_net_income_attributable_to_common,2024-09-30
2368,aacb4d4c-0e45-4cbc-aacb-e051f19ba87f,quarterly_diluted_eps,2026-06-30
2368,aacb4d4c-0e45-4cbc-aacb-e051f19ba87f,quarterly_diluted_eps,2026-03-31
2368,aacb4d4c-0e45-4cbc-aacb-e051f19ba87f,quarterly_diluted_eps,2025-12-31
2368,aacb4d4c-0e45-4cbc-aacb-e051f19ba87f,quarterly_diluted_eps,2025-09-30
2368,aacb4d4c-0e45-4cbc-aacb-e051f19ba87f,quarterly_diluted_eps,2025-06-30
2368,aacb4d4c-0e45-4cbc-aacb-e051f19ba87f,quarterly_diluted_eps,2025-03-31
2368,aacb4d4c-0e45-4cbc-aacb-e051f19ba87f,quarterly_diluted_eps,2024-12-31
2368,aacb4d4c-0e45-4cbc-aacb-e051f19ba87f,quarterly_diluted_eps,2024-09-30
2368,aacb4d4c-0e45-4cbc-aacb-e051f19ba87f,diluted_weighted_average_shares,2026-06-30
2368,aacb4d4c-0e45-4cbc-aacb-e051f19ba87f,diluted_weighted_average_shares,2026-03-31
2368,aacb4d4c-0e45-4cbc-aacb-e051f19ba87f,diluted_weighted_average_shares,2025-12-31
2368,aacb4d4c-0e45-4cbc-aacb-e051f19ba87f,diluted_weighted_average_shares,2025-09-30
2368,aacb4d4c-0e45-4cbc-aacb-e051f19ba87f,diluted_weighted_average_shares,2025-06-30
2368,aacb4d4c-0e45-4cbc-aacb-e051f19ba87f,diluted_weighted_average_shares,2025-03-31
2368,aacb4d4c-0e45-4cbc-aacb-e051f19ba87f,diluted_weighted_average_shares,2024-12-31
2368,aacb4d4c-0e45-4cbc-aacb-e051f19ba87f,diluted_weighted_average_shares,2024-09-30
2376,3dcd8444-a368-44ce-b166-6da989503cbe,quarterly_revenue,2026-06-30
2376,3dcd8444-a368-44ce-b166-6da989503cbe,quarterly_revenue,2026-03-31
2376,3dcd8444-a368-44ce-b166-6da989503cbe,quarterly_revenue,2025-12-31
2376,3dcd8444-a368-44ce-b166-6da989503cbe,quarterly_revenue,2025-09-30
2376,3dcd8444-a368-44ce-b166-6da989503cbe,quarterly_revenue,2025-06-30
2376,3dcd8444-a368-44ce-b166-6da989503cbe,quarterly_revenue,2025-03-31
2376,3dcd8444-a368-44ce-b166-6da989503cbe,quarterly_revenue,2024-12-31
2376,3dcd8444-a368-44ce-b166-6da989503cbe,quarterly_revenue,2024-09-30
2376,3dcd8444-a368-44ce-b166-6da989503cbe,quarterly_gross_profit,2026-06-30
2376,3dcd8444-a368-44ce-b166-6da989503cbe,quarterly_gross_profit,2026-03-31
2376,3dcd8444-a368-44ce-b166-6da989503cbe,quarterly_gross_profit,2025-12-31
2376,3dcd8444-a368-44ce-b166-6da989503cbe,quarterly_gross_profit,2025-09-30
2376,3dcd8444-a368-44ce-b166-6da989503cbe,quarterly_gross_profit,2025-06-30
2376,3dcd8444-a368-44ce-b166-6da989503cbe,quarterly_gross_profit,2025-03-31
2376,3dcd8444-a368-44ce-b166-6da989503cbe,quarterly_gross_profit,2024-12-31
2376,3dcd8444-a368-44ce-b166-6da989503cbe,quarterly_gross_profit,2024-09-30
2376,3dcd8444-a368-44ce-b166-6da989503cbe,quarterly_operating_income,2026-06-30
2376,3dcd8444-a368-44ce-b166-6da989503cbe,quarterly_operating_income,2026-03-31
2376,3dcd8444-a368-44ce-b166-6da989503cbe,quarterly_operating_income,2025-12-31
2376,3dcd8444-a368-44ce-b166-6da989503cbe,quarterly_operating_income,2025-09-30
2376,3dcd8444-a368-44ce-b166-6da989503cbe,quarterly_operating_income,2025-06-30
2376,3dcd8444-a368-44ce-b166-6da989503cbe,quarterly_operating_income,2025-03-31
2376,3dcd8444-a368-44ce-b166-6da989503cbe,quarterly_operating_income,2024-12-31
2376,3dcd8444-a368-44ce-b166-6da989503cbe,quarterly_operating_income,2024-09-30
2376,3dcd8444-a368-44ce-b166-6da989503cbe,quarterly_net_income_attributable_to_common,2026-06-30
2376,3dcd8444-a368-44ce-b166-6da989503cbe,quarterly_net_income_attributable_to_common,2026-03-31
2376,3dcd8444-a368-44ce-b166-6da989503cbe,quarterly_net_income_attributable_to_common,2025-12-31
2376,3dcd8444-a368-44ce-b166-6da989503cbe,quarterly_net_income_attributable_to_common,2025-09-30
2376,3dcd8444-a368-44ce-b166-6da989503cbe,quarterly_net_income_attributable_to_common,2025-06-30
2376,3dcd8444-a368-44ce-b166-6da989503cbe,quarterly_net_income_attributable_to_common,2025-03-31
2376,3dcd8444-a368-44ce-b166-6da989503cbe,quarterly_net_income_attributable_to_common,2024-12-31
2376,3dcd8444-a368-44ce-b166-6da989503cbe,quarterly_net_income_attributable_to_common,2024-09-30
2376,3dcd8444-a368-44ce-b166-6da989503cbe,quarterly_diluted_eps,2026-06-30
2376,3dcd8444-a368-44ce-b166-6da989503cbe,quarterly_diluted_eps,2026-03-31
2376,3dcd8444-a368-44ce-b166-6da989503cbe,quarterly_diluted_eps,2025-12-31
2376,3dcd8444-a368-44ce-b166-6da989503cbe,quarterly_diluted_eps,2025-09-30
2376,3dcd8444-a368-44ce-b166-6da989503cbe,quarterly_diluted_eps,2025-06-30
2376,3dcd8444-a368-44ce-b166-6da989503cbe,quarterly_diluted_eps,2025-03-31
2376,3dcd8444-a368-44ce-b166-6da989503cbe,quarterly_diluted_eps,2024-12-31
2376,3dcd8444-a368-44ce-b166-6da989503cbe,quarterly_diluted_eps,2024-09-30
2376,3dcd8444-a368-44ce-b166-6da989503cbe,diluted_weighted_average_shares,2026-06-30
2376,3dcd8444-a368-44ce-b166-6da989503cbe,diluted_weighted_average_shares,2026-03-31
2376,3dcd8444-a368-44ce-b166-6da989503cbe,diluted_weighted_average_shares,2025-12-31
2376,3dcd8444-a368-44ce-b166-6da989503cbe,diluted_weighted_average_shares,2025-09-30
2376,3dcd8444-a368-44ce-b166-6da989503cbe,diluted_weighted_average_shares,2025-06-30
2376,3dcd8444-a368-44ce-b166-6da989503cbe,diluted_weighted_average_shares,2025-03-31
2376,3dcd8444-a368-44ce-b166-6da989503cbe,diluted_weighted_average_shares,2024-12-31
2376,3dcd8444-a368-44ce-b166-6da989503cbe,diluted_weighted_average_shares,2024-09-30
2377,8d1ac566-0c31-4e36-9948-f6933287e9c1,quarterly_revenue,2026-06-30
2377,8d1ac566-0c31-4e36-9948-f6933287e9c1,quarterly_revenue,2026-03-31
2377,8d1ac566-0c31-4e36-9948-f6933287e9c1,quarterly_revenue,2025-12-31
2377,8d1ac566-0c31-4e36-9948-f6933287e9c1,quarterly_revenue,2025-09-30
2377,8d1ac566-0c31-4e36-9948-f6933287e9c1,quarterly_revenue,2025-06-30
2377,8d1ac566-0c31-4e36-9948-f6933287e9c1,quarterly_revenue,2025-03-31
2377,8d1ac566-0c31-4e36-9948-f6933287e9c1,quarterly_revenue,2024-12-31
2377,8d1ac566-0c31-4e36-9948-f6933287e9c1,quarterly_revenue,2024-09-30
2377,8d1ac566-0c31-4e36-9948-f6933287e9c1,quarterly_gross_profit,2026-06-30
2377,8d1ac566-0c31-4e36-9948-f6933287e9c1,quarterly_gross_profit,2026-03-31
2377,8d1ac566-0c31-4e36-9948-f6933287e9c1,quarterly_gross_profit,2025-12-31
2377,8d1ac566-0c31-4e36-9948-f6933287e9c1,quarterly_gross_profit,2025-09-30
2377,8d1ac566-0c31-4e36-9948-f6933287e9c1,quarterly_gross_profit,2025-06-30
2377,8d1ac566-0c31-4e36-9948-f6933287e9c1,quarterly_gross_profit,2025-03-31
2377,8d1ac566-0c31-4e36-9948-f6933287e9c1,quarterly_gross_profit,2024-12-31
2377,8d1ac566-0c31-4e36-9948-f6933287e9c1,quarterly_gross_profit,2024-09-30
2377,8d1ac566-0c31-4e36-9948-f6933287e9c1,quarterly_operating_income,2026-06-30
2377,8d1ac566-0c31-4e36-9948-f6933287e9c1,quarterly_operating_income,2026-03-31
2377,8d1ac566-0c31-4e36-9948-f6933287e9c1,quarterly_operating_income,2025-12-31
2377,8d1ac566-0c31-4e36-9948-f6933287e9c1,quarterly_operating_income,2025-09-30
2377,8d1ac566-0c31-4e36-9948-f6933287e9c1,quarterly_operating_income,2025-06-30
2377,8d1ac566-0c31-4e36-9948-f6933287e9c1,quarterly_operating_income,2025-03-31
2377,8d1ac566-0c31-4e36-9948-f6933287e9c1,quarterly_operating_income,2024-12-31
2377,8d1ac566-0c31-4e36-9948-f6933287e9c1,quarterly_operating_income,2024-09-30
2377,8d1ac566-0c31-4e36-9948-f6933287e9c1,quarterly_net_income_attributable_to_common,2026-06-30
2377,8d1ac566-0c31-4e36-9948-f6933287e9c1,quarterly_net_income_attributable_to_common,2026-03-31
2377,8d1ac566-0c31-4e36-9948-f6933287e9c1,quarterly_net_income_attributable_to_common,2025-12-31
2377,8d1ac566-0c31-4e36-9948-f6933287e9c1,quarterly_net_income_attributable_to_common,2025-09-30
2377,8d1ac566-0c31-4e36-9948-f6933287e9c1,quarterly_net_income_attributable_to_common,2025-06-30
2377,8d1ac566-0c31-4e36-9948-f6933287e9c1,quarterly_net_income_attributable_to_common,2025-03-31
2377,8d1ac566-0c31-4e36-9948-f6933287e9c1,quarterly_net_income_attributable_to_common,2024-12-31
2377,8d1ac566-0c31-4e36-9948-f6933287e9c1,quarterly_net_income_attributable_to_common,2024-09-30
2377,8d1ac566-0c31-4e36-9948-f6933287e9c1,quarterly_diluted_eps,2026-06-30
2377,8d1ac566-0c31-4e36-9948-f6933287e9c1,quarterly_diluted_eps,2026-03-31
2377,8d1ac566-0c31-4e36-9948-f6933287e9c1,quarterly_diluted_eps,2025-12-31
2377,8d1ac566-0c31-4e36-9948-f6933287e9c1,quarterly_diluted_eps,2025-09-30
2377,8d1ac566-0c31-4e36-9948-f6933287e9c1,quarterly_diluted_eps,2025-06-30
2377,8d1ac566-0c31-4e36-9948-f6933287e9c1,quarterly_diluted_eps,2025-03-31
2377,8d1ac566-0c31-4e36-9948-f6933287e9c1,quarterly_diluted_eps,2024-12-31
2377,8d1ac566-0c31-4e36-9948-f6933287e9c1,quarterly_diluted_eps,2024-09-30
2377,8d1ac566-0c31-4e36-9948-f6933287e9c1,diluted_weighted_average_shares,2026-06-30
2377,8d1ac566-0c31-4e36-9948-f6933287e9c1,diluted_weighted_average_shares,2026-03-31
2377,8d1ac566-0c31-4e36-9948-f6933287e9c1,diluted_weighted_average_shares,2025-12-31
2377,8d1ac566-0c31-4e36-9948-f6933287e9c1,diluted_weighted_average_shares,2025-09-30
2377,8d1ac566-0c31-4e36-9948-f6933287e9c1,diluted_weighted_average_shares,2025-06-30
2377,8d1ac566-0c31-4e36-9948-f6933287e9c1,diluted_weighted_average_shares,2025-03-31
2377,8d1ac566-0c31-4e36-9948-f6933287e9c1,diluted_weighted_average_shares,2024-12-31
2377,8d1ac566-0c31-4e36-9948-f6933287e9c1,diluted_weighted_average_shares,2024-09-30
2379,2411acc3-5df4-4aeb-b121-0dbd5d676b46,quarterly_revenue,2026-06-30
2379,2411acc3-5df4-4aeb-b121-0dbd5d676b46,quarterly_revenue,2026-03-31
2379,2411acc3-5df4-4aeb-b121-0dbd5d676b46,quarterly_revenue,2025-12-31
2379,2411acc3-5df4-4aeb-b121-0dbd5d676b46,quarterly_revenue,2025-09-30
2379,2411acc3-5df4-4aeb-b121-0dbd5d676b46,quarterly_revenue,2025-06-30
2379,2411acc3-5df4-4aeb-b121-0dbd5d676b46,quarterly_revenue,2025-03-31
2379,2411acc3-5df4-4aeb-b121-0dbd5d676b46,quarterly_revenue,2024-12-31
2379,2411acc3-5df4-4aeb-b121-0dbd5d676b46,quarterly_revenue,2024-09-30
2379,2411acc3-5df4-4aeb-b121-0dbd5d676b46,quarterly_gross_profit,2026-06-30
2379,2411acc3-5df4-4aeb-b121-0dbd5d676b46,quarterly_gross_profit,2026-03-31
2379,2411acc3-5df4-4aeb-b121-0dbd5d676b46,quarterly_gross_profit,2025-12-31
2379,2411acc3-5df4-4aeb-b121-0dbd5d676b46,quarterly_gross_profit,2025-09-30
2379,2411acc3-5df4-4aeb-b121-0dbd5d676b46,quarterly_gross_profit,2025-06-30
2379,2411acc3-5df4-4aeb-b121-0dbd5d676b46,quarterly_gross_profit,2025-03-31
2379,2411acc3-5df4-4aeb-b121-0dbd5d676b46,quarterly_gross_profit,2024-12-31
2379,2411acc3-5df4-4aeb-b121-0dbd5d676b46,quarterly_gross_profit,2024-09-30
2379,2411acc3-5df4-4aeb-b121-0dbd5d676b46,quarterly_operating_income,2026-06-30
2379,2411acc3-5df4-4aeb-b121-0dbd5d676b46,quarterly_operating_income,2026-03-31
2379,2411acc3-5df4-4aeb-b121-0dbd5d676b46,quarterly_operating_income,2025-12-31
2379,2411acc3-5df4-4aeb-b121-0dbd5d676b46,quarterly_operating_income,2025-09-30
2379,2411acc3-5df4-4aeb-b121-0dbd5d676b46,quarterly_operating_income,2025-06-30
2379,2411acc3-5df4-4aeb-b121-0dbd5d676b46,quarterly_operating_income,2025-03-31
2379,2411acc3-5df4-4aeb-b121-0dbd5d676b46,quarterly_operating_income,2024-12-31
2379,2411acc3-5df4-4aeb-b121-0dbd5d676b46,quarterly_operating_income,2024-09-30
2379,2411acc3-5df4-4aeb-b121-0dbd5d676b46,quarterly_net_income_attributable_to_common,2026-06-30
2379,2411acc3-5df4-4aeb-b121-0dbd5d676b46,quarterly_net_income_attributable_to_common,2026-03-31
2379,2411acc3-5df4-4aeb-b121-0dbd5d676b46,quarterly_net_income_attributable_to_common,2025-12-31
2379,2411acc3-5df4-4aeb-b121-0dbd5d676b46,quarterly_net_income_attributable_to_common,2025-09-30
2379,2411acc3-5df4-4aeb-b121-0dbd5d676b46,quarterly_net_income_attributable_to_common,2025-06-30
2379,2411acc3-5df4-4aeb-b121-0dbd5d676b46,quarterly_net_income_attributable_to_common,2025-03-31
2379,2411acc3-5df4-4aeb-b121-0dbd5d676b46,quarterly_net_income_attributable_to_common,2024-12-31
2379,2411acc3-5df4-4aeb-b121-0dbd5d676b46,quarterly_net_income_attributable_to_common,2024-09-30
2379,2411acc3-5df4-4aeb-b121-0dbd5d676b46,quarterly_diluted_eps,2026-06-30
2379,2411acc3-5df4-4aeb-b121-0dbd5d676b46,quarterly_diluted_eps,2026-03-31
2379,2411acc3-5df4-4aeb-b121-0dbd5d676b46,quarterly_diluted_eps,2025-12-31
2379,2411acc3-5df4-4aeb-b121-0dbd5d676b46,quarterly_diluted_eps,2025-09-30
2379,2411acc3-5df4-4aeb-b121-0dbd5d676b46,quarterly_diluted_eps,2025-06-30
2379,2411acc3-5df4-4aeb-b121-0dbd5d676b46,quarterly_diluted_eps,2025-03-31
2379,2411acc3-5df4-4aeb-b121-0dbd5d676b46,quarterly_diluted_eps,2024-12-31
2379,2411acc3-5df4-4aeb-b121-0dbd5d676b46,quarterly_diluted_eps,2024-09-30
2379,2411acc3-5df4-4aeb-b121-0dbd5d676b46,diluted_weighted_average_shares,2026-06-30
2379,2411acc3-5df4-4aeb-b121-0dbd5d676b46,diluted_weighted_average_shares,2026-03-31
2379,2411acc3-5df4-4aeb-b121-0dbd5d676b46,diluted_weighted_average_shares,2025-12-31
2379,2411acc3-5df4-4aeb-b121-0dbd5d676b46,diluted_weighted_average_shares,2025-09-30
2379,2411acc3-5df4-4aeb-b121-0dbd5d676b46,diluted_weighted_average_shares,2025-06-30
2379,2411acc3-5df4-4aeb-b121-0dbd5d676b46,diluted_weighted_average_shares,2025-03-31
2379,2411acc3-5df4-4aeb-b121-0dbd5d676b46,diluted_weighted_average_shares,2024-12-31
2379,2411acc3-5df4-4aeb-b121-0dbd5d676b46,diluted_weighted_average_shares,2024-09-30
2382,86d8823c-0f5d-453c-9e1f-0ab212ddfca8,quarterly_revenue,2026-06-30
2382,86d8823c-0f5d-453c-9e1f-0ab212ddfca8,quarterly_revenue,2026-03-31
2382,86d8823c-0f5d-453c-9e1f-0ab212ddfca8,quarterly_revenue,2025-12-31
2382,86d8823c-0f5d-453c-9e1f-0ab212ddfca8,quarterly_revenue,2025-09-30
2382,86d8823c-0f5d-453c-9e1f-0ab212ddfca8,quarterly_revenue,2025-06-30
2382,86d8823c-0f5d-453c-9e1f-0ab212ddfca8,quarterly_revenue,2025-03-31
2382,86d8823c-0f5d-453c-9e1f-0ab212ddfca8,quarterly_revenue,2024-12-31
2382,86d8823c-0f5d-453c-9e1f-0ab212ddfca8,quarterly_revenue,2024-09-30
2382,86d8823c-0f5d-453c-9e1f-0ab212ddfca8,quarterly_gross_profit,2026-06-30
2382,86d8823c-0f5d-453c-9e1f-0ab212ddfca8,quarterly_gross_profit,2026-03-31
2382,86d8823c-0f5d-453c-9e1f-0ab212ddfca8,quarterly_gross_profit,2025-12-31
2382,86d8823c-0f5d-453c-9e1f-0ab212ddfca8,quarterly_gross_profit,2025-09-30
2382,86d8823c-0f5d-453c-9e1f-0ab212ddfca8,quarterly_gross_profit,2025-06-30
2382,86d8823c-0f5d-453c-9e1f-0ab212ddfca8,quarterly_gross_profit,2025-03-31
2382,86d8823c-0f5d-453c-9e1f-0ab212ddfca8,quarterly_gross_profit,2024-12-31
2382,86d8823c-0f5d-453c-9e1f-0ab212ddfca8,quarterly_gross_profit,2024-09-30
2382,86d8823c-0f5d-453c-9e1f-0ab212ddfca8,quarterly_operating_income,2026-06-30
2382,86d8823c-0f5d-453c-9e1f-0ab212ddfca8,quarterly_operating_income,2026-03-31
2382,86d8823c-0f5d-453c-9e1f-0ab212ddfca8,quarterly_operating_income,2025-12-31
2382,86d8823c-0f5d-453c-9e1f-0ab212ddfca8,quarterly_operating_income,2025-09-30
2382,86d8823c-0f5d-453c-9e1f-0ab212ddfca8,quarterly_operating_income,2025-06-30
2382,86d8823c-0f5d-453c-9e1f-0ab212ddfca8,quarterly_operating_income,2025-03-31
2382,86d8823c-0f5d-453c-9e1f-0ab212ddfca8,quarterly_operating_income,2024-12-31
2382,86d8823c-0f5d-453c-9e1f-0ab212ddfca8,quarterly_operating_income,2024-09-30
2382,86d8823c-0f5d-453c-9e1f-0ab212ddfca8,quarterly_net_income_attributable_to_common,2026-06-30
2382,86d8823c-0f5d-453c-9e1f-0ab212ddfca8,quarterly_net_income_attributable_to_common,2026-03-31
2382,86d8823c-0f5d-453c-9e1f-0ab212ddfca8,quarterly_net_income_attributable_to_common,2025-12-31
2382,86d8823c-0f5d-453c-9e1f-0ab212ddfca8,quarterly_net_income_attributable_to_common,2025-09-30
2382,86d8823c-0f5d-453c-9e1f-0ab212ddfca8,quarterly_net_income_attributable_to_common,2025-06-30
2382,86d8823c-0f5d-453c-9e1f-0ab212ddfca8,quarterly_net_income_attributable_to_common,2025-03-31
2382,86d8823c-0f5d-453c-9e1f-0ab212ddfca8,quarterly_net_income_attributable_to_common,2024-12-31
2382,86d8823c-0f5d-453c-9e1f-0ab212ddfca8,quarterly_net_income_attributable_to_common,2024-09-30
2382,86d8823c-0f5d-453c-9e1f-0ab212ddfca8,quarterly_diluted_eps,2026-06-30
2382,86d8823c-0f5d-453c-9e1f-0ab212ddfca8,quarterly_diluted_eps,2026-03-31
2382,86d8823c-0f5d-453c-9e1f-0ab212ddfca8,quarterly_diluted_eps,2025-12-31
2382,86d8823c-0f5d-453c-9e1f-0ab212ddfca8,quarterly_diluted_eps,2025-09-30
2382,86d8823c-0f5d-453c-9e1f-0ab212ddfca8,quarterly_diluted_eps,2025-06-30
2382,86d8823c-0f5d-453c-9e1f-0ab212ddfca8,quarterly_diluted_eps,2025-03-31
2382,86d8823c-0f5d-453c-9e1f-0ab212ddfca8,quarterly_diluted_eps,2024-12-31
2382,86d8823c-0f5d-453c-9e1f-0ab212ddfca8,quarterly_diluted_eps,2024-09-30
2382,86d8823c-0f5d-453c-9e1f-0ab212ddfca8,diluted_weighted_average_shares,2026-06-30
2382,86d8823c-0f5d-453c-9e1f-0ab212ddfca8,diluted_weighted_average_shares,2026-03-31
2382,86d8823c-0f5d-453c-9e1f-0ab212ddfca8,diluted_weighted_average_shares,2025-12-31
2382,86d8823c-0f5d-453c-9e1f-0ab212ddfca8,diluted_weighted_average_shares,2025-09-30
2382,86d8823c-0f5d-453c-9e1f-0ab212ddfca8,diluted_weighted_average_shares,2025-06-30
2382,86d8823c-0f5d-453c-9e1f-0ab212ddfca8,diluted_weighted_average_shares,2025-03-31
2382,86d8823c-0f5d-453c-9e1f-0ab212ddfca8,diluted_weighted_average_shares,2024-12-31
2382,86d8823c-0f5d-453c-9e1f-0ab212ddfca8,diluted_weighted_average_shares,2024-09-30
2383,1ebf2d6d-a1ea-4bf1-9e3f-81ee4974e674,quarterly_revenue,2026-06-30
2383,1ebf2d6d-a1ea-4bf1-9e3f-81ee4974e674,quarterly_revenue,2026-03-31
2383,1ebf2d6d-a1ea-4bf1-9e3f-81ee4974e674,quarterly_revenue,2025-12-31
2383,1ebf2d6d-a1ea-4bf1-9e3f-81ee4974e674,quarterly_revenue,2025-09-30
2383,1ebf2d6d-a1ea-4bf1-9e3f-81ee4974e674,quarterly_revenue,2025-06-30
2383,1ebf2d6d-a1ea-4bf1-9e3f-81ee4974e674,quarterly_revenue,2025-03-31
2383,1ebf2d6d-a1ea-4bf1-9e3f-81ee4974e674,quarterly_revenue,2024-12-31
2383,1ebf2d6d-a1ea-4bf1-9e3f-81ee4974e674,quarterly_revenue,2024-09-30
2383,1ebf2d6d-a1ea-4bf1-9e3f-81ee4974e674,quarterly_gross_profit,2026-06-30
2383,1ebf2d6d-a1ea-4bf1-9e3f-81ee4974e674,quarterly_gross_profit,2026-03-31
2383,1ebf2d6d-a1ea-4bf1-9e3f-81ee4974e674,quarterly_gross_profit,2025-12-31
2383,1ebf2d6d-a1ea-4bf1-9e3f-81ee4974e674,quarterly_gross_profit,2025-09-30
2383,1ebf2d6d-a1ea-4bf1-9e3f-81ee4974e674,quarterly_gross_profit,2025-06-30
2383,1ebf2d6d-a1ea-4bf1-9e3f-81ee4974e674,quarterly_gross_profit,2025-03-31
2383,1ebf2d6d-a1ea-4bf1-9e3f-81ee4974e674,quarterly_gross_profit,2024-12-31
2383,1ebf2d6d-a1ea-4bf1-9e3f-81ee4974e674,quarterly_gross_profit,2024-09-30
2383,1ebf2d6d-a1ea-4bf1-9e3f-81ee4974e674,quarterly_operating_income,2026-06-30
2383,1ebf2d6d-a1ea-4bf1-9e3f-81ee4974e674,quarterly_operating_income,2026-03-31
2383,1ebf2d6d-a1ea-4bf1-9e3f-81ee4974e674,quarterly_operating_income,2025-12-31
2383,1ebf2d6d-a1ea-4bf1-9e3f-81ee4974e674,quarterly_operating_income,2025-09-30
2383,1ebf2d6d-a1ea-4bf1-9e3f-81ee4974e674,quarterly_operating_income,2025-06-30
2383,1ebf2d6d-a1ea-4bf1-9e3f-81ee4974e674,quarterly_operating_income,2025-03-31
2383,1ebf2d6d-a1ea-4bf1-9e3f-81ee4974e674,quarterly_operating_income,2024-12-31
2383,1ebf2d6d-a1ea-4bf1-9e3f-81ee4974e674,quarterly_operating_income,2024-09-30
2383,1ebf2d6d-a1ea-4bf1-9e3f-81ee4974e674,quarterly_net_income_attributable_to_common,2026-06-30
2383,1ebf2d6d-a1ea-4bf1-9e3f-81ee4974e674,quarterly_net_income_attributable_to_common,2026-03-31
2383,1ebf2d6d-a1ea-4bf1-9e3f-81ee4974e674,quarterly_net_income_attributable_to_common,2025-12-31
2383,1ebf2d6d-a1ea-4bf1-9e3f-81ee4974e674,quarterly_net_income_attributable_to_common,2025-09-30
2383,1ebf2d6d-a1ea-4bf1-9e3f-81ee4974e674,quarterly_net_income_attributable_to_common,2025-06-30
2383,1ebf2d6d-a1ea-4bf1-9e3f-81ee4974e674,quarterly_net_income_attributable_to_common,2025-03-31
2383,1ebf2d6d-a1ea-4bf1-9e3f-81ee4974e674,quarterly_net_income_attributable_to_common,2024-12-31
2383,1ebf2d6d-a1ea-4bf1-9e3f-81ee4974e674,quarterly_net_income_attributable_to_common,2024-09-30
2383,1ebf2d6d-a1ea-4bf1-9e3f-81ee4974e674,quarterly_diluted_eps,2026-06-30
2383,1ebf2d6d-a1ea-4bf1-9e3f-81ee4974e674,quarterly_diluted_eps,2026-03-31
2383,1ebf2d6d-a1ea-4bf1-9e3f-81ee4974e674,quarterly_diluted_eps,2025-12-31
2383,1ebf2d6d-a1ea-4bf1-9e3f-81ee4974e674,quarterly_diluted_eps,2025-09-30
2383,1ebf2d6d-a1ea-4bf1-9e3f-81ee4974e674,quarterly_diluted_eps,2025-06-30
2383,1ebf2d6d-a1ea-4bf1-9e3f-81ee4974e674,quarterly_diluted_eps,2025-03-31
2383,1ebf2d6d-a1ea-4bf1-9e3f-81ee4974e674,quarterly_diluted_eps,2024-12-31
2383,1ebf2d6d-a1ea-4bf1-9e3f-81ee4974e674,quarterly_diluted_eps,2024-09-30
2383,1ebf2d6d-a1ea-4bf1-9e3f-81ee4974e674,diluted_weighted_average_shares,2026-06-30
2383,1ebf2d6d-a1ea-4bf1-9e3f-81ee4974e674,diluted_weighted_average_shares,2026-03-31
2383,1ebf2d6d-a1ea-4bf1-9e3f-81ee4974e674,diluted_weighted_average_shares,2025-12-31
2383,1ebf2d6d-a1ea-4bf1-9e3f-81ee4974e674,diluted_weighted_average_shares,2025-09-30
2383,1ebf2d6d-a1ea-4bf1-9e3f-81ee4974e674,diluted_weighted_average_shares,2025-06-30
2383,1ebf2d6d-a1ea-4bf1-9e3f-81ee4974e674,diluted_weighted_average_shares,2025-03-31
2383,1ebf2d6d-a1ea-4bf1-9e3f-81ee4974e674,diluted_weighted_average_shares,2024-12-31
2383,1ebf2d6d-a1ea-4bf1-9e3f-81ee4974e674,diluted_weighted_average_shares,2024-09-30
2385,f020727a-30c2-4348-9a98-946ea5de3efe,quarterly_revenue,2026-06-30
2385,f020727a-30c2-4348-9a98-946ea5de3efe,quarterly_revenue,2026-03-31
2385,f020727a-30c2-4348-9a98-946ea5de3efe,quarterly_revenue,2025-12-31
2385,f020727a-30c2-4348-9a98-946ea5de3efe,quarterly_revenue,2025-09-30
2385,f020727a-30c2-4348-9a98-946ea5de3efe,quarterly_revenue,2025-06-30
2385,f020727a-30c2-4348-9a98-946ea5de3efe,quarterly_revenue,2025-03-31
2385,f020727a-30c2-4348-9a98-946ea5de3efe,quarterly_revenue,2024-12-31
2385,f020727a-30c2-4348-9a98-946ea5de3efe,quarterly_revenue,2024-09-30
2385,f020727a-30c2-4348-9a98-946ea5de3efe,quarterly_gross_profit,2026-06-30
2385,f020727a-30c2-4348-9a98-946ea5de3efe,quarterly_gross_profit,2026-03-31
2385,f020727a-30c2-4348-9a98-946ea5de3efe,quarterly_gross_profit,2025-12-31
2385,f020727a-30c2-4348-9a98-946ea5de3efe,quarterly_gross_profit,2025-09-30
2385,f020727a-30c2-4348-9a98-946ea5de3efe,quarterly_gross_profit,2025-06-30
2385,f020727a-30c2-4348-9a98-946ea5de3efe,quarterly_gross_profit,2025-03-31
2385,f020727a-30c2-4348-9a98-946ea5de3efe,quarterly_gross_profit,2024-12-31
2385,f020727a-30c2-4348-9a98-946ea5de3efe,quarterly_gross_profit,2024-09-30
2385,f020727a-30c2-4348-9a98-946ea5de3efe,quarterly_operating_income,2026-06-30
2385,f020727a-30c2-4348-9a98-946ea5de3efe,quarterly_operating_income,2026-03-31
2385,f020727a-30c2-4348-9a98-946ea5de3efe,quarterly_operating_income,2025-12-31
2385,f020727a-30c2-4348-9a98-946ea5de3efe,quarterly_operating_income,2025-09-30
2385,f020727a-30c2-4348-9a98-946ea5de3efe,quarterly_operating_income,2025-06-30
2385,f020727a-30c2-4348-9a98-946ea5de3efe,quarterly_operating_income,2025-03-31
2385,f020727a-30c2-4348-9a98-946ea5de3efe,quarterly_operating_income,2024-12-31
2385,f020727a-30c2-4348-9a98-946ea5de3efe,quarterly_operating_income,2024-09-30
2385,f020727a-30c2-4348-9a98-946ea5de3efe,quarterly_net_income_attributable_to_common,2026-06-30
2385,f020727a-30c2-4348-9a98-946ea5de3efe,quarterly_net_income_attributable_to_common,2026-03-31
2385,f020727a-30c2-4348-9a98-946ea5de3efe,quarterly_net_income_attributable_to_common,2025-12-31
2385,f020727a-30c2-4348-9a98-946ea5de3efe,quarterly_net_income_attributable_to_common,2025-09-30
2385,f020727a-30c2-4348-9a98-946ea5de3efe,quarterly_net_income_attributable_to_common,2025-06-30
2385,f020727a-30c2-4348-9a98-946ea5de3efe,quarterly_net_income_attributable_to_common,2025-03-31
2385,f020727a-30c2-4348-9a98-946ea5de3efe,quarterly_net_income_attributable_to_common,2024-12-31
2385,f020727a-30c2-4348-9a98-946ea5de3efe,quarterly_net_income_attributable_to_common,2024-09-30
2385,f020727a-30c2-4348-9a98-946ea5de3efe,quarterly_diluted_eps,2026-06-30
2385,f020727a-30c2-4348-9a98-946ea5de3efe,quarterly_diluted_eps,2026-03-31
2385,f020727a-30c2-4348-9a98-946ea5de3efe,quarterly_diluted_eps,2025-12-31
2385,f020727a-30c2-4348-9a98-946ea5de3efe,quarterly_diluted_eps,2025-09-30
2385,f020727a-30c2-4348-9a98-946ea5de3efe,quarterly_diluted_eps,2025-06-30
2385,f020727a-30c2-4348-9a98-946ea5de3efe,quarterly_diluted_eps,2025-03-31
2385,f020727a-30c2-4348-9a98-946ea5de3efe,quarterly_diluted_eps,2024-12-31
2385,f020727a-30c2-4348-9a98-946ea5de3efe,quarterly_diluted_eps,2024-09-30
2385,f020727a-30c2-4348-9a98-946ea5de3efe,diluted_weighted_average_shares,2026-06-30
2385,f020727a-30c2-4348-9a98-946ea5de3efe,diluted_weighted_average_shares,2026-03-31
2385,f020727a-30c2-4348-9a98-946ea5de3efe,diluted_weighted_average_shares,2025-12-31
2385,f020727a-30c2-4348-9a98-946ea5de3efe,diluted_weighted_average_shares,2025-09-30
2385,f020727a-30c2-4348-9a98-946ea5de3efe,diluted_weighted_average_shares,2025-06-30
2385,f020727a-30c2-4348-9a98-946ea5de3efe,diluted_weighted_average_shares,2025-03-31
2385,f020727a-30c2-4348-9a98-946ea5de3efe,diluted_weighted_average_shares,2024-12-31
2385,f020727a-30c2-4348-9a98-946ea5de3efe,diluted_weighted_average_shares,2024-09-30
2387,3a54e141-d957-4b0e-a1aa-7b0c00ca4ae8,quarterly_revenue,2026-06-30
2387,3a54e141-d957-4b0e-a1aa-7b0c00ca4ae8,quarterly_revenue,2026-03-31
2387,3a54e141-d957-4b0e-a1aa-7b0c00ca4ae8,quarterly_revenue,2025-12-31
2387,3a54e141-d957-4b0e-a1aa-7b0c00ca4ae8,quarterly_revenue,2025-09-30
2387,3a54e141-d957-4b0e-a1aa-7b0c00ca4ae8,quarterly_revenue,2025-06-30
2387,3a54e141-d957-4b0e-a1aa-7b0c00ca4ae8,quarterly_revenue,2025-03-31
2387,3a54e141-d957-4b0e-a1aa-7b0c00ca4ae8,quarterly_revenue,2024-12-31
2387,3a54e141-d957-4b0e-a1aa-7b0c00ca4ae8,quarterly_revenue,2024-09-30
2387,3a54e141-d957-4b0e-a1aa-7b0c00ca4ae8,quarterly_gross_profit,2026-06-30
2387,3a54e141-d957-4b0e-a1aa-7b0c00ca4ae8,quarterly_gross_profit,2026-03-31
2387,3a54e141-d957-4b0e-a1aa-7b0c00ca4ae8,quarterly_gross_profit,2025-12-31
2387,3a54e141-d957-4b0e-a1aa-7b0c00ca4ae8,quarterly_gross_profit,2025-09-30
2387,3a54e141-d957-4b0e-a1aa-7b0c00ca4ae8,quarterly_gross_profit,2025-06-30
2387,3a54e141-d957-4b0e-a1aa-7b0c00ca4ae8,quarterly_gross_profit,2025-03-31
2387,3a54e141-d957-4b0e-a1aa-7b0c00ca4ae8,quarterly_gross_profit,2024-12-31
2387,3a54e141-d957-4b0e-a1aa-7b0c00ca4ae8,quarterly_gross_profit,2024-09-30
2387,3a54e141-d957-4b0e-a1aa-7b0c00ca4ae8,quarterly_operating_income,2026-06-30
2387,3a54e141-d957-4b0e-a1aa-7b0c00ca4ae8,quarterly_operating_income,2026-03-31
2387,3a54e141-d957-4b0e-a1aa-7b0c00ca4ae8,quarterly_operating_income,2025-12-31
2387,3a54e141-d957-4b0e-a1aa-7b0c00ca4ae8,quarterly_operating_income,2025-09-30
2387,3a54e141-d957-4b0e-a1aa-7b0c00ca4ae8,quarterly_operating_income,2025-06-30
2387,3a54e141-d957-4b0e-a1aa-7b0c00ca4ae8,quarterly_operating_income,2025-03-31
2387,3a54e141-d957-4b0e-a1aa-7b0c00ca4ae8,quarterly_operating_income,2024-12-31
2387,3a54e141-d957-4b0e-a1aa-7b0c00ca4ae8,quarterly_operating_income,2024-09-30
2387,3a54e141-d957-4b0e-a1aa-7b0c00ca4ae8,quarterly_net_income_attributable_to_common,2026-06-30
2387,3a54e141-d957-4b0e-a1aa-7b0c00ca4ae8,quarterly_net_income_attributable_to_common,2026-03-31
2387,3a54e141-d957-4b0e-a1aa-7b0c00ca4ae8,quarterly_net_income_attributable_to_common,2025-12-31
2387,3a54e141-d957-4b0e-a1aa-7b0c00ca4ae8,quarterly_net_income_attributable_to_common,2025-09-30
2387,3a54e141-d957-4b0e-a1aa-7b0c00ca4ae8,quarterly_net_income_attributable_to_common,2025-06-30
2387,3a54e141-d957-4b0e-a1aa-7b0c00ca4ae8,quarterly_net_income_attributable_to_common,2025-03-31
2387,3a54e141-d957-4b0e-a1aa-7b0c00ca4ae8,quarterly_net_income_attributable_to_common,2024-12-31
2387,3a54e141-d957-4b0e-a1aa-7b0c00ca4ae8,quarterly_net_income_attributable_to_common,2024-09-30
2387,3a54e141-d957-4b0e-a1aa-7b0c00ca4ae8,quarterly_diluted_eps,2026-06-30
2387,3a54e141-d957-4b0e-a1aa-7b0c00ca4ae8,quarterly_diluted_eps,2026-03-31
2387,3a54e141-d957-4b0e-a1aa-7b0c00ca4ae8,quarterly_diluted_eps,2025-12-31
2387,3a54e141-d957-4b0e-a1aa-7b0c00ca4ae8,quarterly_diluted_eps,2025-09-30
2387,3a54e141-d957-4b0e-a1aa-7b0c00ca4ae8,quarterly_diluted_eps,2025-06-30
2387,3a54e141-d957-4b0e-a1aa-7b0c00ca4ae8,quarterly_diluted_eps,2025-03-31
2387,3a54e141-d957-4b0e-a1aa-7b0c00ca4ae8,quarterly_diluted_eps,2024-12-31
2387,3a54e141-d957-4b0e-a1aa-7b0c00ca4ae8,quarterly_diluted_eps,2024-09-30
2387,3a54e141-d957-4b0e-a1aa-7b0c00ca4ae8,diluted_weighted_average_shares,2026-06-30
2387,3a54e141-d957-4b0e-a1aa-7b0c00ca4ae8,diluted_weighted_average_shares,2026-03-31
2387,3a54e141-d957-4b0e-a1aa-7b0c00ca4ae8,diluted_weighted_average_shares,2025-12-31
2387,3a54e141-d957-4b0e-a1aa-7b0c00ca4ae8,diluted_weighted_average_shares,2025-09-30
2387,3a54e141-d957-4b0e-a1aa-7b0c00ca4ae8,diluted_weighted_average_shares,2025-06-30
2387,3a54e141-d957-4b0e-a1aa-7b0c00ca4ae8,diluted_weighted_average_shares,2025-03-31
2387,3a54e141-d957-4b0e-a1aa-7b0c00ca4ae8,diluted_weighted_average_shares,2024-12-31
2387,3a54e141-d957-4b0e-a1aa-7b0c00ca4ae8,diluted_weighted_average_shares,2024-09-30
2408,7593be0b-8526-4e9d-b405-9b6c04fcc7b8,quarterly_revenue,2026-06-30
2408,7593be0b-8526-4e9d-b405-9b6c04fcc7b8,quarterly_revenue,2026-03-31
2408,7593be0b-8526-4e9d-b405-9b6c04fcc7b8,quarterly_revenue,2025-12-31
2408,7593be0b-8526-4e9d-b405-9b6c04fcc7b8,quarterly_revenue,2025-09-30
2408,7593be0b-8526-4e9d-b405-9b6c04fcc7b8,quarterly_revenue,2025-06-30
2408,7593be0b-8526-4e9d-b405-9b6c04fcc7b8,quarterly_revenue,2025-03-31
2408,7593be0b-8526-4e9d-b405-9b6c04fcc7b8,quarterly_revenue,2024-12-31
2408,7593be0b-8526-4e9d-b405-9b6c04fcc7b8,quarterly_revenue,2024-09-30
2408,7593be0b-8526-4e9d-b405-9b6c04fcc7b8,quarterly_gross_profit,2026-06-30
2408,7593be0b-8526-4e9d-b405-9b6c04fcc7b8,quarterly_gross_profit,2026-03-31
2408,7593be0b-8526-4e9d-b405-9b6c04fcc7b8,quarterly_gross_profit,2025-12-31
2408,7593be0b-8526-4e9d-b405-9b6c04fcc7b8,quarterly_gross_profit,2025-09-30
2408,7593be0b-8526-4e9d-b405-9b6c04fcc7b8,quarterly_gross_profit,2025-06-30
2408,7593be0b-8526-4e9d-b405-9b6c04fcc7b8,quarterly_gross_profit,2025-03-31
2408,7593be0b-8526-4e9d-b405-9b6c04fcc7b8,quarterly_gross_profit,2024-12-31
2408,7593be0b-8526-4e9d-b405-9b6c04fcc7b8,quarterly_gross_profit,2024-09-30
2408,7593be0b-8526-4e9d-b405-9b6c04fcc7b8,quarterly_operating_income,2026-06-30
2408,7593be0b-8526-4e9d-b405-9b6c04fcc7b8,quarterly_operating_income,2026-03-31
2408,7593be0b-8526-4e9d-b405-9b6c04fcc7b8,quarterly_operating_income,2025-12-31
2408,7593be0b-8526-4e9d-b405-9b6c04fcc7b8,quarterly_operating_income,2025-09-30
2408,7593be0b-8526-4e9d-b405-9b6c04fcc7b8,quarterly_operating_income,2025-06-30
2408,7593be0b-8526-4e9d-b405-9b6c04fcc7b8,quarterly_operating_income,2025-03-31
2408,7593be0b-8526-4e9d-b405-9b6c04fcc7b8,quarterly_operating_income,2024-12-31
2408,7593be0b-8526-4e9d-b405-9b6c04fcc7b8,quarterly_operating_income,2024-09-30
2408,7593be0b-8526-4e9d-b405-9b6c04fcc7b8,quarterly_net_income_attributable_to_common,2026-06-30
2408,7593be0b-8526-4e9d-b405-9b6c04fcc7b8,quarterly_net_income_attributable_to_common,2026-03-31
2408,7593be0b-8526-4e9d-b405-9b6c04fcc7b8,quarterly_net_income_attributable_to_common,2025-12-31
2408,7593be0b-8526-4e9d-b405-9b6c04fcc7b8,quarterly_net_income_attributable_to_common,2025-09-30
2408,7593be0b-8526-4e9d-b405-9b6c04fcc7b8,quarterly_net_income_attributable_to_common,2025-06-30
2408,7593be0b-8526-4e9d-b405-9b6c04fcc7b8,quarterly_net_income_attributable_to_common,2025-03-31
2408,7593be0b-8526-4e9d-b405-9b6c04fcc7b8,quarterly_net_income_attributable_to_common,2024-12-31
2408,7593be0b-8526-4e9d-b405-9b6c04fcc7b8,quarterly_net_income_attributable_to_common,2024-09-30
2408,7593be0b-8526-4e9d-b405-9b6c04fcc7b8,quarterly_diluted_eps,2026-06-30
2408,7593be0b-8526-4e9d-b405-9b6c04fcc7b8,quarterly_diluted_eps,2026-03-31
2408,7593be0b-8526-4e9d-b405-9b6c04fcc7b8,quarterly_diluted_eps,2025-12-31
2408,7593be0b-8526-4e9d-b405-9b6c04fcc7b8,quarterly_diluted_eps,2025-09-30
2408,7593be0b-8526-4e9d-b405-9b6c04fcc7b8,quarterly_diluted_eps,2025-06-30
2408,7593be0b-8526-4e9d-b405-9b6c04fcc7b8,quarterly_diluted_eps,2025-03-31
2408,7593be0b-8526-4e9d-b405-9b6c04fcc7b8,quarterly_diluted_eps,2024-12-31
2408,7593be0b-8526-4e9d-b405-9b6c04fcc7b8,quarterly_diluted_eps,2024-09-30
2408,7593be0b-8526-4e9d-b405-9b6c04fcc7b8,diluted_weighted_average_shares,2026-06-30
2408,7593be0b-8526-4e9d-b405-9b6c04fcc7b8,diluted_weighted_average_shares,2026-03-31
2408,7593be0b-8526-4e9d-b405-9b6c04fcc7b8,diluted_weighted_average_shares,2025-12-31
2408,7593be0b-8526-4e9d-b405-9b6c04fcc7b8,diluted_weighted_average_shares,2025-09-30
2408,7593be0b-8526-4e9d-b405-9b6c04fcc7b8,diluted_weighted_average_shares,2025-06-30
2408,7593be0b-8526-4e9d-b405-9b6c04fcc7b8,diluted_weighted_average_shares,2025-03-31
2408,7593be0b-8526-4e9d-b405-9b6c04fcc7b8,diluted_weighted_average_shares,2024-12-31
2408,7593be0b-8526-4e9d-b405-9b6c04fcc7b8,diluted_weighted_average_shares,2024-09-30
2409,d729e8e4-0359-4345-9931-7e6ed68a13a8,quarterly_revenue,2026-06-30
2409,d729e8e4-0359-4345-9931-7e6ed68a13a8,quarterly_revenue,2026-03-31
2409,d729e8e4-0359-4345-9931-7e6ed68a13a8,quarterly_revenue,2025-12-31
2409,d729e8e4-0359-4345-9931-7e6ed68a13a8,quarterly_revenue,2025-09-30
2409,d729e8e4-0359-4345-9931-7e6ed68a13a8,quarterly_revenue,2025-06-30
2409,d729e8e4-0359-4345-9931-7e6ed68a13a8,quarterly_revenue,2025-03-31
2409,d729e8e4-0359-4345-9931-7e6ed68a13a8,quarterly_revenue,2024-12-31
2409,d729e8e4-0359-4345-9931-7e6ed68a13a8,quarterly_revenue,2024-09-30
2409,d729e8e4-0359-4345-9931-7e6ed68a13a8,quarterly_gross_profit,2026-06-30
2409,d729e8e4-0359-4345-9931-7e6ed68a13a8,quarterly_gross_profit,2026-03-31
2409,d729e8e4-0359-4345-9931-7e6ed68a13a8,quarterly_gross_profit,2025-12-31
2409,d729e8e4-0359-4345-9931-7e6ed68a13a8,quarterly_gross_profit,2025-09-30
2409,d729e8e4-0359-4345-9931-7e6ed68a13a8,quarterly_gross_profit,2025-06-30
2409,d729e8e4-0359-4345-9931-7e6ed68a13a8,quarterly_gross_profit,2025-03-31
2409,d729e8e4-0359-4345-9931-7e6ed68a13a8,quarterly_gross_profit,2024-12-31
2409,d729e8e4-0359-4345-9931-7e6ed68a13a8,quarterly_gross_profit,2024-09-30
2409,d729e8e4-0359-4345-9931-7e6ed68a13a8,quarterly_operating_income,2026-06-30
2409,d729e8e4-0359-4345-9931-7e6ed68a13a8,quarterly_operating_income,2026-03-31
2409,d729e8e4-0359-4345-9931-7e6ed68a13a8,quarterly_operating_income,2025-12-31
2409,d729e8e4-0359-4345-9931-7e6ed68a13a8,quarterly_operating_income,2025-09-30
2409,d729e8e4-0359-4345-9931-7e6ed68a13a8,quarterly_operating_income,2025-06-30
2409,d729e8e4-0359-4345-9931-7e6ed68a13a8,quarterly_operating_income,2025-03-31
2409,d729e8e4-0359-4345-9931-7e6ed68a13a8,quarterly_operating_income,2024-12-31
2409,d729e8e4-0359-4345-9931-7e6ed68a13a8,quarterly_operating_income,2024-09-30
2409,d729e8e4-0359-4345-9931-7e6ed68a13a8,quarterly_net_income_attributable_to_common,2026-06-30
2409,d729e8e4-0359-4345-9931-7e6ed68a13a8,quarterly_net_income_attributable_to_common,2026-03-31
2409,d729e8e4-0359-4345-9931-7e6ed68a13a8,quarterly_net_income_attributable_to_common,2025-12-31
2409,d729e8e4-0359-4345-9931-7e6ed68a13a8,quarterly_net_income_attributable_to_common,2025-09-30
2409,d729e8e4-0359-4345-9931-7e6ed68a13a8,quarterly_net_income_attributable_to_common,2025-06-30
2409,d729e8e4-0359-4345-9931-7e6ed68a13a8,quarterly_net_income_attributable_to_common,2025-03-31
2409,d729e8e4-0359-4345-9931-7e6ed68a13a8,quarterly_net_income_attributable_to_common,2024-12-31
2409,d729e8e4-0359-4345-9931-7e6ed68a13a8,quarterly_net_income_attributable_to_common,2024-09-30
2409,d729e8e4-0359-4345-9931-7e6ed68a13a8,common_equity_attributable_to_owners,2026-06-30
2409,d729e8e4-0359-4345-9931-7e6ed68a13a8,common_shares_outstanding,2026-06-30
2409,d729e8e4-0359-4345-9931-7e6ed68a13a8,Display:revenue,latest_reported_quarter
2409,d729e8e4-0359-4345-9931-7e6ed68a13a8,Display:operating_income,latest_reported_quarter
2409,d729e8e4-0359-4345-9931-7e6ed68a13a8,Mobility Solutions:revenue,latest_reported_quarter
2409,d729e8e4-0359-4345-9931-7e6ed68a13a8,Mobility Solutions:operating_income,latest_reported_quarter
2409,d729e8e4-0359-4345-9931-7e6ed68a13a8,Vertical Solutions:revenue,latest_reported_quarter
2409,d729e8e4-0359-4345-9931-7e6ed68a13a8,Vertical Solutions:operating_income,latest_reported_quarter
2413,f49f036f-11f3-42c3-9495-8a78b1a69f61,quarterly_revenue,2026-06-30
2413,f49f036f-11f3-42c3-9495-8a78b1a69f61,quarterly_revenue,2026-03-31
2413,f49f036f-11f3-42c3-9495-8a78b1a69f61,quarterly_revenue,2025-12-31
2413,f49f036f-11f3-42c3-9495-8a78b1a69f61,quarterly_revenue,2025-09-30
2413,f49f036f-11f3-42c3-9495-8a78b1a69f61,quarterly_revenue,2025-06-30
2413,f49f036f-11f3-42c3-9495-8a78b1a69f61,quarterly_revenue,2025-03-31
2413,f49f036f-11f3-42c3-9495-8a78b1a69f61,quarterly_revenue,2024-12-31
2413,f49f036f-11f3-42c3-9495-8a78b1a69f61,quarterly_revenue,2024-09-30
2413,f49f036f-11f3-42c3-9495-8a78b1a69f61,quarterly_gross_profit,2026-06-30
2413,f49f036f-11f3-42c3-9495-8a78b1a69f61,quarterly_gross_profit,2026-03-31
2413,f49f036f-11f3-42c3-9495-8a78b1a69f61,quarterly_gross_profit,2025-12-31
2413,f49f036f-11f3-42c3-9495-8a78b1a69f61,quarterly_gross_profit,2025-09-30
2413,f49f036f-11f3-42c3-9495-8a78b1a69f61,quarterly_gross_profit,2025-06-30
2413,f49f036f-11f3-42c3-9495-8a78b1a69f61,quarterly_gross_profit,2025-03-31
2413,f49f036f-11f3-42c3-9495-8a78b1a69f61,quarterly_gross_profit,2024-12-31
2413,f49f036f-11f3-42c3-9495-8a78b1a69f61,quarterly_gross_profit,2024-09-30
2413,f49f036f-11f3-42c3-9495-8a78b1a69f61,quarterly_operating_income,2026-06-30
2413,f49f036f-11f3-42c3-9495-8a78b1a69f61,quarterly_operating_income,2026-03-31
2413,f49f036f-11f3-42c3-9495-8a78b1a69f61,quarterly_operating_income,2025-12-31
2413,f49f036f-11f3-42c3-9495-8a78b1a69f61,quarterly_operating_income,2025-09-30
2413,f49f036f-11f3-42c3-9495-8a78b1a69f61,quarterly_operating_income,2025-06-30
2413,f49f036f-11f3-42c3-9495-8a78b1a69f61,quarterly_operating_income,2025-03-31
2413,f49f036f-11f3-42c3-9495-8a78b1a69f61,quarterly_operating_income,2024-12-31
2413,f49f036f-11f3-42c3-9495-8a78b1a69f61,quarterly_operating_income,2024-09-30
2413,f49f036f-11f3-42c3-9495-8a78b1a69f61,quarterly_net_income_attributable_to_common,2026-06-30
2413,f49f036f-11f3-42c3-9495-8a78b1a69f61,quarterly_net_income_attributable_to_common,2026-03-31
2413,f49f036f-11f3-42c3-9495-8a78b1a69f61,quarterly_net_income_attributable_to_common,2025-12-31
2413,f49f036f-11f3-42c3-9495-8a78b1a69f61,quarterly_net_income_attributable_to_common,2025-09-30
2413,f49f036f-11f3-42c3-9495-8a78b1a69f61,quarterly_net_income_attributable_to_common,2025-06-30
2413,f49f036f-11f3-42c3-9495-8a78b1a69f61,quarterly_net_income_attributable_to_common,2025-03-31
2413,f49f036f-11f3-42c3-9495-8a78b1a69f61,quarterly_net_income_attributable_to_common,2024-12-31
2413,f49f036f-11f3-42c3-9495-8a78b1a69f61,quarterly_net_income_attributable_to_common,2024-09-30
2413,f49f036f-11f3-42c3-9495-8a78b1a69f61,quarterly_diluted_eps,2026-06-30
2413,f49f036f-11f3-42c3-9495-8a78b1a69f61,quarterly_diluted_eps,2026-03-31
2413,f49f036f-11f3-42c3-9495-8a78b1a69f61,quarterly_diluted_eps,2025-12-31
2413,f49f036f-11f3-42c3-9495-8a78b1a69f61,quarterly_diluted_eps,2025-09-30
2413,f49f036f-11f3-42c3-9495-8a78b1a69f61,quarterly_diluted_eps,2025-06-30
2413,f49f036f-11f3-42c3-9495-8a78b1a69f61,quarterly_diluted_eps,2025-03-31
2413,f49f036f-11f3-42c3-9495-8a78b1a69f61,quarterly_diluted_eps,2024-12-31
2413,f49f036f-11f3-42c3-9495-8a78b1a69f61,quarterly_diluted_eps,2024-09-30
2413,f49f036f-11f3-42c3-9495-8a78b1a69f61,diluted_weighted_average_shares,2026-06-30
2413,f49f036f-11f3-42c3-9495-8a78b1a69f61,diluted_weighted_average_shares,2026-03-31
2413,f49f036f-11f3-42c3-9495-8a78b1a69f61,diluted_weighted_average_shares,2025-12-31
2413,f49f036f-11f3-42c3-9495-8a78b1a69f61,diluted_weighted_average_shares,2025-09-30
2413,f49f036f-11f3-42c3-9495-8a78b1a69f61,diluted_weighted_average_shares,2025-06-30
2413,f49f036f-11f3-42c3-9495-8a78b1a69f61,diluted_weighted_average_shares,2025-03-31
2413,f49f036f-11f3-42c3-9495-8a78b1a69f61,diluted_weighted_average_shares,2024-12-31
2413,f49f036f-11f3-42c3-9495-8a78b1a69f61,diluted_weighted_average_shares,2024-09-30
2421,0c65f473-4999-41e8-950a-7df9b5cce994,quarterly_revenue,2026-06-30
2421,0c65f473-4999-41e8-950a-7df9b5cce994,quarterly_revenue,2026-03-31
2421,0c65f473-4999-41e8-950a-7df9b5cce994,quarterly_revenue,2025-12-31
2421,0c65f473-4999-41e8-950a-7df9b5cce994,quarterly_revenue,2025-09-30
2421,0c65f473-4999-41e8-950a-7df9b5cce994,quarterly_revenue,2025-06-30
2421,0c65f473-4999-41e8-950a-7df9b5cce994,quarterly_revenue,2025-03-31
2421,0c65f473-4999-41e8-950a-7df9b5cce994,quarterly_revenue,2024-12-31
2421,0c65f473-4999-41e8-950a-7df9b5cce994,quarterly_revenue,2024-09-30
2421,0c65f473-4999-41e8-950a-7df9b5cce994,quarterly_gross_profit,2026-06-30
2421,0c65f473-4999-41e8-950a-7df9b5cce994,quarterly_gross_profit,2026-03-31
2421,0c65f473-4999-41e8-950a-7df9b5cce994,quarterly_gross_profit,2025-12-31
2421,0c65f473-4999-41e8-950a-7df9b5cce994,quarterly_gross_profit,2025-09-30
2421,0c65f473-4999-41e8-950a-7df9b5cce994,quarterly_gross_profit,2025-06-30
2421,0c65f473-4999-41e8-950a-7df9b5cce994,quarterly_gross_profit,2025-03-31
2421,0c65f473-4999-41e8-950a-7df9b5cce994,quarterly_gross_profit,2024-12-31
2421,0c65f473-4999-41e8-950a-7df9b5cce994,quarterly_gross_profit,2024-09-30
2421,0c65f473-4999-41e8-950a-7df9b5cce994,quarterly_operating_income,2026-06-30
2421,0c65f473-4999-41e8-950a-7df9b5cce994,quarterly_operating_income,2026-03-31
2421,0c65f473-4999-41e8-950a-7df9b5cce994,quarterly_operating_income,2025-12-31
2421,0c65f473-4999-41e8-950a-7df9b5cce994,quarterly_operating_income,2025-09-30
2421,0c65f473-4999-41e8-950a-7df9b5cce994,quarterly_operating_income,2025-06-30
2421,0c65f473-4999-41e8-950a-7df9b5cce994,quarterly_operating_income,2025-03-31
2421,0c65f473-4999-41e8-950a-7df9b5cce994,quarterly_operating_income,2024-12-31
2421,0c65f473-4999-41e8-950a-7df9b5cce994,quarterly_operating_income,2024-09-30
2421,0c65f473-4999-41e8-950a-7df9b5cce994,quarterly_net_income_attributable_to_common,2026-06-30
2421,0c65f473-4999-41e8-950a-7df9b5cce994,quarterly_net_income_attributable_to_common,2026-03-31
2421,0c65f473-4999-41e8-950a-7df9b5cce994,quarterly_net_income_attributable_to_common,2025-12-31
2421,0c65f473-4999-41e8-950a-7df9b5cce994,quarterly_net_income_attributable_to_common,2025-09-30
2421,0c65f473-4999-41e8-950a-7df9b5cce994,quarterly_net_income_attributable_to_common,2025-06-30
2421,0c65f473-4999-41e8-950a-7df9b5cce994,quarterly_net_income_attributable_to_common,2025-03-31
2421,0c65f473-4999-41e8-950a-7df9b5cce994,quarterly_net_income_attributable_to_common,2024-12-31
2421,0c65f473-4999-41e8-950a-7df9b5cce994,quarterly_net_income_attributable_to_common,2024-09-30
2421,0c65f473-4999-41e8-950a-7df9b5cce994,quarterly_diluted_eps,2026-06-30
2421,0c65f473-4999-41e8-950a-7df9b5cce994,quarterly_diluted_eps,2026-03-31
2421,0c65f473-4999-41e8-950a-7df9b5cce994,quarterly_diluted_eps,2025-12-31
2421,0c65f473-4999-41e8-950a-7df9b5cce994,quarterly_diluted_eps,2025-09-30
2421,0c65f473-4999-41e8-950a-7df9b5cce994,quarterly_diluted_eps,2025-06-30
2421,0c65f473-4999-41e8-950a-7df9b5cce994,quarterly_diluted_eps,2025-03-31
2421,0c65f473-4999-41e8-950a-7df9b5cce994,quarterly_diluted_eps,2024-12-31
2421,0c65f473-4999-41e8-950a-7df9b5cce994,quarterly_diluted_eps,2024-09-30
2421,0c65f473-4999-41e8-950a-7df9b5cce994,diluted_weighted_average_shares,2026-06-30
2421,0c65f473-4999-41e8-950a-7df9b5cce994,diluted_weighted_average_shares,2026-03-31
2421,0c65f473-4999-41e8-950a-7df9b5cce994,diluted_weighted_average_shares,2025-12-31
2421,0c65f473-4999-41e8-950a-7df9b5cce994,diluted_weighted_average_shares,2025-09-30
2421,0c65f473-4999-41e8-950a-7df9b5cce994,diluted_weighted_average_shares,2025-06-30
2421,0c65f473-4999-41e8-950a-7df9b5cce994,diluted_weighted_average_shares,2025-03-31
2421,0c65f473-4999-41e8-950a-7df9b5cce994,diluted_weighted_average_shares,2024-12-31
2421,0c65f473-4999-41e8-950a-7df9b5cce994,diluted_weighted_average_shares,2024-09-30
2426,11f99ae0-f35a-4250-84d3-4c2bf134416c,quarterly_revenue,2026-06-30
2426,11f99ae0-f35a-4250-84d3-4c2bf134416c,quarterly_revenue,2026-03-31
2426,11f99ae0-f35a-4250-84d3-4c2bf134416c,quarterly_revenue,2025-12-31
2426,11f99ae0-f35a-4250-84d3-4c2bf134416c,quarterly_revenue,2025-09-30
2426,11f99ae0-f35a-4250-84d3-4c2bf134416c,quarterly_revenue,2025-06-30
2426,11f99ae0-f35a-4250-84d3-4c2bf134416c,quarterly_revenue,2025-03-31
2426,11f99ae0-f35a-4250-84d3-4c2bf134416c,quarterly_revenue,2024-12-31
2426,11f99ae0-f35a-4250-84d3-4c2bf134416c,quarterly_revenue,2024-09-30
2426,11f99ae0-f35a-4250-84d3-4c2bf134416c,quarterly_gross_profit,2026-06-30
2426,11f99ae0-f35a-4250-84d3-4c2bf134416c,quarterly_gross_profit,2026-03-31
2426,11f99ae0-f35a-4250-84d3-4c2bf134416c,quarterly_gross_profit,2025-12-31
2426,11f99ae0-f35a-4250-84d3-4c2bf134416c,quarterly_gross_profit,2025-09-30
2426,11f99ae0-f35a-4250-84d3-4c2bf134416c,quarterly_gross_profit,2025-06-30
2426,11f99ae0-f35a-4250-84d3-4c2bf134416c,quarterly_gross_profit,2025-03-31
2426,11f99ae0-f35a-4250-84d3-4c2bf134416c,quarterly_gross_profit,2024-12-31
2426,11f99ae0-f35a-4250-84d3-4c2bf134416c,quarterly_gross_profit,2024-09-30
2426,11f99ae0-f35a-4250-84d3-4c2bf134416c,quarterly_operating_income,2026-06-30
2426,11f99ae0-f35a-4250-84d3-4c2bf134416c,quarterly_operating_income,2026-03-31
2426,11f99ae0-f35a-4250-84d3-4c2bf134416c,quarterly_operating_income,2025-12-31
2426,11f99ae0-f35a-4250-84d3-4c2bf134416c,quarterly_operating_income,2025-09-30
2426,11f99ae0-f35a-4250-84d3-4c2bf134416c,quarterly_operating_income,2025-06-30
2426,11f99ae0-f35a-4250-84d3-4c2bf134416c,quarterly_operating_income,2025-03-31
2426,11f99ae0-f35a-4250-84d3-4c2bf134416c,quarterly_operating_income,2024-12-31
2426,11f99ae0-f35a-4250-84d3-4c2bf134416c,quarterly_operating_income,2024-09-30
2426,11f99ae0-f35a-4250-84d3-4c2bf134416c,quarterly_net_income_attributable_to_common,2026-06-30
2426,11f99ae0-f35a-4250-84d3-4c2bf134416c,quarterly_net_income_attributable_to_common,2026-03-31
2426,11f99ae0-f35a-4250-84d3-4c2bf134416c,quarterly_net_income_attributable_to_common,2025-12-31
2426,11f99ae0-f35a-4250-84d3-4c2bf134416c,quarterly_net_income_attributable_to_common,2025-09-30
2426,11f99ae0-f35a-4250-84d3-4c2bf134416c,quarterly_net_income_attributable_to_common,2025-06-30
2426,11f99ae0-f35a-4250-84d3-4c2bf134416c,quarterly_net_income_attributable_to_common,2025-03-31
2426,11f99ae0-f35a-4250-84d3-4c2bf134416c,quarterly_net_income_attributable_to_common,2024-12-31
2426,11f99ae0-f35a-4250-84d3-4c2bf134416c,quarterly_net_income_attributable_to_common,2024-09-30
2426,11f99ae0-f35a-4250-84d3-4c2bf134416c,quarterly_diluted_eps,2026-06-30
2426,11f99ae0-f35a-4250-84d3-4c2bf134416c,quarterly_diluted_eps,2026-03-31
2426,11f99ae0-f35a-4250-84d3-4c2bf134416c,quarterly_diluted_eps,2025-12-31
2426,11f99ae0-f35a-4250-84d3-4c2bf134416c,quarterly_diluted_eps,2025-09-30
2426,11f99ae0-f35a-4250-84d3-4c2bf134416c,quarterly_diluted_eps,2025-06-30
2426,11f99ae0-f35a-4250-84d3-4c2bf134416c,quarterly_diluted_eps,2025-03-31
2426,11f99ae0-f35a-4250-84d3-4c2bf134416c,quarterly_diluted_eps,2024-12-31
2426,11f99ae0-f35a-4250-84d3-4c2bf134416c,quarterly_diluted_eps,2024-09-30
2426,11f99ae0-f35a-4250-84d3-4c2bf134416c,diluted_weighted_average_shares,2026-06-30
2426,11f99ae0-f35a-4250-84d3-4c2bf134416c,diluted_weighted_average_shares,2026-03-31
2426,11f99ae0-f35a-4250-84d3-4c2bf134416c,diluted_weighted_average_shares,2025-12-31
2426,11f99ae0-f35a-4250-84d3-4c2bf134416c,diluted_weighted_average_shares,2025-09-30
2426,11f99ae0-f35a-4250-84d3-4c2bf134416c,diluted_weighted_average_shares,2025-06-30
2426,11f99ae0-f35a-4250-84d3-4c2bf134416c,diluted_weighted_average_shares,2025-03-31
2426,11f99ae0-f35a-4250-84d3-4c2bf134416c,diluted_weighted_average_shares,2024-12-31
2426,11f99ae0-f35a-4250-84d3-4c2bf134416c,diluted_weighted_average_shares,2024-09-30
2434,dadaffda-ed13-470c-b879-d1904d34c26c,quarterly_revenue,2026-06-30
2434,dadaffda-ed13-470c-b879-d1904d34c26c,quarterly_revenue,2026-03-31
2434,dadaffda-ed13-470c-b879-d1904d34c26c,quarterly_revenue,2025-12-31
2434,dadaffda-ed13-470c-b879-d1904d34c26c,quarterly_revenue,2025-09-30
2434,dadaffda-ed13-470c-b879-d1904d34c26c,quarterly_revenue,2025-06-30
2434,dadaffda-ed13-470c-b879-d1904d34c26c,quarterly_revenue,2025-03-31
2434,dadaffda-ed13-470c-b879-d1904d34c26c,quarterly_revenue,2024-12-31
2434,dadaffda-ed13-470c-b879-d1904d34c26c,quarterly_revenue,2024-09-30
2434,dadaffda-ed13-470c-b879-d1904d34c26c,quarterly_gross_profit,2026-06-30
2434,dadaffda-ed13-470c-b879-d1904d34c26c,quarterly_gross_profit,2026-03-31
2434,dadaffda-ed13-470c-b879-d1904d34c26c,quarterly_gross_profit,2025-12-31
2434,dadaffda-ed13-470c-b879-d1904d34c26c,quarterly_gross_profit,2025-09-30
2434,dadaffda-ed13-470c-b879-d1904d34c26c,quarterly_gross_profit,2025-06-30
2434,dadaffda-ed13-470c-b879-d1904d34c26c,quarterly_gross_profit,2025-03-31
2434,dadaffda-ed13-470c-b879-d1904d34c26c,quarterly_gross_profit,2024-12-31
2434,dadaffda-ed13-470c-b879-d1904d34c26c,quarterly_gross_profit,2024-09-30
2434,dadaffda-ed13-470c-b879-d1904d34c26c,quarterly_operating_income,2026-06-30
2434,dadaffda-ed13-470c-b879-d1904d34c26c,quarterly_operating_income,2026-03-31
2434,dadaffda-ed13-470c-b879-d1904d34c26c,quarterly_operating_income,2025-12-31
2434,dadaffda-ed13-470c-b879-d1904d34c26c,quarterly_operating_income,2025-09-30
2434,dadaffda-ed13-470c-b879-d1904d34c26c,quarterly_operating_income,2025-06-30
2434,dadaffda-ed13-470c-b879-d1904d34c26c,quarterly_operating_income,2025-03-31
2434,dadaffda-ed13-470c-b879-d1904d34c26c,quarterly_operating_income,2024-12-31
2434,dadaffda-ed13-470c-b879-d1904d34c26c,quarterly_operating_income,2024-09-30
2434,dadaffda-ed13-470c-b879-d1904d34c26c,quarterly_net_income_attributable_to_common,2026-06-30
2434,dadaffda-ed13-470c-b879-d1904d34c26c,quarterly_net_income_attributable_to_common,2026-03-31
2434,dadaffda-ed13-470c-b879-d1904d34c26c,quarterly_net_income_attributable_to_common,2025-12-31
2434,dadaffda-ed13-470c-b879-d1904d34c26c,quarterly_net_income_attributable_to_common,2025-09-30
2434,dadaffda-ed13-470c-b879-d1904d34c26c,quarterly_net_income_attributable_to_common,2025-06-30
2434,dadaffda-ed13-470c-b879-d1904d34c26c,quarterly_net_income_attributable_to_common,2025-03-31
2434,dadaffda-ed13-470c-b879-d1904d34c26c,quarterly_net_income_attributable_to_common,2024-12-31
2434,dadaffda-ed13-470c-b879-d1904d34c26c,quarterly_net_income_attributable_to_common,2024-09-30
2434,dadaffda-ed13-470c-b879-d1904d34c26c,quarterly_diluted_eps,2026-06-30
2434,dadaffda-ed13-470c-b879-d1904d34c26c,quarterly_diluted_eps,2026-03-31
2434,dadaffda-ed13-470c-b879-d1904d34c26c,quarterly_diluted_eps,2025-12-31
2434,dadaffda-ed13-470c-b879-d1904d34c26c,quarterly_diluted_eps,2025-09-30
2434,dadaffda-ed13-470c-b879-d1904d34c26c,quarterly_diluted_eps,2025-06-30
2434,dadaffda-ed13-470c-b879-d1904d34c26c,quarterly_diluted_eps,2025-03-31
2434,dadaffda-ed13-470c-b879-d1904d34c26c,quarterly_diluted_eps,2024-12-31
2434,dadaffda-ed13-470c-b879-d1904d34c26c,quarterly_diluted_eps,2024-09-30
2434,dadaffda-ed13-470c-b879-d1904d34c26c,diluted_weighted_average_shares,2026-06-30
2434,dadaffda-ed13-470c-b879-d1904d34c26c,diluted_weighted_average_shares,2026-03-31
2434,dadaffda-ed13-470c-b879-d1904d34c26c,diluted_weighted_average_shares,2025-12-31
2434,dadaffda-ed13-470c-b879-d1904d34c26c,diluted_weighted_average_shares,2025-09-30
2434,dadaffda-ed13-470c-b879-d1904d34c26c,diluted_weighted_average_shares,2025-06-30
2434,dadaffda-ed13-470c-b879-d1904d34c26c,diluted_weighted_average_shares,2025-03-31
2434,dadaffda-ed13-470c-b879-d1904d34c26c,diluted_weighted_average_shares,2024-12-31
2434,dadaffda-ed13-470c-b879-d1904d34c26c,diluted_weighted_average_shares,2024-09-30
2449,3584b153-f986-4712-a8ce-4767c7be7ad6,quarterly_revenue,2026-06-30
2449,3584b153-f986-4712-a8ce-4767c7be7ad6,quarterly_revenue,2026-03-31
2449,3584b153-f986-4712-a8ce-4767c7be7ad6,quarterly_revenue,2025-12-31
2449,3584b153-f986-4712-a8ce-4767c7be7ad6,quarterly_revenue,2025-09-30
2449,3584b153-f986-4712-a8ce-4767c7be7ad6,quarterly_revenue,2025-06-30
2449,3584b153-f986-4712-a8ce-4767c7be7ad6,quarterly_revenue,2025-03-31
2449,3584b153-f986-4712-a8ce-4767c7be7ad6,quarterly_revenue,2024-12-31
2449,3584b153-f986-4712-a8ce-4767c7be7ad6,quarterly_revenue,2024-09-30
2449,3584b153-f986-4712-a8ce-4767c7be7ad6,quarterly_gross_profit,2026-06-30
2449,3584b153-f986-4712-a8ce-4767c7be7ad6,quarterly_gross_profit,2026-03-31
2449,3584b153-f986-4712-a8ce-4767c7be7ad6,quarterly_gross_profit,2025-12-31
2449,3584b153-f986-4712-a8ce-4767c7be7ad6,quarterly_gross_profit,2025-09-30
2449,3584b153-f986-4712-a8ce-4767c7be7ad6,quarterly_gross_profit,2025-06-30
2449,3584b153-f986-4712-a8ce-4767c7be7ad6,quarterly_gross_profit,2025-03-31
2449,3584b153-f986-4712-a8ce-4767c7be7ad6,quarterly_gross_profit,2024-12-31
2449,3584b153-f986-4712-a8ce-4767c7be7ad6,quarterly_gross_profit,2024-09-30
2449,3584b153-f986-4712-a8ce-4767c7be7ad6,quarterly_operating_income,2026-06-30
2449,3584b153-f986-4712-a8ce-4767c7be7ad6,quarterly_operating_income,2026-03-31
2449,3584b153-f986-4712-a8ce-4767c7be7ad6,quarterly_operating_income,2025-12-31
2449,3584b153-f986-4712-a8ce-4767c7be7ad6,quarterly_operating_income,2025-09-30
2449,3584b153-f986-4712-a8ce-4767c7be7ad6,quarterly_operating_income,2025-06-30
2449,3584b153-f986-4712-a8ce-4767c7be7ad6,quarterly_operating_income,2025-03-31
2449,3584b153-f986-4712-a8ce-4767c7be7ad6,quarterly_operating_income,2024-12-31
2449,3584b153-f986-4712-a8ce-4767c7be7ad6,quarterly_operating_income,2024-09-30
2449,3584b153-f986-4712-a8ce-4767c7be7ad6,quarterly_net_income_attributable_to_common,2026-06-30
2449,3584b153-f986-4712-a8ce-4767c7be7ad6,quarterly_net_income_attributable_to_common,2026-03-31
2449,3584b153-f986-4712-a8ce-4767c7be7ad6,quarterly_net_income_attributable_to_common,2025-12-31
2449,3584b153-f986-4712-a8ce-4767c7be7ad6,quarterly_net_income_attributable_to_common,2025-09-30
2449,3584b153-f986-4712-a8ce-4767c7be7ad6,quarterly_net_income_attributable_to_common,2025-06-30
2449,3584b153-f986-4712-a8ce-4767c7be7ad6,quarterly_net_income_attributable_to_common,2025-03-31
2449,3584b153-f986-4712-a8ce-4767c7be7ad6,quarterly_net_income_attributable_to_common,2024-12-31
2449,3584b153-f986-4712-a8ce-4767c7be7ad6,quarterly_net_income_attributable_to_common,2024-09-30
2449,3584b153-f986-4712-a8ce-4767c7be7ad6,quarterly_diluted_eps,2026-06-30
2449,3584b153-f986-4712-a8ce-4767c7be7ad6,quarterly_diluted_eps,2026-03-31
2449,3584b153-f986-4712-a8ce-4767c7be7ad6,quarterly_diluted_eps,2025-12-31
2449,3584b153-f986-4712-a8ce-4767c7be7ad6,quarterly_diluted_eps,2025-09-30
2449,3584b153-f986-4712-a8ce-4767c7be7ad6,quarterly_diluted_eps,2025-06-30
2449,3584b153-f986-4712-a8ce-4767c7be7ad6,quarterly_diluted_eps,2025-03-31
2449,3584b153-f986-4712-a8ce-4767c7be7ad6,quarterly_diluted_eps,2024-12-31
2449,3584b153-f986-4712-a8ce-4767c7be7ad6,quarterly_diluted_eps,2024-09-30
2449,3584b153-f986-4712-a8ce-4767c7be7ad6,diluted_weighted_average_shares,2026-06-30
2449,3584b153-f986-4712-a8ce-4767c7be7ad6,diluted_weighted_average_shares,2026-03-31
2449,3584b153-f986-4712-a8ce-4767c7be7ad6,diluted_weighted_average_shares,2025-12-31
2449,3584b153-f986-4712-a8ce-4767c7be7ad6,diluted_weighted_average_shares,2025-09-30
2449,3584b153-f986-4712-a8ce-4767c7be7ad6,diluted_weighted_average_shares,2025-06-30
2449,3584b153-f986-4712-a8ce-4767c7be7ad6,diluted_weighted_average_shares,2025-03-31
2449,3584b153-f986-4712-a8ce-4767c7be7ad6,diluted_weighted_average_shares,2024-12-31
2449,3584b153-f986-4712-a8ce-4767c7be7ad6,diluted_weighted_average_shares,2024-09-30
2451,5a4520d0-6e4d-4e69-82f2-7248b0568a7e,quarterly_revenue,2026-06-30
2451,5a4520d0-6e4d-4e69-82f2-7248b0568a7e,quarterly_revenue,2026-03-31
2451,5a4520d0-6e4d-4e69-82f2-7248b0568a7e,quarterly_revenue,2025-12-31
2451,5a4520d0-6e4d-4e69-82f2-7248b0568a7e,quarterly_revenue,2025-09-30
2451,5a4520d0-6e4d-4e69-82f2-7248b0568a7e,quarterly_revenue,2025-06-30
2451,5a4520d0-6e4d-4e69-82f2-7248b0568a7e,quarterly_revenue,2025-03-31
2451,5a4520d0-6e4d-4e69-82f2-7248b0568a7e,quarterly_revenue,2024-12-31
2451,5a4520d0-6e4d-4e69-82f2-7248b0568a7e,quarterly_revenue,2024-09-30
2451,5a4520d0-6e4d-4e69-82f2-7248b0568a7e,quarterly_gross_profit,2026-06-30
2451,5a4520d0-6e4d-4e69-82f2-7248b0568a7e,quarterly_gross_profit,2026-03-31
2451,5a4520d0-6e4d-4e69-82f2-7248b0568a7e,quarterly_gross_profit,2025-12-31
2451,5a4520d0-6e4d-4e69-82f2-7248b0568a7e,quarterly_gross_profit,2025-09-30
2451,5a4520d0-6e4d-4e69-82f2-7248b0568a7e,quarterly_gross_profit,2025-06-30
2451,5a4520d0-6e4d-4e69-82f2-7248b0568a7e,quarterly_gross_profit,2025-03-31
2451,5a4520d0-6e4d-4e69-82f2-7248b0568a7e,quarterly_gross_profit,2024-12-31
2451,5a4520d0-6e4d-4e69-82f2-7248b0568a7e,quarterly_gross_profit,2024-09-30
2451,5a4520d0-6e4d-4e69-82f2-7248b0568a7e,quarterly_operating_income,2026-06-30
2451,5a4520d0-6e4d-4e69-82f2-7248b0568a7e,quarterly_operating_income,2026-03-31
2451,5a4520d0-6e4d-4e69-82f2-7248b0568a7e,quarterly_operating_income,2025-12-31
2451,5a4520d0-6e4d-4e69-82f2-7248b0568a7e,quarterly_operating_income,2025-09-30
2451,5a4520d0-6e4d-4e69-82f2-7248b0568a7e,quarterly_operating_income,2025-06-30
2451,5a4520d0-6e4d-4e69-82f2-7248b0568a7e,quarterly_operating_income,2025-03-31
2451,5a4520d0-6e4d-4e69-82f2-7248b0568a7e,quarterly_operating_income,2024-12-31
2451,5a4520d0-6e4d-4e69-82f2-7248b0568a7e,quarterly_operating_income,2024-09-30
2451,5a4520d0-6e4d-4e69-82f2-7248b0568a7e,quarterly_net_income_attributable_to_common,2026-06-30
2451,5a4520d0-6e4d-4e69-82f2-7248b0568a7e,quarterly_net_income_attributable_to_common,2026-03-31
2451,5a4520d0-6e4d-4e69-82f2-7248b0568a7e,quarterly_net_income_attributable_to_common,2025-12-31
2451,5a4520d0-6e4d-4e69-82f2-7248b0568a7e,quarterly_net_income_attributable_to_common,2025-09-30
2451,5a4520d0-6e4d-4e69-82f2-7248b0568a7e,quarterly_net_income_attributable_to_common,2025-06-30
2451,5a4520d0-6e4d-4e69-82f2-7248b0568a7e,quarterly_net_income_attributable_to_common,2025-03-31
2451,5a4520d0-6e4d-4e69-82f2-7248b0568a7e,quarterly_net_income_attributable_to_common,2024-12-31
2451,5a4520d0-6e4d-4e69-82f2-7248b0568a7e,quarterly_net_income_attributable_to_common,2024-09-30
2451,5a4520d0-6e4d-4e69-82f2-7248b0568a7e,quarterly_diluted_eps,2026-06-30
2451,5a4520d0-6e4d-4e69-82f2-7248b0568a7e,quarterly_diluted_eps,2026-03-31
2451,5a4520d0-6e4d-4e69-82f2-7248b0568a7e,quarterly_diluted_eps,2025-12-31
2451,5a4520d0-6e4d-4e69-82f2-7248b0568a7e,quarterly_diluted_eps,2025-09-30
2451,5a4520d0-6e4d-4e69-82f2-7248b0568a7e,quarterly_diluted_eps,2025-06-30
2451,5a4520d0-6e4d-4e69-82f2-7248b0568a7e,quarterly_diluted_eps,2025-03-31
2451,5a4520d0-6e4d-4e69-82f2-7248b0568a7e,quarterly_diluted_eps,2024-12-31
2451,5a4520d0-6e4d-4e69-82f2-7248b0568a7e,quarterly_diluted_eps,2024-09-30
2451,5a4520d0-6e4d-4e69-82f2-7248b0568a7e,diluted_weighted_average_shares,2026-06-30
2451,5a4520d0-6e4d-4e69-82f2-7248b0568a7e,diluted_weighted_average_shares,2026-03-31
2451,5a4520d0-6e4d-4e69-82f2-7248b0568a7e,diluted_weighted_average_shares,2025-12-31
2451,5a4520d0-6e4d-4e69-82f2-7248b0568a7e,diluted_weighted_average_shares,2025-09-30
2451,5a4520d0-6e4d-4e69-82f2-7248b0568a7e,diluted_weighted_average_shares,2025-06-30
2451,5a4520d0-6e4d-4e69-82f2-7248b0568a7e,diluted_weighted_average_shares,2025-03-31
2451,5a4520d0-6e4d-4e69-82f2-7248b0568a7e,diluted_weighted_average_shares,2024-12-31
2451,5a4520d0-6e4d-4e69-82f2-7248b0568a7e,diluted_weighted_average_shares,2024-09-30
2454,e412b022-9f07-4bfd-aea7-c8e3190c9e68,quarterly_revenue,2026-06-30
2454,e412b022-9f07-4bfd-aea7-c8e3190c9e68,quarterly_revenue,2026-03-31
2454,e412b022-9f07-4bfd-aea7-c8e3190c9e68,quarterly_revenue,2025-12-31
2454,e412b022-9f07-4bfd-aea7-c8e3190c9e68,quarterly_revenue,2025-09-30
2454,e412b022-9f07-4bfd-aea7-c8e3190c9e68,quarterly_revenue,2025-06-30
2454,e412b022-9f07-4bfd-aea7-c8e3190c9e68,quarterly_revenue,2025-03-31
2454,e412b022-9f07-4bfd-aea7-c8e3190c9e68,quarterly_revenue,2024-12-31
2454,e412b022-9f07-4bfd-aea7-c8e3190c9e68,quarterly_revenue,2024-09-30
2454,e412b022-9f07-4bfd-aea7-c8e3190c9e68,quarterly_gross_profit,2026-06-30
2454,e412b022-9f07-4bfd-aea7-c8e3190c9e68,quarterly_gross_profit,2026-03-31
2454,e412b022-9f07-4bfd-aea7-c8e3190c9e68,quarterly_gross_profit,2025-12-31
2454,e412b022-9f07-4bfd-aea7-c8e3190c9e68,quarterly_gross_profit,2025-09-30
2454,e412b022-9f07-4bfd-aea7-c8e3190c9e68,quarterly_gross_profit,2025-06-30
2454,e412b022-9f07-4bfd-aea7-c8e3190c9e68,quarterly_gross_profit,2025-03-31
2454,e412b022-9f07-4bfd-aea7-c8e3190c9e68,quarterly_gross_profit,2024-12-31
2454,e412b022-9f07-4bfd-aea7-c8e3190c9e68,quarterly_gross_profit,2024-09-30
2454,e412b022-9f07-4bfd-aea7-c8e3190c9e68,quarterly_operating_income,2026-06-30
2454,e412b022-9f07-4bfd-aea7-c8e3190c9e68,quarterly_operating_income,2026-03-31
2454,e412b022-9f07-4bfd-aea7-c8e3190c9e68,quarterly_operating_income,2025-12-31
2454,e412b022-9f07-4bfd-aea7-c8e3190c9e68,quarterly_operating_income,2025-09-30
2454,e412b022-9f07-4bfd-aea7-c8e3190c9e68,quarterly_operating_income,2025-06-30
2454,e412b022-9f07-4bfd-aea7-c8e3190c9e68,quarterly_operating_income,2025-03-31
2454,e412b022-9f07-4bfd-aea7-c8e3190c9e68,quarterly_operating_income,2024-12-31
2454,e412b022-9f07-4bfd-aea7-c8e3190c9e68,quarterly_operating_income,2024-09-30
2454,e412b022-9f07-4bfd-aea7-c8e3190c9e68,quarterly_net_income_attributable_to_common,2026-06-30
2454,e412b022-9f07-4bfd-aea7-c8e3190c9e68,quarterly_net_income_attributable_to_common,2026-03-31
2454,e412b022-9f07-4bfd-aea7-c8e3190c9e68,quarterly_net_income_attributable_to_common,2025-12-31
2454,e412b022-9f07-4bfd-aea7-c8e3190c9e68,quarterly_net_income_attributable_to_common,2025-09-30
2454,e412b022-9f07-4bfd-aea7-c8e3190c9e68,quarterly_net_income_attributable_to_common,2025-06-30
2454,e412b022-9f07-4bfd-aea7-c8e3190c9e68,quarterly_net_income_attributable_to_common,2025-03-31
2454,e412b022-9f07-4bfd-aea7-c8e3190c9e68,quarterly_net_income_attributable_to_common,2024-12-31
2454,e412b022-9f07-4bfd-aea7-c8e3190c9e68,quarterly_net_income_attributable_to_common,2024-09-30
2454,e412b022-9f07-4bfd-aea7-c8e3190c9e68,quarterly_diluted_eps,2026-06-30
2454,e412b022-9f07-4bfd-aea7-c8e3190c9e68,quarterly_diluted_eps,2026-03-31
2454,e412b022-9f07-4bfd-aea7-c8e3190c9e68,quarterly_diluted_eps,2025-12-31
2454,e412b022-9f07-4bfd-aea7-c8e3190c9e68,quarterly_diluted_eps,2025-09-30
2454,e412b022-9f07-4bfd-aea7-c8e3190c9e68,quarterly_diluted_eps,2025-06-30
2454,e412b022-9f07-4bfd-aea7-c8e3190c9e68,quarterly_diluted_eps,2025-03-31
2454,e412b022-9f07-4bfd-aea7-c8e3190c9e68,quarterly_diluted_eps,2024-12-31
2454,e412b022-9f07-4bfd-aea7-c8e3190c9e68,quarterly_diluted_eps,2024-09-30
2454,e412b022-9f07-4bfd-aea7-c8e3190c9e68,diluted_weighted_average_shares,2026-06-30
2454,e412b022-9f07-4bfd-aea7-c8e3190c9e68,diluted_weighted_average_shares,2026-03-31
2454,e412b022-9f07-4bfd-aea7-c8e3190c9e68,diluted_weighted_average_shares,2025-12-31
2454,e412b022-9f07-4bfd-aea7-c8e3190c9e68,diluted_weighted_average_shares,2025-09-30
2454,e412b022-9f07-4bfd-aea7-c8e3190c9e68,diluted_weighted_average_shares,2025-06-30
2454,e412b022-9f07-4bfd-aea7-c8e3190c9e68,diluted_weighted_average_shares,2025-03-31
2454,e412b022-9f07-4bfd-aea7-c8e3190c9e68,diluted_weighted_average_shares,2024-12-31
2454,e412b022-9f07-4bfd-aea7-c8e3190c9e68,diluted_weighted_average_shares,2024-09-30
2455,4b041f1e-e39c-4aa9-b3d3-11918d693e62,quarterly_revenue,2026-06-30
2455,4b041f1e-e39c-4aa9-b3d3-11918d693e62,quarterly_revenue,2026-03-31
2455,4b041f1e-e39c-4aa9-b3d3-11918d693e62,quarterly_revenue,2025-12-31
2455,4b041f1e-e39c-4aa9-b3d3-11918d693e62,quarterly_revenue,2025-09-30
2455,4b041f1e-e39c-4aa9-b3d3-11918d693e62,quarterly_revenue,2025-06-30
2455,4b041f1e-e39c-4aa9-b3d3-11918d693e62,quarterly_revenue,2025-03-31
2455,4b041f1e-e39c-4aa9-b3d3-11918d693e62,quarterly_revenue,2024-12-31
2455,4b041f1e-e39c-4aa9-b3d3-11918d693e62,quarterly_revenue,2024-09-30
2455,4b041f1e-e39c-4aa9-b3d3-11918d693e62,quarterly_gross_profit,2026-06-30
2455,4b041f1e-e39c-4aa9-b3d3-11918d693e62,quarterly_gross_profit,2026-03-31
2455,4b041f1e-e39c-4aa9-b3d3-11918d693e62,quarterly_gross_profit,2025-12-31
2455,4b041f1e-e39c-4aa9-b3d3-11918d693e62,quarterly_gross_profit,2025-09-30
2455,4b041f1e-e39c-4aa9-b3d3-11918d693e62,quarterly_gross_profit,2025-06-30
2455,4b041f1e-e39c-4aa9-b3d3-11918d693e62,quarterly_gross_profit,2025-03-31
2455,4b041f1e-e39c-4aa9-b3d3-11918d693e62,quarterly_gross_profit,2024-12-31
2455,4b041f1e-e39c-4aa9-b3d3-11918d693e62,quarterly_gross_profit,2024-09-30
2455,4b041f1e-e39c-4aa9-b3d3-11918d693e62,quarterly_operating_income,2026-06-30
2455,4b041f1e-e39c-4aa9-b3d3-11918d693e62,quarterly_operating_income,2026-03-31
2455,4b041f1e-e39c-4aa9-b3d3-11918d693e62,quarterly_operating_income,2025-12-31
2455,4b041f1e-e39c-4aa9-b3d3-11918d693e62,quarterly_operating_income,2025-09-30
2455,4b041f1e-e39c-4aa9-b3d3-11918d693e62,quarterly_operating_income,2025-06-30
2455,4b041f1e-e39c-4aa9-b3d3-11918d693e62,quarterly_operating_income,2025-03-31
2455,4b041f1e-e39c-4aa9-b3d3-11918d693e62,quarterly_operating_income,2024-12-31
2455,4b041f1e-e39c-4aa9-b3d3-11918d693e62,quarterly_operating_income,2024-09-30
2455,4b041f1e-e39c-4aa9-b3d3-11918d693e62,quarterly_net_income_attributable_to_common,2026-06-30
2455,4b041f1e-e39c-4aa9-b3d3-11918d693e62,quarterly_net_income_attributable_to_common,2026-03-31
2455,4b041f1e-e39c-4aa9-b3d3-11918d693e62,quarterly_net_income_attributable_to_common,2025-12-31
2455,4b041f1e-e39c-4aa9-b3d3-11918d693e62,quarterly_net_income_attributable_to_common,2025-09-30
2455,4b041f1e-e39c-4aa9-b3d3-11918d693e62,quarterly_net_income_attributable_to_common,2025-06-30
2455,4b041f1e-e39c-4aa9-b3d3-11918d693e62,quarterly_net_income_attributable_to_common,2025-03-31
2455,4b041f1e-e39c-4aa9-b3d3-11918d693e62,quarterly_net_income_attributable_to_common,2024-12-31
2455,4b041f1e-e39c-4aa9-b3d3-11918d693e62,quarterly_net_income_attributable_to_common,2024-09-30
2455,4b041f1e-e39c-4aa9-b3d3-11918d693e62,quarterly_diluted_eps,2026-06-30
2455,4b041f1e-e39c-4aa9-b3d3-11918d693e62,quarterly_diluted_eps,2026-03-31
2455,4b041f1e-e39c-4aa9-b3d3-11918d693e62,quarterly_diluted_eps,2025-12-31
2455,4b041f1e-e39c-4aa9-b3d3-11918d693e62,quarterly_diluted_eps,2025-09-30
2455,4b041f1e-e39c-4aa9-b3d3-11918d693e62,quarterly_diluted_eps,2025-06-30
2455,4b041f1e-e39c-4aa9-b3d3-11918d693e62,quarterly_diluted_eps,2025-03-31
2455,4b041f1e-e39c-4aa9-b3d3-11918d693e62,quarterly_diluted_eps,2024-12-31
2455,4b041f1e-e39c-4aa9-b3d3-11918d693e62,quarterly_diluted_eps,2024-09-30
2455,4b041f1e-e39c-4aa9-b3d3-11918d693e62,diluted_weighted_average_shares,2026-06-30
2455,4b041f1e-e39c-4aa9-b3d3-11918d693e62,diluted_weighted_average_shares,2026-03-31
2455,4b041f1e-e39c-4aa9-b3d3-11918d693e62,diluted_weighted_average_shares,2025-12-31
2455,4b041f1e-e39c-4aa9-b3d3-11918d693e62,diluted_weighted_average_shares,2025-09-30
2455,4b041f1e-e39c-4aa9-b3d3-11918d693e62,diluted_weighted_average_shares,2025-06-30
2455,4b041f1e-e39c-4aa9-b3d3-11918d693e62,diluted_weighted_average_shares,2025-03-31
2455,4b041f1e-e39c-4aa9-b3d3-11918d693e62,diluted_weighted_average_shares,2024-12-31
2455,4b041f1e-e39c-4aa9-b3d3-11918d693e62,diluted_weighted_average_shares,2024-09-30
2464,77a8cf79-67da-45c7-8547-7cc2c484231b,quarterly_revenue,2026-06-30
2464,77a8cf79-67da-45c7-8547-7cc2c484231b,quarterly_revenue,2026-03-31
2464,77a8cf79-67da-45c7-8547-7cc2c484231b,quarterly_revenue,2025-12-31
2464,77a8cf79-67da-45c7-8547-7cc2c484231b,quarterly_revenue,2025-09-30
2464,77a8cf79-67da-45c7-8547-7cc2c484231b,quarterly_revenue,2025-06-30
2464,77a8cf79-67da-45c7-8547-7cc2c484231b,quarterly_revenue,2025-03-31
2464,77a8cf79-67da-45c7-8547-7cc2c484231b,quarterly_revenue,2024-12-31
2464,77a8cf79-67da-45c7-8547-7cc2c484231b,quarterly_revenue,2024-09-30
2464,77a8cf79-67da-45c7-8547-7cc2c484231b,quarterly_gross_profit,2026-06-30
2464,77a8cf79-67da-45c7-8547-7cc2c484231b,quarterly_gross_profit,2026-03-31
2464,77a8cf79-67da-45c7-8547-7cc2c484231b,quarterly_gross_profit,2025-12-31
2464,77a8cf79-67da-45c7-8547-7cc2c484231b,quarterly_gross_profit,2025-09-30
2464,77a8cf79-67da-45c7-8547-7cc2c484231b,quarterly_gross_profit,2025-06-30
2464,77a8cf79-67da-45c7-8547-7cc2c484231b,quarterly_gross_profit,2025-03-31
2464,77a8cf79-67da-45c7-8547-7cc2c484231b,quarterly_gross_profit,2024-12-31
2464,77a8cf79-67da-45c7-8547-7cc2c484231b,quarterly_gross_profit,2024-09-30
2464,77a8cf79-67da-45c7-8547-7cc2c484231b,quarterly_operating_income,2026-06-30
2464,77a8cf79-67da-45c7-8547-7cc2c484231b,quarterly_operating_income,2026-03-31
2464,77a8cf79-67da-45c7-8547-7cc2c484231b,quarterly_operating_income,2025-12-31
2464,77a8cf79-67da-45c7-8547-7cc2c484231b,quarterly_operating_income,2025-09-30
2464,77a8cf79-67da-45c7-8547-7cc2c484231b,quarterly_operating_income,2025-06-30
2464,77a8cf79-67da-45c7-8547-7cc2c484231b,quarterly_operating_income,2025-03-31
2464,77a8cf79-67da-45c7-8547-7cc2c484231b,quarterly_operating_income,2024-12-31
2464,77a8cf79-67da-45c7-8547-7cc2c484231b,quarterly_operating_income,2024-09-30
2464,77a8cf79-67da-45c7-8547-7cc2c484231b,quarterly_net_income_attributable_to_common,2026-06-30
2464,77a8cf79-67da-45c7-8547-7cc2c484231b,quarterly_net_income_attributable_to_common,2026-03-31
2464,77a8cf79-67da-45c7-8547-7cc2c484231b,quarterly_net_income_attributable_to_common,2025-12-31
2464,77a8cf79-67da-45c7-8547-7cc2c484231b,quarterly_net_income_attributable_to_common,2025-09-30
2464,77a8cf79-67da-45c7-8547-7cc2c484231b,quarterly_net_income_attributable_to_common,2025-06-30
2464,77a8cf79-67da-45c7-8547-7cc2c484231b,quarterly_net_income_attributable_to_common,2025-03-31
2464,77a8cf79-67da-45c7-8547-7cc2c484231b,quarterly_net_income_attributable_to_common,2024-12-31
2464,77a8cf79-67da-45c7-8547-7cc2c484231b,quarterly_net_income_attributable_to_common,2024-09-30
2464,77a8cf79-67da-45c7-8547-7cc2c484231b,quarterly_diluted_eps,2026-06-30
2464,77a8cf79-67da-45c7-8547-7cc2c484231b,quarterly_diluted_eps,2026-03-31
2464,77a8cf79-67da-45c7-8547-7cc2c484231b,quarterly_diluted_eps,2025-12-31
2464,77a8cf79-67da-45c7-8547-7cc2c484231b,quarterly_diluted_eps,2025-09-30
2464,77a8cf79-67da-45c7-8547-7cc2c484231b,quarterly_diluted_eps,2025-06-30
2464,77a8cf79-67da-45c7-8547-7cc2c484231b,quarterly_diluted_eps,2025-03-31
2464,77a8cf79-67da-45c7-8547-7cc2c484231b,quarterly_diluted_eps,2024-12-31
2464,77a8cf79-67da-45c7-8547-7cc2c484231b,quarterly_diluted_eps,2024-09-30
2464,77a8cf79-67da-45c7-8547-7cc2c484231b,diluted_weighted_average_shares,2026-06-30
2464,77a8cf79-67da-45c7-8547-7cc2c484231b,diluted_weighted_average_shares,2026-03-31
2464,77a8cf79-67da-45c7-8547-7cc2c484231b,diluted_weighted_average_shares,2025-12-31
2464,77a8cf79-67da-45c7-8547-7cc2c484231b,diluted_weighted_average_shares,2025-09-30
2464,77a8cf79-67da-45c7-8547-7cc2c484231b,diluted_weighted_average_shares,2025-06-30
2464,77a8cf79-67da-45c7-8547-7cc2c484231b,diluted_weighted_average_shares,2025-03-31
2464,77a8cf79-67da-45c7-8547-7cc2c484231b,diluted_weighted_average_shares,2024-12-31
2464,77a8cf79-67da-45c7-8547-7cc2c484231b,diluted_weighted_average_shares,2024-09-30
2468,186f2941-5646-4c63-992f-bfb83ef07e21,quarterly_revenue,2026-06-30
2468,186f2941-5646-4c63-992f-bfb83ef07e21,quarterly_revenue,2026-03-31
2468,186f2941-5646-4c63-992f-bfb83ef07e21,quarterly_revenue,2025-12-31
2468,186f2941-5646-4c63-992f-bfb83ef07e21,quarterly_revenue,2025-09-30
2468,186f2941-5646-4c63-992f-bfb83ef07e21,quarterly_revenue,2025-06-30
2468,186f2941-5646-4c63-992f-bfb83ef07e21,quarterly_revenue,2025-03-31
2468,186f2941-5646-4c63-992f-bfb83ef07e21,quarterly_revenue,2024-12-31
2468,186f2941-5646-4c63-992f-bfb83ef07e21,quarterly_revenue,2024-09-30
2468,186f2941-5646-4c63-992f-bfb83ef07e21,quarterly_gross_profit,2026-06-30
2468,186f2941-5646-4c63-992f-bfb83ef07e21,quarterly_gross_profit,2026-03-31
2468,186f2941-5646-4c63-992f-bfb83ef07e21,quarterly_gross_profit,2025-12-31
2468,186f2941-5646-4c63-992f-bfb83ef07e21,quarterly_gross_profit,2025-09-30
2468,186f2941-5646-4c63-992f-bfb83ef07e21,quarterly_gross_profit,2025-06-30
2468,186f2941-5646-4c63-992f-bfb83ef07e21,quarterly_gross_profit,2025-03-31
2468,186f2941-5646-4c63-992f-bfb83ef07e21,quarterly_gross_profit,2024-12-31
2468,186f2941-5646-4c63-992f-bfb83ef07e21,quarterly_gross_profit,2024-09-30
2468,186f2941-5646-4c63-992f-bfb83ef07e21,quarterly_operating_income,2026-06-30
2468,186f2941-5646-4c63-992f-bfb83ef07e21,quarterly_operating_income,2026-03-31
2468,186f2941-5646-4c63-992f-bfb83ef07e21,quarterly_operating_income,2025-12-31
2468,186f2941-5646-4c63-992f-bfb83ef07e21,quarterly_operating_income,2025-09-30
2468,186f2941-5646-4c63-992f-bfb83ef07e21,quarterly_operating_income,2025-06-30
2468,186f2941-5646-4c63-992f-bfb83ef07e21,quarterly_operating_income,2025-03-31
2468,186f2941-5646-4c63-992f-bfb83ef07e21,quarterly_operating_income,2024-12-31
2468,186f2941-5646-4c63-992f-bfb83ef07e21,quarterly_operating_income,2024-09-30
2468,186f2941-5646-4c63-992f-bfb83ef07e21,quarterly_net_income_attributable_to_common,2026-06-30
2468,186f2941-5646-4c63-992f-bfb83ef07e21,quarterly_net_income_attributable_to_common,2026-03-31
2468,186f2941-5646-4c63-992f-bfb83ef07e21,quarterly_net_income_attributable_to_common,2025-12-31
2468,186f2941-5646-4c63-992f-bfb83ef07e21,quarterly_net_income_attributable_to_common,2025-09-30
2468,186f2941-5646-4c63-992f-bfb83ef07e21,quarterly_net_income_attributable_to_common,2025-06-30
2468,186f2941-5646-4c63-992f-bfb83ef07e21,quarterly_net_income_attributable_to_common,2025-03-31
2468,186f2941-5646-4c63-992f-bfb83ef07e21,quarterly_net_income_attributable_to_common,2024-12-31
2468,186f2941-5646-4c63-992f-bfb83ef07e21,quarterly_net_income_attributable_to_common,2024-09-30
2468,186f2941-5646-4c63-992f-bfb83ef07e21,quarterly_diluted_eps,2026-06-30
2468,186f2941-5646-4c63-992f-bfb83ef07e21,quarterly_diluted_eps,2026-03-31
2468,186f2941-5646-4c63-992f-bfb83ef07e21,quarterly_diluted_eps,2025-12-31
2468,186f2941-5646-4c63-992f-bfb83ef07e21,quarterly_diluted_eps,2025-09-30
2468,186f2941-5646-4c63-992f-bfb83ef07e21,quarterly_diluted_eps,2025-06-30
2468,186f2941-5646-4c63-992f-bfb83ef07e21,quarterly_diluted_eps,2025-03-31
2468,186f2941-5646-4c63-992f-bfb83ef07e21,quarterly_diluted_eps,2024-12-31
2468,186f2941-5646-4c63-992f-bfb83ef07e21,quarterly_diluted_eps,2024-09-30
2468,186f2941-5646-4c63-992f-bfb83ef07e21,diluted_weighted_average_shares,2026-06-30
2468,186f2941-5646-4c63-992f-bfb83ef07e21,diluted_weighted_average_shares,2026-03-31
2468,186f2941-5646-4c63-992f-bfb83ef07e21,diluted_weighted_average_shares,2025-12-31
2468,186f2941-5646-4c63-992f-bfb83ef07e21,diluted_weighted_average_shares,2025-09-30
2468,186f2941-5646-4c63-992f-bfb83ef07e21,diluted_weighted_average_shares,2025-06-30
2468,186f2941-5646-4c63-992f-bfb83ef07e21,diluted_weighted_average_shares,2025-03-31
2468,186f2941-5646-4c63-992f-bfb83ef07e21,diluted_weighted_average_shares,2024-12-31
2468,186f2941-5646-4c63-992f-bfb83ef07e21,diluted_weighted_average_shares,2024-09-30
2481,bf593e0c-c0c2-4ffb-aec2-c88dce231e3e,quarterly_revenue,2026-06-30
2481,bf593e0c-c0c2-4ffb-aec2-c88dce231e3e,quarterly_revenue,2026-03-31
2481,bf593e0c-c0c2-4ffb-aec2-c88dce231e3e,quarterly_revenue,2025-12-31
2481,bf593e0c-c0c2-4ffb-aec2-c88dce231e3e,quarterly_revenue,2025-09-30
2481,bf593e0c-c0c2-4ffb-aec2-c88dce231e3e,quarterly_revenue,2025-06-30
2481,bf593e0c-c0c2-4ffb-aec2-c88dce231e3e,quarterly_revenue,2025-03-31
2481,bf593e0c-c0c2-4ffb-aec2-c88dce231e3e,quarterly_revenue,2024-12-31
2481,bf593e0c-c0c2-4ffb-aec2-c88dce231e3e,quarterly_revenue,2024-09-30
2481,bf593e0c-c0c2-4ffb-aec2-c88dce231e3e,quarterly_gross_profit,2026-06-30
2481,bf593e0c-c0c2-4ffb-aec2-c88dce231e3e,quarterly_gross_profit,2026-03-31
2481,bf593e0c-c0c2-4ffb-aec2-c88dce231e3e,quarterly_gross_profit,2025-12-31
2481,bf593e0c-c0c2-4ffb-aec2-c88dce231e3e,quarterly_gross_profit,2025-09-30
2481,bf593e0c-c0c2-4ffb-aec2-c88dce231e3e,quarterly_gross_profit,2025-06-30
2481,bf593e0c-c0c2-4ffb-aec2-c88dce231e3e,quarterly_gross_profit,2025-03-31
2481,bf593e0c-c0c2-4ffb-aec2-c88dce231e3e,quarterly_gross_profit,2024-12-31
2481,bf593e0c-c0c2-4ffb-aec2-c88dce231e3e,quarterly_gross_profit,2024-09-30
2481,bf593e0c-c0c2-4ffb-aec2-c88dce231e3e,quarterly_operating_income,2026-06-30
2481,bf593e0c-c0c2-4ffb-aec2-c88dce231e3e,quarterly_operating_income,2026-03-31
2481,bf593e0c-c0c2-4ffb-aec2-c88dce231e3e,quarterly_operating_income,2025-12-31
2481,bf593e0c-c0c2-4ffb-aec2-c88dce231e3e,quarterly_operating_income,2025-09-30
2481,bf593e0c-c0c2-4ffb-aec2-c88dce231e3e,quarterly_operating_income,2025-06-30
2481,bf593e0c-c0c2-4ffb-aec2-c88dce231e3e,quarterly_operating_income,2025-03-31
2481,bf593e0c-c0c2-4ffb-aec2-c88dce231e3e,quarterly_operating_income,2024-12-31
2481,bf593e0c-c0c2-4ffb-aec2-c88dce231e3e,quarterly_operating_income,2024-09-30
2481,bf593e0c-c0c2-4ffb-aec2-c88dce231e3e,quarterly_net_income_attributable_to_common,2026-06-30
2481,bf593e0c-c0c2-4ffb-aec2-c88dce231e3e,quarterly_net_income_attributable_to_common,2026-03-31
2481,bf593e0c-c0c2-4ffb-aec2-c88dce231e3e,quarterly_net_income_attributable_to_common,2025-12-31
2481,bf593e0c-c0c2-4ffb-aec2-c88dce231e3e,quarterly_net_income_attributable_to_common,2025-09-30
2481,bf593e0c-c0c2-4ffb-aec2-c88dce231e3e,quarterly_net_income_attributable_to_common,2025-06-30
2481,bf593e0c-c0c2-4ffb-aec2-c88dce231e3e,quarterly_net_income_attributable_to_common,2025-03-31
2481,bf593e0c-c0c2-4ffb-aec2-c88dce231e3e,quarterly_net_income_attributable_to_common,2024-12-31
2481,bf593e0c-c0c2-4ffb-aec2-c88dce231e3e,quarterly_net_income_attributable_to_common,2024-09-30
2481,bf593e0c-c0c2-4ffb-aec2-c88dce231e3e,quarterly_diluted_eps,2026-06-30
2481,bf593e0c-c0c2-4ffb-aec2-c88dce231e3e,quarterly_diluted_eps,2026-03-31
2481,bf593e0c-c0c2-4ffb-aec2-c88dce231e3e,quarterly_diluted_eps,2025-12-31
2481,bf593e0c-c0c2-4ffb-aec2-c88dce231e3e,quarterly_diluted_eps,2025-09-30
2481,bf593e0c-c0c2-4ffb-aec2-c88dce231e3e,quarterly_diluted_eps,2025-06-30
2481,bf593e0c-c0c2-4ffb-aec2-c88dce231e3e,quarterly_diluted_eps,2025-03-31
2481,bf593e0c-c0c2-4ffb-aec2-c88dce231e3e,quarterly_diluted_eps,2024-12-31
2481,bf593e0c-c0c2-4ffb-aec2-c88dce231e3e,quarterly_diluted_eps,2024-09-30
2481,bf593e0c-c0c2-4ffb-aec2-c88dce231e3e,diluted_weighted_average_shares,2026-06-30
2481,bf593e0c-c0c2-4ffb-aec2-c88dce231e3e,diluted_weighted_average_shares,2026-03-31
2481,bf593e0c-c0c2-4ffb-aec2-c88dce231e3e,diluted_weighted_average_shares,2025-12-31
2481,bf593e0c-c0c2-4ffb-aec2-c88dce231e3e,diluted_weighted_average_shares,2025-09-30
2481,bf593e0c-c0c2-4ffb-aec2-c88dce231e3e,diluted_weighted_average_shares,2025-06-30
2481,bf593e0c-c0c2-4ffb-aec2-c88dce231e3e,diluted_weighted_average_shares,2025-03-31
2481,bf593e0c-c0c2-4ffb-aec2-c88dce231e3e,diluted_weighted_average_shares,2024-12-31
2481,bf593e0c-c0c2-4ffb-aec2-c88dce231e3e,diluted_weighted_average_shares,2024-09-30
2489,2eacb428-7674-4ee5-ad1c-66e93ee01436,quarterly_revenue,2026-06-30
2489,2eacb428-7674-4ee5-ad1c-66e93ee01436,quarterly_revenue,2026-03-31
2489,2eacb428-7674-4ee5-ad1c-66e93ee01436,quarterly_revenue,2025-12-31
2489,2eacb428-7674-4ee5-ad1c-66e93ee01436,quarterly_revenue,2025-09-30
2489,2eacb428-7674-4ee5-ad1c-66e93ee01436,quarterly_revenue,2025-06-30
2489,2eacb428-7674-4ee5-ad1c-66e93ee01436,quarterly_revenue,2025-03-31
2489,2eacb428-7674-4ee5-ad1c-66e93ee01436,quarterly_revenue,2024-12-31
2489,2eacb428-7674-4ee5-ad1c-66e93ee01436,quarterly_revenue,2024-09-30
2489,2eacb428-7674-4ee5-ad1c-66e93ee01436,quarterly_gross_profit,2026-06-30
2489,2eacb428-7674-4ee5-ad1c-66e93ee01436,quarterly_gross_profit,2026-03-31
2489,2eacb428-7674-4ee5-ad1c-66e93ee01436,quarterly_gross_profit,2025-12-31
2489,2eacb428-7674-4ee5-ad1c-66e93ee01436,quarterly_gross_profit,2025-09-30
2489,2eacb428-7674-4ee5-ad1c-66e93ee01436,quarterly_gross_profit,2025-06-30
2489,2eacb428-7674-4ee5-ad1c-66e93ee01436,quarterly_gross_profit,2025-03-31
2489,2eacb428-7674-4ee5-ad1c-66e93ee01436,quarterly_gross_profit,2024-12-31
2489,2eacb428-7674-4ee5-ad1c-66e93ee01436,quarterly_gross_profit,2024-09-30
2489,2eacb428-7674-4ee5-ad1c-66e93ee01436,quarterly_operating_income,2026-06-30
2489,2eacb428-7674-4ee5-ad1c-66e93ee01436,quarterly_operating_income,2026-03-31
2489,2eacb428-7674-4ee5-ad1c-66e93ee01436,quarterly_operating_income,2025-12-31
2489,2eacb428-7674-4ee5-ad1c-66e93ee01436,quarterly_operating_income,2025-09-30
2489,2eacb428-7674-4ee5-ad1c-66e93ee01436,quarterly_operating_income,2025-06-30
2489,2eacb428-7674-4ee5-ad1c-66e93ee01436,quarterly_operating_income,2025-03-31
2489,2eacb428-7674-4ee5-ad1c-66e93ee01436,quarterly_operating_income,2024-12-31
2489,2eacb428-7674-4ee5-ad1c-66e93ee01436,quarterly_operating_income,2024-09-30
2489,2eacb428-7674-4ee5-ad1c-66e93ee01436,quarterly_net_income_attributable_to_common,2026-06-30
2489,2eacb428-7674-4ee5-ad1c-66e93ee01436,quarterly_net_income_attributable_to_common,2026-03-31
2489,2eacb428-7674-4ee5-ad1c-66e93ee01436,quarterly_net_income_attributable_to_common,2025-12-31
2489,2eacb428-7674-4ee5-ad1c-66e93ee01436,quarterly_net_income_attributable_to_common,2025-09-30
2489,2eacb428-7674-4ee5-ad1c-66e93ee01436,quarterly_net_income_attributable_to_common,2025-06-30
2489,2eacb428-7674-4ee5-ad1c-66e93ee01436,quarterly_net_income_attributable_to_common,2025-03-31
2489,2eacb428-7674-4ee5-ad1c-66e93ee01436,quarterly_net_income_attributable_to_common,2024-12-31
2489,2eacb428-7674-4ee5-ad1c-66e93ee01436,quarterly_net_income_attributable_to_common,2024-09-30
2489,2eacb428-7674-4ee5-ad1c-66e93ee01436,quarterly_diluted_eps,2026-06-30
2489,2eacb428-7674-4ee5-ad1c-66e93ee01436,quarterly_diluted_eps,2026-03-31
2489,2eacb428-7674-4ee5-ad1c-66e93ee01436,quarterly_diluted_eps,2025-12-31
2489,2eacb428-7674-4ee5-ad1c-66e93ee01436,quarterly_diluted_eps,2025-09-30
2489,2eacb428-7674-4ee5-ad1c-66e93ee01436,quarterly_diluted_eps,2025-06-30
2489,2eacb428-7674-4ee5-ad1c-66e93ee01436,quarterly_diluted_eps,2025-03-31
2489,2eacb428-7674-4ee5-ad1c-66e93ee01436,quarterly_diluted_eps,2024-12-31
2489,2eacb428-7674-4ee5-ad1c-66e93ee01436,quarterly_diluted_eps,2024-09-30
2489,2eacb428-7674-4ee5-ad1c-66e93ee01436,diluted_weighted_average_shares,2026-06-30
2489,2eacb428-7674-4ee5-ad1c-66e93ee01436,diluted_weighted_average_shares,2026-03-31
2489,2eacb428-7674-4ee5-ad1c-66e93ee01436,diluted_weighted_average_shares,2025-12-31
2489,2eacb428-7674-4ee5-ad1c-66e93ee01436,diluted_weighted_average_shares,2025-09-30
2489,2eacb428-7674-4ee5-ad1c-66e93ee01436,diluted_weighted_average_shares,2025-06-30
2489,2eacb428-7674-4ee5-ad1c-66e93ee01436,diluted_weighted_average_shares,2025-03-31
2489,2eacb428-7674-4ee5-ad1c-66e93ee01436,diluted_weighted_average_shares,2024-12-31
2489,2eacb428-7674-4ee5-ad1c-66e93ee01436,diluted_weighted_average_shares,2024-09-30
2491,1e030bdd-a473-4914-826a-f8054b25b409,quarterly_revenue,2026-06-30
2491,1e030bdd-a473-4914-826a-f8054b25b409,quarterly_revenue,2026-03-31
2491,1e030bdd-a473-4914-826a-f8054b25b409,quarterly_revenue,2025-12-31
2491,1e030bdd-a473-4914-826a-f8054b25b409,quarterly_revenue,2025-09-30
2491,1e030bdd-a473-4914-826a-f8054b25b409,quarterly_revenue,2025-06-30
2491,1e030bdd-a473-4914-826a-f8054b25b409,quarterly_revenue,2025-03-31
2491,1e030bdd-a473-4914-826a-f8054b25b409,quarterly_revenue,2024-12-31
2491,1e030bdd-a473-4914-826a-f8054b25b409,quarterly_revenue,2024-09-30
2491,1e030bdd-a473-4914-826a-f8054b25b409,quarterly_gross_profit,2026-06-30
2491,1e030bdd-a473-4914-826a-f8054b25b409,quarterly_gross_profit,2026-03-31
2491,1e030bdd-a473-4914-826a-f8054b25b409,quarterly_gross_profit,2025-12-31
2491,1e030bdd-a473-4914-826a-f8054b25b409,quarterly_gross_profit,2025-09-30
2491,1e030bdd-a473-4914-826a-f8054b25b409,quarterly_gross_profit,2025-06-30
2491,1e030bdd-a473-4914-826a-f8054b25b409,quarterly_gross_profit,2025-03-31
2491,1e030bdd-a473-4914-826a-f8054b25b409,quarterly_gross_profit,2024-12-31
2491,1e030bdd-a473-4914-826a-f8054b25b409,quarterly_gross_profit,2024-09-30
2491,1e030bdd-a473-4914-826a-f8054b25b409,quarterly_operating_income,2026-06-30
2491,1e030bdd-a473-4914-826a-f8054b25b409,quarterly_operating_income,2026-03-31
2491,1e030bdd-a473-4914-826a-f8054b25b409,quarterly_operating_income,2025-12-31
2491,1e030bdd-a473-4914-826a-f8054b25b409,quarterly_operating_income,2025-09-30
2491,1e030bdd-a473-4914-826a-f8054b25b409,quarterly_operating_income,2025-06-30
2491,1e030bdd-a473-4914-826a-f8054b25b409,quarterly_operating_income,2025-03-31
2491,1e030bdd-a473-4914-826a-f8054b25b409,quarterly_operating_income,2024-12-31
2491,1e030bdd-a473-4914-826a-f8054b25b409,quarterly_operating_income,2024-09-30
2491,1e030bdd-a473-4914-826a-f8054b25b409,quarterly_net_income_attributable_to_common,2026-06-30
2491,1e030bdd-a473-4914-826a-f8054b25b409,quarterly_net_income_attributable_to_common,2026-03-31
2491,1e030bdd-a473-4914-826a-f8054b25b409,quarterly_net_income_attributable_to_common,2025-12-31
2491,1e030bdd-a473-4914-826a-f8054b25b409,quarterly_net_income_attributable_to_common,2025-09-30
2491,1e030bdd-a473-4914-826a-f8054b25b409,quarterly_net_income_attributable_to_common,2025-06-30
2491,1e030bdd-a473-4914-826a-f8054b25b409,quarterly_net_income_attributable_to_common,2025-03-31
2491,1e030bdd-a473-4914-826a-f8054b25b409,quarterly_net_income_attributable_to_common,2024-12-31
2491,1e030bdd-a473-4914-826a-f8054b25b409,quarterly_net_income_attributable_to_common,2024-09-30
2491,1e030bdd-a473-4914-826a-f8054b25b409,quarterly_diluted_eps,2026-06-30
2491,1e030bdd-a473-4914-826a-f8054b25b409,quarterly_diluted_eps,2026-03-31
2491,1e030bdd-a473-4914-826a-f8054b25b409,quarterly_diluted_eps,2025-12-31
2491,1e030bdd-a473-4914-826a-f8054b25b409,quarterly_diluted_eps,2025-09-30
2491,1e030bdd-a473-4914-826a-f8054b25b409,quarterly_diluted_eps,2025-06-30
2491,1e030bdd-a473-4914-826a-f8054b25b409,quarterly_diluted_eps,2025-03-31
2491,1e030bdd-a473-4914-826a-f8054b25b409,quarterly_diluted_eps,2024-12-31
2491,1e030bdd-a473-4914-826a-f8054b25b409,quarterly_diluted_eps,2024-09-30
2491,1e030bdd-a473-4914-826a-f8054b25b409,diluted_weighted_average_shares,2026-06-30
2491,1e030bdd-a473-4914-826a-f8054b25b409,diluted_weighted_average_shares,2026-03-31
2491,1e030bdd-a473-4914-826a-f8054b25b409,diluted_weighted_average_shares,2025-12-31
2491,1e030bdd-a473-4914-826a-f8054b25b409,diluted_weighted_average_shares,2025-09-30
2491,1e030bdd-a473-4914-826a-f8054b25b409,diluted_weighted_average_shares,2025-06-30
2491,1e030bdd-a473-4914-826a-f8054b25b409,diluted_weighted_average_shares,2025-03-31
2491,1e030bdd-a473-4914-826a-f8054b25b409,diluted_weighted_average_shares,2024-12-31
2491,1e030bdd-a473-4914-826a-f8054b25b409,diluted_weighted_average_shares,2024-09-30
2492,67b9eb16-b666-432b-9fa7-7839a48d9d32,quarterly_revenue,2026-06-30
2492,67b9eb16-b666-432b-9fa7-7839a48d9d32,quarterly_revenue,2026-03-31
2492,67b9eb16-b666-432b-9fa7-7839a48d9d32,quarterly_revenue,2025-12-31
2492,67b9eb16-b666-432b-9fa7-7839a48d9d32,quarterly_revenue,2025-09-30
2492,67b9eb16-b666-432b-9fa7-7839a48d9d32,quarterly_revenue,2025-06-30
2492,67b9eb16-b666-432b-9fa7-7839a48d9d32,quarterly_revenue,2025-03-31
2492,67b9eb16-b666-432b-9fa7-7839a48d9d32,quarterly_revenue,2024-12-31
2492,67b9eb16-b666-432b-9fa7-7839a48d9d32,quarterly_revenue,2024-09-30
2492,67b9eb16-b666-432b-9fa7-7839a48d9d32,quarterly_gross_profit,2026-06-30
2492,67b9eb16-b666-432b-9fa7-7839a48d9d32,quarterly_gross_profit,2026-03-31
2492,67b9eb16-b666-432b-9fa7-7839a48d9d32,quarterly_gross_profit,2025-12-31
2492,67b9eb16-b666-432b-9fa7-7839a48d9d32,quarterly_gross_profit,2025-09-30
2492,67b9eb16-b666-432b-9fa7-7839a48d9d32,quarterly_gross_profit,2025-06-30
2492,67b9eb16-b666-432b-9fa7-7839a48d9d32,quarterly_gross_profit,2025-03-31
2492,67b9eb16-b666-432b-9fa7-7839a48d9d32,quarterly_gross_profit,2024-12-31
2492,67b9eb16-b666-432b-9fa7-7839a48d9d32,quarterly_gross_profit,2024-09-30
2492,67b9eb16-b666-432b-9fa7-7839a48d9d32,quarterly_operating_income,2026-06-30
2492,67b9eb16-b666-432b-9fa7-7839a48d9d32,quarterly_operating_income,2026-03-31
2492,67b9eb16-b666-432b-9fa7-7839a48d9d32,quarterly_operating_income,2025-12-31
2492,67b9eb16-b666-432b-9fa7-7839a48d9d32,quarterly_operating_income,2025-09-30
2492,67b9eb16-b666-432b-9fa7-7839a48d9d32,quarterly_operating_income,2025-06-30
2492,67b9eb16-b666-432b-9fa7-7839a48d9d32,quarterly_operating_income,2025-03-31
2492,67b9eb16-b666-432b-9fa7-7839a48d9d32,quarterly_operating_income,2024-12-31
2492,67b9eb16-b666-432b-9fa7-7839a48d9d32,quarterly_operating_income,2024-09-30
2492,67b9eb16-b666-432b-9fa7-7839a48d9d32,quarterly_net_income_attributable_to_common,2026-06-30
2492,67b9eb16-b666-432b-9fa7-7839a48d9d32,quarterly_net_income_attributable_to_common,2026-03-31
2492,67b9eb16-b666-432b-9fa7-7839a48d9d32,quarterly_net_income_attributable_to_common,2025-12-31
2492,67b9eb16-b666-432b-9fa7-7839a48d9d32,quarterly_net_income_attributable_to_common,2025-09-30
2492,67b9eb16-b666-432b-9fa7-7839a48d9d32,quarterly_net_income_attributable_to_common,2025-06-30
2492,67b9eb16-b666-432b-9fa7-7839a48d9d32,quarterly_net_income_attributable_to_common,2025-03-31
2492,67b9eb16-b666-432b-9fa7-7839a48d9d32,quarterly_net_income_attributable_to_common,2024-12-31
2492,67b9eb16-b666-432b-9fa7-7839a48d9d32,quarterly_net_income_attributable_to_common,2024-09-30
2492,67b9eb16-b666-432b-9fa7-7839a48d9d32,quarterly_diluted_eps,2026-06-30
2492,67b9eb16-b666-432b-9fa7-7839a48d9d32,quarterly_diluted_eps,2026-03-31
2492,67b9eb16-b666-432b-9fa7-7839a48d9d32,quarterly_diluted_eps,2025-12-31
2492,67b9eb16-b666-432b-9fa7-7839a48d9d32,quarterly_diluted_eps,2025-09-30
2492,67b9eb16-b666-432b-9fa7-7839a48d9d32,quarterly_diluted_eps,2025-06-30
2492,67b9eb16-b666-432b-9fa7-7839a48d9d32,quarterly_diluted_eps,2025-03-31
2492,67b9eb16-b666-432b-9fa7-7839a48d9d32,quarterly_diluted_eps,2024-12-31
2492,67b9eb16-b666-432b-9fa7-7839a48d9d32,quarterly_diluted_eps,2024-09-30
2492,67b9eb16-b666-432b-9fa7-7839a48d9d32,diluted_weighted_average_shares,2026-06-30
2492,67b9eb16-b666-432b-9fa7-7839a48d9d32,diluted_weighted_average_shares,2026-03-31
2492,67b9eb16-b666-432b-9fa7-7839a48d9d32,diluted_weighted_average_shares,2025-12-31
2492,67b9eb16-b666-432b-9fa7-7839a48d9d32,diluted_weighted_average_shares,2025-09-30
2492,67b9eb16-b666-432b-9fa7-7839a48d9d32,diluted_weighted_average_shares,2025-06-30
2492,67b9eb16-b666-432b-9fa7-7839a48d9d32,diluted_weighted_average_shares,2025-03-31
2492,67b9eb16-b666-432b-9fa7-7839a48d9d32,diluted_weighted_average_shares,2024-12-31
2492,67b9eb16-b666-432b-9fa7-7839a48d9d32,diluted_weighted_average_shares,2024-09-30
2520,2d30fc07-7ae9-4e98-a68f-560d2d5e011f,quarterly_revenue,2026-06-30
2520,2d30fc07-7ae9-4e98-a68f-560d2d5e011f,quarterly_revenue,2026-03-31
2520,2d30fc07-7ae9-4e98-a68f-560d2d5e011f,quarterly_revenue,2025-12-31
2520,2d30fc07-7ae9-4e98-a68f-560d2d5e011f,quarterly_revenue,2025-09-30
2520,2d30fc07-7ae9-4e98-a68f-560d2d5e011f,quarterly_revenue,2025-06-30
2520,2d30fc07-7ae9-4e98-a68f-560d2d5e011f,quarterly_revenue,2025-03-31
2520,2d30fc07-7ae9-4e98-a68f-560d2d5e011f,quarterly_revenue,2024-12-31
2520,2d30fc07-7ae9-4e98-a68f-560d2d5e011f,quarterly_revenue,2024-09-30
2520,2d30fc07-7ae9-4e98-a68f-560d2d5e011f,quarterly_gross_profit,2026-06-30
2520,2d30fc07-7ae9-4e98-a68f-560d2d5e011f,quarterly_gross_profit,2026-03-31
2520,2d30fc07-7ae9-4e98-a68f-560d2d5e011f,quarterly_gross_profit,2025-12-31
2520,2d30fc07-7ae9-4e98-a68f-560d2d5e011f,quarterly_gross_profit,2025-09-30
2520,2d30fc07-7ae9-4e98-a68f-560d2d5e011f,quarterly_gross_profit,2025-06-30
2520,2d30fc07-7ae9-4e98-a68f-560d2d5e011f,quarterly_gross_profit,2025-03-31
2520,2d30fc07-7ae9-4e98-a68f-560d2d5e011f,quarterly_gross_profit,2024-12-31
2520,2d30fc07-7ae9-4e98-a68f-560d2d5e011f,quarterly_gross_profit,2024-09-30
2520,2d30fc07-7ae9-4e98-a68f-560d2d5e011f,quarterly_operating_income,2026-06-30
2520,2d30fc07-7ae9-4e98-a68f-560d2d5e011f,quarterly_operating_income,2026-03-31
2520,2d30fc07-7ae9-4e98-a68f-560d2d5e011f,quarterly_operating_income,2025-12-31
2520,2d30fc07-7ae9-4e98-a68f-560d2d5e011f,quarterly_operating_income,2025-09-30
2520,2d30fc07-7ae9-4e98-a68f-560d2d5e011f,quarterly_operating_income,2025-06-30
2520,2d30fc07-7ae9-4e98-a68f-560d2d5e011f,quarterly_operating_income,2025-03-31
2520,2d30fc07-7ae9-4e98-a68f-560d2d5e011f,quarterly_operating_income,2024-12-31
2520,2d30fc07-7ae9-4e98-a68f-560d2d5e011f,quarterly_operating_income,2024-09-30
2520,2d30fc07-7ae9-4e98-a68f-560d2d5e011f,quarterly_net_income_attributable_to_common,2026-06-30
2520,2d30fc07-7ae9-4e98-a68f-560d2d5e011f,quarterly_net_income_attributable_to_common,2026-03-31
2520,2d30fc07-7ae9-4e98-a68f-560d2d5e011f,quarterly_net_income_attributable_to_common,2025-12-31
2520,2d30fc07-7ae9-4e98-a68f-560d2d5e011f,quarterly_net_income_attributable_to_common,2025-09-30
2520,2d30fc07-7ae9-4e98-a68f-560d2d5e011f,quarterly_net_income_attributable_to_common,2025-06-30
2520,2d30fc07-7ae9-4e98-a68f-560d2d5e011f,quarterly_net_income_attributable_to_common,2025-03-31
2520,2d30fc07-7ae9-4e98-a68f-560d2d5e011f,quarterly_net_income_attributable_to_common,2024-12-31
2520,2d30fc07-7ae9-4e98-a68f-560d2d5e011f,quarterly_net_income_attributable_to_common,2024-09-30
2520,2d30fc07-7ae9-4e98-a68f-560d2d5e011f,quarterly_diluted_eps,2026-06-30
2520,2d30fc07-7ae9-4e98-a68f-560d2d5e011f,quarterly_diluted_eps,2026-03-31
2520,2d30fc07-7ae9-4e98-a68f-560d2d5e011f,quarterly_diluted_eps,2025-12-31
2520,2d30fc07-7ae9-4e98-a68f-560d2d5e011f,quarterly_diluted_eps,2025-09-30
2520,2d30fc07-7ae9-4e98-a68f-560d2d5e011f,quarterly_diluted_eps,2025-06-30
2520,2d30fc07-7ae9-4e98-a68f-560d2d5e011f,quarterly_diluted_eps,2025-03-31
2520,2d30fc07-7ae9-4e98-a68f-560d2d5e011f,quarterly_diluted_eps,2024-12-31
2520,2d30fc07-7ae9-4e98-a68f-560d2d5e011f,quarterly_diluted_eps,2024-09-30
2520,2d30fc07-7ae9-4e98-a68f-560d2d5e011f,diluted_weighted_average_shares,2026-06-30
2520,2d30fc07-7ae9-4e98-a68f-560d2d5e011f,diluted_weighted_average_shares,2026-03-31
2520,2d30fc07-7ae9-4e98-a68f-560d2d5e011f,diluted_weighted_average_shares,2025-12-31
2520,2d30fc07-7ae9-4e98-a68f-560d2d5e011f,diluted_weighted_average_shares,2025-09-30
2520,2d30fc07-7ae9-4e98-a68f-560d2d5e011f,diluted_weighted_average_shares,2025-06-30
2520,2d30fc07-7ae9-4e98-a68f-560d2d5e011f,diluted_weighted_average_shares,2025-03-31
2520,2d30fc07-7ae9-4e98-a68f-560d2d5e011f,diluted_weighted_average_shares,2024-12-31
2520,2d30fc07-7ae9-4e98-a68f-560d2d5e011f,diluted_weighted_average_shares,2024-09-30
2527,6a5fc10f-e730-4522-91b2-9b8d8517bfd2,quarterly_revenue,2026-06-30
2527,6a5fc10f-e730-4522-91b2-9b8d8517bfd2,quarterly_revenue,2026-03-31
2527,6a5fc10f-e730-4522-91b2-9b8d8517bfd2,quarterly_revenue,2025-12-31
2527,6a5fc10f-e730-4522-91b2-9b8d8517bfd2,quarterly_revenue,2025-09-30
2527,6a5fc10f-e730-4522-91b2-9b8d8517bfd2,quarterly_revenue,2025-06-30
2527,6a5fc10f-e730-4522-91b2-9b8d8517bfd2,quarterly_revenue,2025-03-31
2527,6a5fc10f-e730-4522-91b2-9b8d8517bfd2,quarterly_revenue,2024-12-31
2527,6a5fc10f-e730-4522-91b2-9b8d8517bfd2,quarterly_revenue,2024-09-30
2527,6a5fc10f-e730-4522-91b2-9b8d8517bfd2,quarterly_gross_profit,2026-06-30
2527,6a5fc10f-e730-4522-91b2-9b8d8517bfd2,quarterly_gross_profit,2026-03-31
2527,6a5fc10f-e730-4522-91b2-9b8d8517bfd2,quarterly_gross_profit,2025-12-31
2527,6a5fc10f-e730-4522-91b2-9b8d8517bfd2,quarterly_gross_profit,2025-09-30
2527,6a5fc10f-e730-4522-91b2-9b8d8517bfd2,quarterly_gross_profit,2025-06-30
2527,6a5fc10f-e730-4522-91b2-9b8d8517bfd2,quarterly_gross_profit,2025-03-31
2527,6a5fc10f-e730-4522-91b2-9b8d8517bfd2,quarterly_gross_profit,2024-12-31
2527,6a5fc10f-e730-4522-91b2-9b8d8517bfd2,quarterly_gross_profit,2024-09-30
2527,6a5fc10f-e730-4522-91b2-9b8d8517bfd2,quarterly_operating_income,2026-06-30
2527,6a5fc10f-e730-4522-91b2-9b8d8517bfd2,quarterly_operating_income,2026-03-31
2527,6a5fc10f-e730-4522-91b2-9b8d8517bfd2,quarterly_operating_income,2025-12-31
2527,6a5fc10f-e730-4522-91b2-9b8d8517bfd2,quarterly_operating_income,2025-09-30
2527,6a5fc10f-e730-4522-91b2-9b8d8517bfd2,quarterly_operating_income,2025-06-30
2527,6a5fc10f-e730-4522-91b2-9b8d8517bfd2,quarterly_operating_income,2025-03-31
2527,6a5fc10f-e730-4522-91b2-9b8d8517bfd2,quarterly_operating_income,2024-12-31
2527,6a5fc10f-e730-4522-91b2-9b8d8517bfd2,quarterly_operating_income,2024-09-30
2527,6a5fc10f-e730-4522-91b2-9b8d8517bfd2,quarterly_net_income_attributable_to_common,2026-06-30
2527,6a5fc10f-e730-4522-91b2-9b8d8517bfd2,quarterly_net_income_attributable_to_common,2026-03-31
2527,6a5fc10f-e730-4522-91b2-9b8d8517bfd2,quarterly_net_income_attributable_to_common,2025-12-31
2527,6a5fc10f-e730-4522-91b2-9b8d8517bfd2,quarterly_net_income_attributable_to_common,2025-09-30
2527,6a5fc10f-e730-4522-91b2-9b8d8517bfd2,quarterly_net_income_attributable_to_common,2025-06-30
2527,6a5fc10f-e730-4522-91b2-9b8d8517bfd2,quarterly_net_income_attributable_to_common,2025-03-31
2527,6a5fc10f-e730-4522-91b2-9b8d8517bfd2,quarterly_net_income_attributable_to_common,2024-12-31
2527,6a5fc10f-e730-4522-91b2-9b8d8517bfd2,quarterly_net_income_attributable_to_common,2024-09-30
2527,6a5fc10f-e730-4522-91b2-9b8d8517bfd2,quarterly_diluted_eps,2026-06-30
2527,6a5fc10f-e730-4522-91b2-9b8d8517bfd2,quarterly_diluted_eps,2026-03-31
2527,6a5fc10f-e730-4522-91b2-9b8d8517bfd2,quarterly_diluted_eps,2025-12-31
2527,6a5fc10f-e730-4522-91b2-9b8d8517bfd2,quarterly_diluted_eps,2025-09-30
2527,6a5fc10f-e730-4522-91b2-9b8d8517bfd2,quarterly_diluted_eps,2025-06-30
2527,6a5fc10f-e730-4522-91b2-9b8d8517bfd2,quarterly_diluted_eps,2025-03-31
2527,6a5fc10f-e730-4522-91b2-9b8d8517bfd2,quarterly_diluted_eps,2024-12-31
2527,6a5fc10f-e730-4522-91b2-9b8d8517bfd2,quarterly_diluted_eps,2024-09-30
2527,6a5fc10f-e730-4522-91b2-9b8d8517bfd2,diluted_weighted_average_shares,2026-06-30
2527,6a5fc10f-e730-4522-91b2-9b8d8517bfd2,diluted_weighted_average_shares,2026-03-31
2527,6a5fc10f-e730-4522-91b2-9b8d8517bfd2,diluted_weighted_average_shares,2025-12-31
2527,6a5fc10f-e730-4522-91b2-9b8d8517bfd2,diluted_weighted_average_shares,2025-09-30
2527,6a5fc10f-e730-4522-91b2-9b8d8517bfd2,diluted_weighted_average_shares,2025-06-30
2527,6a5fc10f-e730-4522-91b2-9b8d8517bfd2,diluted_weighted_average_shares,2025-03-31
2527,6a5fc10f-e730-4522-91b2-9b8d8517bfd2,diluted_weighted_average_shares,2024-12-31
2527,6a5fc10f-e730-4522-91b2-9b8d8517bfd2,diluted_weighted_average_shares,2024-09-30
2535,81706132-2b53-40aa-9ee3-df8d899e0b68,quarterly_revenue,2026-06-30
2535,81706132-2b53-40aa-9ee3-df8d899e0b68,quarterly_revenue,2026-03-31
2535,81706132-2b53-40aa-9ee3-df8d899e0b68,quarterly_revenue,2025-12-31
2535,81706132-2b53-40aa-9ee3-df8d899e0b68,quarterly_revenue,2025-09-30
2535,81706132-2b53-40aa-9ee3-df8d899e0b68,quarterly_revenue,2025-06-30
2535,81706132-2b53-40aa-9ee3-df8d899e0b68,quarterly_revenue,2025-03-31
2535,81706132-2b53-40aa-9ee3-df8d899e0b68,quarterly_revenue,2024-12-31
2535,81706132-2b53-40aa-9ee3-df8d899e0b68,quarterly_revenue,2024-09-30
2535,81706132-2b53-40aa-9ee3-df8d899e0b68,quarterly_gross_profit,2026-06-30
2535,81706132-2b53-40aa-9ee3-df8d899e0b68,quarterly_gross_profit,2026-03-31
2535,81706132-2b53-40aa-9ee3-df8d899e0b68,quarterly_gross_profit,2025-12-31
2535,81706132-2b53-40aa-9ee3-df8d899e0b68,quarterly_gross_profit,2025-09-30
2535,81706132-2b53-40aa-9ee3-df8d899e0b68,quarterly_gross_profit,2025-06-30
2535,81706132-2b53-40aa-9ee3-df8d899e0b68,quarterly_gross_profit,2025-03-31
2535,81706132-2b53-40aa-9ee3-df8d899e0b68,quarterly_gross_profit,2024-12-31
2535,81706132-2b53-40aa-9ee3-df8d899e0b68,quarterly_gross_profit,2024-09-30
2535,81706132-2b53-40aa-9ee3-df8d899e0b68,quarterly_operating_income,2026-06-30
2535,81706132-2b53-40aa-9ee3-df8d899e0b68,quarterly_operating_income,2026-03-31
2535,81706132-2b53-40aa-9ee3-df8d899e0b68,quarterly_operating_income,2025-12-31
2535,81706132-2b53-40aa-9ee3-df8d899e0b68,quarterly_operating_income,2025-09-30
2535,81706132-2b53-40aa-9ee3-df8d899e0b68,quarterly_operating_income,2025-06-30
2535,81706132-2b53-40aa-9ee3-df8d899e0b68,quarterly_operating_income,2025-03-31
2535,81706132-2b53-40aa-9ee3-df8d899e0b68,quarterly_operating_income,2024-12-31
2535,81706132-2b53-40aa-9ee3-df8d899e0b68,quarterly_operating_income,2024-09-30
2535,81706132-2b53-40aa-9ee3-df8d899e0b68,quarterly_net_income_attributable_to_common,2026-06-30
2535,81706132-2b53-40aa-9ee3-df8d899e0b68,quarterly_net_income_attributable_to_common,2026-03-31
2535,81706132-2b53-40aa-9ee3-df8d899e0b68,quarterly_net_income_attributable_to_common,2025-12-31
2535,81706132-2b53-40aa-9ee3-df8d899e0b68,quarterly_net_income_attributable_to_common,2025-09-30
2535,81706132-2b53-40aa-9ee3-df8d899e0b68,quarterly_net_income_attributable_to_common,2025-06-30
2535,81706132-2b53-40aa-9ee3-df8d899e0b68,quarterly_net_income_attributable_to_common,2025-03-31
2535,81706132-2b53-40aa-9ee3-df8d899e0b68,quarterly_net_income_attributable_to_common,2024-12-31
2535,81706132-2b53-40aa-9ee3-df8d899e0b68,quarterly_net_income_attributable_to_common,2024-09-30
2535,81706132-2b53-40aa-9ee3-df8d899e0b68,quarterly_diluted_eps,2026-06-30
2535,81706132-2b53-40aa-9ee3-df8d899e0b68,quarterly_diluted_eps,2026-03-31
2535,81706132-2b53-40aa-9ee3-df8d899e0b68,quarterly_diluted_eps,2025-12-31
2535,81706132-2b53-40aa-9ee3-df8d899e0b68,quarterly_diluted_eps,2025-09-30
2535,81706132-2b53-40aa-9ee3-df8d899e0b68,quarterly_diluted_eps,2025-06-30
2535,81706132-2b53-40aa-9ee3-df8d899e0b68,quarterly_diluted_eps,2025-03-31
2535,81706132-2b53-40aa-9ee3-df8d899e0b68,quarterly_diluted_eps,2024-12-31
2535,81706132-2b53-40aa-9ee3-df8d899e0b68,quarterly_diluted_eps,2024-09-30
2535,81706132-2b53-40aa-9ee3-df8d899e0b68,diluted_weighted_average_shares,2026-06-30
2535,81706132-2b53-40aa-9ee3-df8d899e0b68,diluted_weighted_average_shares,2026-03-31
2535,81706132-2b53-40aa-9ee3-df8d899e0b68,diluted_weighted_average_shares,2025-12-31
2535,81706132-2b53-40aa-9ee3-df8d899e0b68,diluted_weighted_average_shares,2025-09-30
2535,81706132-2b53-40aa-9ee3-df8d899e0b68,diluted_weighted_average_shares,2025-06-30
2535,81706132-2b53-40aa-9ee3-df8d899e0b68,diluted_weighted_average_shares,2025-03-31
2535,81706132-2b53-40aa-9ee3-df8d899e0b68,diluted_weighted_average_shares,2024-12-31
2535,81706132-2b53-40aa-9ee3-df8d899e0b68,diluted_weighted_average_shares,2024-09-30
2545,f12437a9-3955-48b7-825e-b1f0f5a061dc,quarterly_revenue,2026-06-30
2545,f12437a9-3955-48b7-825e-b1f0f5a061dc,quarterly_revenue,2026-03-31
2545,f12437a9-3955-48b7-825e-b1f0f5a061dc,quarterly_revenue,2025-12-31
2545,f12437a9-3955-48b7-825e-b1f0f5a061dc,quarterly_revenue,2025-09-30
2545,f12437a9-3955-48b7-825e-b1f0f5a061dc,quarterly_revenue,2025-06-30
2545,f12437a9-3955-48b7-825e-b1f0f5a061dc,quarterly_revenue,2025-03-31
2545,f12437a9-3955-48b7-825e-b1f0f5a061dc,quarterly_revenue,2024-12-31
2545,f12437a9-3955-48b7-825e-b1f0f5a061dc,quarterly_revenue,2024-09-30
2545,f12437a9-3955-48b7-825e-b1f0f5a061dc,quarterly_gross_profit,2026-06-30
2545,f12437a9-3955-48b7-825e-b1f0f5a061dc,quarterly_gross_profit,2026-03-31
2545,f12437a9-3955-48b7-825e-b1f0f5a061dc,quarterly_gross_profit,2025-12-31
2545,f12437a9-3955-48b7-825e-b1f0f5a061dc,quarterly_gross_profit,2025-09-30
2545,f12437a9-3955-48b7-825e-b1f0f5a061dc,quarterly_gross_profit,2025-06-30
2545,f12437a9-3955-48b7-825e-b1f0f5a061dc,quarterly_gross_profit,2025-03-31
2545,f12437a9-3955-48b7-825e-b1f0f5a061dc,quarterly_gross_profit,2024-12-31
2545,f12437a9-3955-48b7-825e-b1f0f5a061dc,quarterly_gross_profit,2024-09-30
2545,f12437a9-3955-48b7-825e-b1f0f5a061dc,quarterly_operating_income,2026-06-30
2545,f12437a9-3955-48b7-825e-b1f0f5a061dc,quarterly_operating_income,2026-03-31
2545,f12437a9-3955-48b7-825e-b1f0f5a061dc,quarterly_operating_income,2025-12-31
2545,f12437a9-3955-48b7-825e-b1f0f5a061dc,quarterly_operating_income,2025-09-30
2545,f12437a9-3955-48b7-825e-b1f0f5a061dc,quarterly_operating_income,2025-06-30
2545,f12437a9-3955-48b7-825e-b1f0f5a061dc,quarterly_operating_income,2025-03-31
2545,f12437a9-3955-48b7-825e-b1f0f5a061dc,quarterly_operating_income,2024-12-31
2545,f12437a9-3955-48b7-825e-b1f0f5a061dc,quarterly_operating_income,2024-09-30
2545,f12437a9-3955-48b7-825e-b1f0f5a061dc,quarterly_net_income_attributable_to_common,2026-06-30
2545,f12437a9-3955-48b7-825e-b1f0f5a061dc,quarterly_net_income_attributable_to_common,2026-03-31
2545,f12437a9-3955-48b7-825e-b1f0f5a061dc,quarterly_net_income_attributable_to_common,2025-12-31
2545,f12437a9-3955-48b7-825e-b1f0f5a061dc,quarterly_net_income_attributable_to_common,2025-09-30
2545,f12437a9-3955-48b7-825e-b1f0f5a061dc,quarterly_net_income_attributable_to_common,2025-06-30
2545,f12437a9-3955-48b7-825e-b1f0f5a061dc,quarterly_net_income_attributable_to_common,2025-03-31
2545,f12437a9-3955-48b7-825e-b1f0f5a061dc,quarterly_net_income_attributable_to_common,2024-12-31
2545,f12437a9-3955-48b7-825e-b1f0f5a061dc,quarterly_net_income_attributable_to_common,2024-09-30
2545,f12437a9-3955-48b7-825e-b1f0f5a061dc,quarterly_diluted_eps,2026-06-30
2545,f12437a9-3955-48b7-825e-b1f0f5a061dc,quarterly_diluted_eps,2026-03-31
2545,f12437a9-3955-48b7-825e-b1f0f5a061dc,quarterly_diluted_eps,2025-12-31
2545,f12437a9-3955-48b7-825e-b1f0f5a061dc,quarterly_diluted_eps,2025-09-30
2545,f12437a9-3955-48b7-825e-b1f0f5a061dc,quarterly_diluted_eps,2025-06-30
2545,f12437a9-3955-48b7-825e-b1f0f5a061dc,quarterly_diluted_eps,2025-03-31
2545,f12437a9-3955-48b7-825e-b1f0f5a061dc,quarterly_diluted_eps,2024-12-31
2545,f12437a9-3955-48b7-825e-b1f0f5a061dc,quarterly_diluted_eps,2024-09-30
2545,f12437a9-3955-48b7-825e-b1f0f5a061dc,diluted_weighted_average_shares,2026-06-30
2545,f12437a9-3955-48b7-825e-b1f0f5a061dc,diluted_weighted_average_shares,2026-03-31
2545,f12437a9-3955-48b7-825e-b1f0f5a061dc,diluted_weighted_average_shares,2025-12-31
2545,f12437a9-3955-48b7-825e-b1f0f5a061dc,diluted_weighted_average_shares,2025-09-30
2545,f12437a9-3955-48b7-825e-b1f0f5a061dc,diluted_weighted_average_shares,2025-06-30
2545,f12437a9-3955-48b7-825e-b1f0f5a061dc,diluted_weighted_average_shares,2025-03-31
2545,f12437a9-3955-48b7-825e-b1f0f5a061dc,diluted_weighted_average_shares,2024-12-31
2545,f12437a9-3955-48b7-825e-b1f0f5a061dc,diluted_weighted_average_shares,2024-09-30
2609,505f745c-7f2e-4160-a605-3ca2e5d7fe8a,quarterly_revenue,2026-06-30
2609,505f745c-7f2e-4160-a605-3ca2e5d7fe8a,quarterly_revenue,2026-03-31
2609,505f745c-7f2e-4160-a605-3ca2e5d7fe8a,quarterly_revenue,2025-12-31
2609,505f745c-7f2e-4160-a605-3ca2e5d7fe8a,quarterly_revenue,2025-09-30
2609,505f745c-7f2e-4160-a605-3ca2e5d7fe8a,quarterly_revenue,2025-06-30
2609,505f745c-7f2e-4160-a605-3ca2e5d7fe8a,quarterly_revenue,2025-03-31
2609,505f745c-7f2e-4160-a605-3ca2e5d7fe8a,quarterly_revenue,2024-12-31
2609,505f745c-7f2e-4160-a605-3ca2e5d7fe8a,quarterly_revenue,2024-09-30
2609,505f745c-7f2e-4160-a605-3ca2e5d7fe8a,quarterly_gross_profit,2026-06-30
2609,505f745c-7f2e-4160-a605-3ca2e5d7fe8a,quarterly_gross_profit,2026-03-31
2609,505f745c-7f2e-4160-a605-3ca2e5d7fe8a,quarterly_gross_profit,2025-12-31
2609,505f745c-7f2e-4160-a605-3ca2e5d7fe8a,quarterly_gross_profit,2025-09-30
2609,505f745c-7f2e-4160-a605-3ca2e5d7fe8a,quarterly_gross_profit,2025-06-30
2609,505f745c-7f2e-4160-a605-3ca2e5d7fe8a,quarterly_gross_profit,2025-03-31
2609,505f745c-7f2e-4160-a605-3ca2e5d7fe8a,quarterly_gross_profit,2024-12-31
2609,505f745c-7f2e-4160-a605-3ca2e5d7fe8a,quarterly_gross_profit,2024-09-30
2609,505f745c-7f2e-4160-a605-3ca2e5d7fe8a,quarterly_operating_income,2026-06-30
2609,505f745c-7f2e-4160-a605-3ca2e5d7fe8a,quarterly_operating_income,2026-03-31
2609,505f745c-7f2e-4160-a605-3ca2e5d7fe8a,quarterly_operating_income,2025-12-31
2609,505f745c-7f2e-4160-a605-3ca2e5d7fe8a,quarterly_operating_income,2025-09-30
2609,505f745c-7f2e-4160-a605-3ca2e5d7fe8a,quarterly_operating_income,2025-06-30
2609,505f745c-7f2e-4160-a605-3ca2e5d7fe8a,quarterly_operating_income,2025-03-31
2609,505f745c-7f2e-4160-a605-3ca2e5d7fe8a,quarterly_operating_income,2024-12-31
2609,505f745c-7f2e-4160-a605-3ca2e5d7fe8a,quarterly_operating_income,2024-09-30
2609,505f745c-7f2e-4160-a605-3ca2e5d7fe8a,quarterly_net_income_attributable_to_common,2026-06-30
2609,505f745c-7f2e-4160-a605-3ca2e5d7fe8a,quarterly_net_income_attributable_to_common,2026-03-31
2609,505f745c-7f2e-4160-a605-3ca2e5d7fe8a,quarterly_net_income_attributable_to_common,2025-12-31
2609,505f745c-7f2e-4160-a605-3ca2e5d7fe8a,quarterly_net_income_attributable_to_common,2025-09-30
2609,505f745c-7f2e-4160-a605-3ca2e5d7fe8a,quarterly_net_income_attributable_to_common,2025-06-30
2609,505f745c-7f2e-4160-a605-3ca2e5d7fe8a,quarterly_net_income_attributable_to_common,2025-03-31
2609,505f745c-7f2e-4160-a605-3ca2e5d7fe8a,quarterly_net_income_attributable_to_common,2024-12-31
2609,505f745c-7f2e-4160-a605-3ca2e5d7fe8a,quarterly_net_income_attributable_to_common,2024-09-30
2609,505f745c-7f2e-4160-a605-3ca2e5d7fe8a,quarterly_diluted_eps,2026-06-30
2609,505f745c-7f2e-4160-a605-3ca2e5d7fe8a,quarterly_diluted_eps,2026-03-31
2609,505f745c-7f2e-4160-a605-3ca2e5d7fe8a,quarterly_diluted_eps,2025-12-31
2609,505f745c-7f2e-4160-a605-3ca2e5d7fe8a,quarterly_diluted_eps,2025-09-30
2609,505f745c-7f2e-4160-a605-3ca2e5d7fe8a,quarterly_diluted_eps,2025-06-30
2609,505f745c-7f2e-4160-a605-3ca2e5d7fe8a,quarterly_diluted_eps,2025-03-31
2609,505f745c-7f2e-4160-a605-3ca2e5d7fe8a,quarterly_diluted_eps,2024-12-31
2609,505f745c-7f2e-4160-a605-3ca2e5d7fe8a,quarterly_diluted_eps,2024-09-30
2609,505f745c-7f2e-4160-a605-3ca2e5d7fe8a,diluted_weighted_average_shares,2026-06-30
2609,505f745c-7f2e-4160-a605-3ca2e5d7fe8a,diluted_weighted_average_shares,2026-03-31
2609,505f745c-7f2e-4160-a605-3ca2e5d7fe8a,diluted_weighted_average_shares,2025-12-31
2609,505f745c-7f2e-4160-a605-3ca2e5d7fe8a,diluted_weighted_average_shares,2025-09-30
2609,505f745c-7f2e-4160-a605-3ca2e5d7fe8a,diluted_weighted_average_shares,2025-06-30
2609,505f745c-7f2e-4160-a605-3ca2e5d7fe8a,diluted_weighted_average_shares,2025-03-31
2609,505f745c-7f2e-4160-a605-3ca2e5d7fe8a,diluted_weighted_average_shares,2024-12-31
2609,505f745c-7f2e-4160-a605-3ca2e5d7fe8a,diluted_weighted_average_shares,2024-09-30
2618,0b4a6d1c-4637-4df1-8174-677e475f9da2,quarterly_revenue,2026-06-30
2618,0b4a6d1c-4637-4df1-8174-677e475f9da2,quarterly_revenue,2026-03-31
2618,0b4a6d1c-4637-4df1-8174-677e475f9da2,quarterly_revenue,2025-12-31
2618,0b4a6d1c-4637-4df1-8174-677e475f9da2,quarterly_revenue,2025-09-30
2618,0b4a6d1c-4637-4df1-8174-677e475f9da2,quarterly_revenue,2025-06-30
2618,0b4a6d1c-4637-4df1-8174-677e475f9da2,quarterly_revenue,2025-03-31
2618,0b4a6d1c-4637-4df1-8174-677e475f9da2,quarterly_revenue,2024-12-31
2618,0b4a6d1c-4637-4df1-8174-677e475f9da2,quarterly_revenue,2024-09-30
2618,0b4a6d1c-4637-4df1-8174-677e475f9da2,quarterly_gross_profit,2026-06-30
2618,0b4a6d1c-4637-4df1-8174-677e475f9da2,quarterly_gross_profit,2026-03-31
2618,0b4a6d1c-4637-4df1-8174-677e475f9da2,quarterly_gross_profit,2025-12-31
2618,0b4a6d1c-4637-4df1-8174-677e475f9da2,quarterly_gross_profit,2025-09-30
2618,0b4a6d1c-4637-4df1-8174-677e475f9da2,quarterly_gross_profit,2025-06-30
2618,0b4a6d1c-4637-4df1-8174-677e475f9da2,quarterly_gross_profit,2025-03-31
2618,0b4a6d1c-4637-4df1-8174-677e475f9da2,quarterly_gross_profit,2024-12-31
2618,0b4a6d1c-4637-4df1-8174-677e475f9da2,quarterly_gross_profit,2024-09-30
2618,0b4a6d1c-4637-4df1-8174-677e475f9da2,quarterly_operating_income,2026-06-30
2618,0b4a6d1c-4637-4df1-8174-677e475f9da2,quarterly_operating_income,2026-03-31
2618,0b4a6d1c-4637-4df1-8174-677e475f9da2,quarterly_operating_income,2025-12-31
2618,0b4a6d1c-4637-4df1-8174-677e475f9da2,quarterly_operating_income,2025-09-30
2618,0b4a6d1c-4637-4df1-8174-677e475f9da2,quarterly_operating_income,2025-06-30
2618,0b4a6d1c-4637-4df1-8174-677e475f9da2,quarterly_operating_income,2025-03-31
2618,0b4a6d1c-4637-4df1-8174-677e475f9da2,quarterly_operating_income,2024-12-31
2618,0b4a6d1c-4637-4df1-8174-677e475f9da2,quarterly_operating_income,2024-09-30
2618,0b4a6d1c-4637-4df1-8174-677e475f9da2,quarterly_net_income_attributable_to_common,2026-06-30
2618,0b4a6d1c-4637-4df1-8174-677e475f9da2,quarterly_net_income_attributable_to_common,2026-03-31
2618,0b4a6d1c-4637-4df1-8174-677e475f9da2,quarterly_net_income_attributable_to_common,2025-12-31
2618,0b4a6d1c-4637-4df1-8174-677e475f9da2,quarterly_net_income_attributable_to_common,2025-09-30
2618,0b4a6d1c-4637-4df1-8174-677e475f9da2,quarterly_net_income_attributable_to_common,2025-06-30
2618,0b4a6d1c-4637-4df1-8174-677e475f9da2,quarterly_net_income_attributable_to_common,2025-03-31
2618,0b4a6d1c-4637-4df1-8174-677e475f9da2,quarterly_net_income_attributable_to_common,2024-12-31
2618,0b4a6d1c-4637-4df1-8174-677e475f9da2,quarterly_net_income_attributable_to_common,2024-09-30
2618,0b4a6d1c-4637-4df1-8174-677e475f9da2,quarterly_diluted_eps,2026-06-30
2618,0b4a6d1c-4637-4df1-8174-677e475f9da2,quarterly_diluted_eps,2026-03-31
2618,0b4a6d1c-4637-4df1-8174-677e475f9da2,quarterly_diluted_eps,2025-12-31
2618,0b4a6d1c-4637-4df1-8174-677e475f9da2,quarterly_diluted_eps,2025-09-30
2618,0b4a6d1c-4637-4df1-8174-677e475f9da2,quarterly_diluted_eps,2025-06-30
2618,0b4a6d1c-4637-4df1-8174-677e475f9da2,quarterly_diluted_eps,2025-03-31
2618,0b4a6d1c-4637-4df1-8174-677e475f9da2,quarterly_diluted_eps,2024-12-31
2618,0b4a6d1c-4637-4df1-8174-677e475f9da2,quarterly_diluted_eps,2024-09-30
2618,0b4a6d1c-4637-4df1-8174-677e475f9da2,diluted_weighted_average_shares,2026-06-30
2618,0b4a6d1c-4637-4df1-8174-677e475f9da2,diluted_weighted_average_shares,2026-03-31
2618,0b4a6d1c-4637-4df1-8174-677e475f9da2,diluted_weighted_average_shares,2025-12-31
2618,0b4a6d1c-4637-4df1-8174-677e475f9da2,diluted_weighted_average_shares,2025-09-30
2618,0b4a6d1c-4637-4df1-8174-677e475f9da2,diluted_weighted_average_shares,2025-06-30
2618,0b4a6d1c-4637-4df1-8174-677e475f9da2,diluted_weighted_average_shares,2025-03-31
2618,0b4a6d1c-4637-4df1-8174-677e475f9da2,diluted_weighted_average_shares,2024-12-31
2618,0b4a6d1c-4637-4df1-8174-677e475f9da2,diluted_weighted_average_shares,2024-09-30
2723,ac51b32b-efc7-4ae2-84e2-cabf87bcf9be,quarterly_revenue,2026-06-30
2723,ac51b32b-efc7-4ae2-84e2-cabf87bcf9be,quarterly_revenue,2026-03-31
2723,ac51b32b-efc7-4ae2-84e2-cabf87bcf9be,quarterly_revenue,2025-12-31
2723,ac51b32b-efc7-4ae2-84e2-cabf87bcf9be,quarterly_revenue,2025-09-30
2723,ac51b32b-efc7-4ae2-84e2-cabf87bcf9be,quarterly_revenue,2025-06-30
2723,ac51b32b-efc7-4ae2-84e2-cabf87bcf9be,quarterly_revenue,2025-03-31
2723,ac51b32b-efc7-4ae2-84e2-cabf87bcf9be,quarterly_revenue,2024-12-31
2723,ac51b32b-efc7-4ae2-84e2-cabf87bcf9be,quarterly_revenue,2024-09-30
2723,ac51b32b-efc7-4ae2-84e2-cabf87bcf9be,quarterly_gross_profit,2026-06-30
2723,ac51b32b-efc7-4ae2-84e2-cabf87bcf9be,quarterly_gross_profit,2026-03-31
2723,ac51b32b-efc7-4ae2-84e2-cabf87bcf9be,quarterly_gross_profit,2025-12-31
2723,ac51b32b-efc7-4ae2-84e2-cabf87bcf9be,quarterly_gross_profit,2025-09-30
2723,ac51b32b-efc7-4ae2-84e2-cabf87bcf9be,quarterly_gross_profit,2025-06-30
2723,ac51b32b-efc7-4ae2-84e2-cabf87bcf9be,quarterly_gross_profit,2025-03-31
2723,ac51b32b-efc7-4ae2-84e2-cabf87bcf9be,quarterly_gross_profit,2024-12-31
2723,ac51b32b-efc7-4ae2-84e2-cabf87bcf9be,quarterly_gross_profit,2024-09-30
2723,ac51b32b-efc7-4ae2-84e2-cabf87bcf9be,quarterly_operating_income,2026-06-30
2723,ac51b32b-efc7-4ae2-84e2-cabf87bcf9be,quarterly_operating_income,2026-03-31
2723,ac51b32b-efc7-4ae2-84e2-cabf87bcf9be,quarterly_operating_income,2025-12-31
2723,ac51b32b-efc7-4ae2-84e2-cabf87bcf9be,quarterly_operating_income,2025-09-30
2723,ac51b32b-efc7-4ae2-84e2-cabf87bcf9be,quarterly_operating_income,2025-06-30
2723,ac51b32b-efc7-4ae2-84e2-cabf87bcf9be,quarterly_operating_income,2025-03-31
2723,ac51b32b-efc7-4ae2-84e2-cabf87bcf9be,quarterly_operating_income,2024-12-31
2723,ac51b32b-efc7-4ae2-84e2-cabf87bcf9be,quarterly_operating_income,2024-09-30
2723,ac51b32b-efc7-4ae2-84e2-cabf87bcf9be,quarterly_net_income_attributable_to_common,2026-06-30
2723,ac51b32b-efc7-4ae2-84e2-cabf87bcf9be,quarterly_net_income_attributable_to_common,2026-03-31
2723,ac51b32b-efc7-4ae2-84e2-cabf87bcf9be,quarterly_net_income_attributable_to_common,2025-12-31
2723,ac51b32b-efc7-4ae2-84e2-cabf87bcf9be,quarterly_net_income_attributable_to_common,2025-09-30
2723,ac51b32b-efc7-4ae2-84e2-cabf87bcf9be,quarterly_net_income_attributable_to_common,2025-06-30
2723,ac51b32b-efc7-4ae2-84e2-cabf87bcf9be,quarterly_net_income_attributable_to_common,2025-03-31
2723,ac51b32b-efc7-4ae2-84e2-cabf87bcf9be,quarterly_net_income_attributable_to_common,2024-12-31
2723,ac51b32b-efc7-4ae2-84e2-cabf87bcf9be,quarterly_net_income_attributable_to_common,2024-09-30
2723,ac51b32b-efc7-4ae2-84e2-cabf87bcf9be,quarterly_diluted_eps,2026-06-30
2723,ac51b32b-efc7-4ae2-84e2-cabf87bcf9be,quarterly_diluted_eps,2026-03-31
2723,ac51b32b-efc7-4ae2-84e2-cabf87bcf9be,quarterly_diluted_eps,2025-12-31
2723,ac51b32b-efc7-4ae2-84e2-cabf87bcf9be,quarterly_diluted_eps,2025-09-30
2723,ac51b32b-efc7-4ae2-84e2-cabf87bcf9be,quarterly_diluted_eps,2025-06-30
2723,ac51b32b-efc7-4ae2-84e2-cabf87bcf9be,quarterly_diluted_eps,2025-03-31
2723,ac51b32b-efc7-4ae2-84e2-cabf87bcf9be,quarterly_diluted_eps,2024-12-31
2723,ac51b32b-efc7-4ae2-84e2-cabf87bcf9be,quarterly_diluted_eps,2024-09-30
2723,ac51b32b-efc7-4ae2-84e2-cabf87bcf9be,diluted_weighted_average_shares,2026-06-30
2723,ac51b32b-efc7-4ae2-84e2-cabf87bcf9be,diluted_weighted_average_shares,2026-03-31
2723,ac51b32b-efc7-4ae2-84e2-cabf87bcf9be,diluted_weighted_average_shares,2025-12-31
2723,ac51b32b-efc7-4ae2-84e2-cabf87bcf9be,diluted_weighted_average_shares,2025-09-30
2723,ac51b32b-efc7-4ae2-84e2-cabf87bcf9be,diluted_weighted_average_shares,2025-06-30
2723,ac51b32b-efc7-4ae2-84e2-cabf87bcf9be,diluted_weighted_average_shares,2025-03-31
2723,ac51b32b-efc7-4ae2-84e2-cabf87bcf9be,diluted_weighted_average_shares,2024-12-31
2723,ac51b32b-efc7-4ae2-84e2-cabf87bcf9be,diluted_weighted_average_shares,2024-09-30
2881,ac7ed0e1-59fc-4fd8-911c-4e3def6abb7f,quarterly_revenue,2026-06-30
2881,ac7ed0e1-59fc-4fd8-911c-4e3def6abb7f,quarterly_revenue,2026-03-31
2881,ac7ed0e1-59fc-4fd8-911c-4e3def6abb7f,quarterly_revenue,2025-12-31
2881,ac7ed0e1-59fc-4fd8-911c-4e3def6abb7f,quarterly_revenue,2025-09-30
2881,ac7ed0e1-59fc-4fd8-911c-4e3def6abb7f,quarterly_revenue,2025-06-30
2881,ac7ed0e1-59fc-4fd8-911c-4e3def6abb7f,quarterly_revenue,2025-03-31
2881,ac7ed0e1-59fc-4fd8-911c-4e3def6abb7f,quarterly_revenue,2024-12-31
2881,ac7ed0e1-59fc-4fd8-911c-4e3def6abb7f,quarterly_revenue,2024-09-30
2881,ac7ed0e1-59fc-4fd8-911c-4e3def6abb7f,quarterly_gross_profit,2026-06-30
2881,ac7ed0e1-59fc-4fd8-911c-4e3def6abb7f,quarterly_gross_profit,2026-03-31
2881,ac7ed0e1-59fc-4fd8-911c-4e3def6abb7f,quarterly_gross_profit,2025-12-31
2881,ac7ed0e1-59fc-4fd8-911c-4e3def6abb7f,quarterly_gross_profit,2025-09-30
2881,ac7ed0e1-59fc-4fd8-911c-4e3def6abb7f,quarterly_gross_profit,2025-06-30
2881,ac7ed0e1-59fc-4fd8-911c-4e3def6abb7f,quarterly_gross_profit,2025-03-31
2881,ac7ed0e1-59fc-4fd8-911c-4e3def6abb7f,quarterly_gross_profit,2024-12-31
2881,ac7ed0e1-59fc-4fd8-911c-4e3def6abb7f,quarterly_gross_profit,2024-09-30
2881,ac7ed0e1-59fc-4fd8-911c-4e3def6abb7f,quarterly_operating_income,2026-06-30
2881,ac7ed0e1-59fc-4fd8-911c-4e3def6abb7f,quarterly_operating_income,2026-03-31
2881,ac7ed0e1-59fc-4fd8-911c-4e3def6abb7f,quarterly_operating_income,2025-12-31
2881,ac7ed0e1-59fc-4fd8-911c-4e3def6abb7f,quarterly_operating_income,2025-09-30
2881,ac7ed0e1-59fc-4fd8-911c-4e3def6abb7f,quarterly_operating_income,2025-06-30
2881,ac7ed0e1-59fc-4fd8-911c-4e3def6abb7f,quarterly_operating_income,2025-03-31
2881,ac7ed0e1-59fc-4fd8-911c-4e3def6abb7f,quarterly_operating_income,2024-12-31
2881,ac7ed0e1-59fc-4fd8-911c-4e3def6abb7f,quarterly_operating_income,2024-09-30
2881,ac7ed0e1-59fc-4fd8-911c-4e3def6abb7f,quarterly_net_income_attributable_to_common,2026-06-30
2881,ac7ed0e1-59fc-4fd8-911c-4e3def6abb7f,quarterly_net_income_attributable_to_common,2026-03-31
2881,ac7ed0e1-59fc-4fd8-911c-4e3def6abb7f,quarterly_net_income_attributable_to_common,2025-12-31
2881,ac7ed0e1-59fc-4fd8-911c-4e3def6abb7f,quarterly_net_income_attributable_to_common,2025-09-30
2881,ac7ed0e1-59fc-4fd8-911c-4e3def6abb7f,quarterly_net_income_attributable_to_common,2025-06-30
2881,ac7ed0e1-59fc-4fd8-911c-4e3def6abb7f,quarterly_net_income_attributable_to_common,2025-03-31
2881,ac7ed0e1-59fc-4fd8-911c-4e3def6abb7f,quarterly_net_income_attributable_to_common,2024-12-31
2881,ac7ed0e1-59fc-4fd8-911c-4e3def6abb7f,quarterly_net_income_attributable_to_common,2024-09-30
2881,ac7ed0e1-59fc-4fd8-911c-4e3def6abb7f,quarterly_diluted_eps,2026-06-30
2881,ac7ed0e1-59fc-4fd8-911c-4e3def6abb7f,quarterly_diluted_eps,2026-03-31
2881,ac7ed0e1-59fc-4fd8-911c-4e3def6abb7f,quarterly_diluted_eps,2025-12-31
2881,ac7ed0e1-59fc-4fd8-911c-4e3def6abb7f,quarterly_diluted_eps,2025-09-30
2881,ac7ed0e1-59fc-4fd8-911c-4e3def6abb7f,quarterly_diluted_eps,2025-06-30
2881,ac7ed0e1-59fc-4fd8-911c-4e3def6abb7f,quarterly_diluted_eps,2025-03-31
2881,ac7ed0e1-59fc-4fd8-911c-4e3def6abb7f,quarterly_diluted_eps,2024-12-31
2881,ac7ed0e1-59fc-4fd8-911c-4e3def6abb7f,quarterly_diluted_eps,2024-09-30
2881,ac7ed0e1-59fc-4fd8-911c-4e3def6abb7f,diluted_weighted_average_shares,2026-06-30
2881,ac7ed0e1-59fc-4fd8-911c-4e3def6abb7f,diluted_weighted_average_shares,2026-03-31
2881,ac7ed0e1-59fc-4fd8-911c-4e3def6abb7f,diluted_weighted_average_shares,2025-12-31
2881,ac7ed0e1-59fc-4fd8-911c-4e3def6abb7f,diluted_weighted_average_shares,2025-09-30
2881,ac7ed0e1-59fc-4fd8-911c-4e3def6abb7f,diluted_weighted_average_shares,2025-06-30
2881,ac7ed0e1-59fc-4fd8-911c-4e3def6abb7f,diluted_weighted_average_shares,2025-03-31
2881,ac7ed0e1-59fc-4fd8-911c-4e3def6abb7f,diluted_weighted_average_shares,2024-12-31
2881,ac7ed0e1-59fc-4fd8-911c-4e3def6abb7f,diluted_weighted_average_shares,2024-09-30
2884,f28b28b0-d278-46b7-99fc-ca5316203043,quarterly_revenue,2026-06-30
2884,f28b28b0-d278-46b7-99fc-ca5316203043,quarterly_revenue,2026-03-31
2884,f28b28b0-d278-46b7-99fc-ca5316203043,quarterly_revenue,2025-12-31
2884,f28b28b0-d278-46b7-99fc-ca5316203043,quarterly_revenue,2025-09-30
2884,f28b28b0-d278-46b7-99fc-ca5316203043,quarterly_revenue,2025-06-30
2884,f28b28b0-d278-46b7-99fc-ca5316203043,quarterly_revenue,2025-03-31
2884,f28b28b0-d278-46b7-99fc-ca5316203043,quarterly_revenue,2024-12-31
2884,f28b28b0-d278-46b7-99fc-ca5316203043,quarterly_revenue,2024-09-30
2884,f28b28b0-d278-46b7-99fc-ca5316203043,quarterly_gross_profit,2026-06-30
2884,f28b28b0-d278-46b7-99fc-ca5316203043,quarterly_gross_profit,2026-03-31
2884,f28b28b0-d278-46b7-99fc-ca5316203043,quarterly_gross_profit,2025-12-31
2884,f28b28b0-d278-46b7-99fc-ca5316203043,quarterly_gross_profit,2025-09-30
2884,f28b28b0-d278-46b7-99fc-ca5316203043,quarterly_gross_profit,2025-06-30
2884,f28b28b0-d278-46b7-99fc-ca5316203043,quarterly_gross_profit,2025-03-31
2884,f28b28b0-d278-46b7-99fc-ca5316203043,quarterly_gross_profit,2024-12-31
2884,f28b28b0-d278-46b7-99fc-ca5316203043,quarterly_gross_profit,2024-09-30
2884,f28b28b0-d278-46b7-99fc-ca5316203043,quarterly_operating_income,2026-06-30
2884,f28b28b0-d278-46b7-99fc-ca5316203043,quarterly_operating_income,2026-03-31
2884,f28b28b0-d278-46b7-99fc-ca5316203043,quarterly_operating_income,2025-12-31
2884,f28b28b0-d278-46b7-99fc-ca5316203043,quarterly_operating_income,2025-09-30
2884,f28b28b0-d278-46b7-99fc-ca5316203043,quarterly_operating_income,2025-06-30
2884,f28b28b0-d278-46b7-99fc-ca5316203043,quarterly_operating_income,2025-03-31
2884,f28b28b0-d278-46b7-99fc-ca5316203043,quarterly_operating_income,2024-12-31
2884,f28b28b0-d278-46b7-99fc-ca5316203043,quarterly_operating_income,2024-09-30
2884,f28b28b0-d278-46b7-99fc-ca5316203043,quarterly_net_income_attributable_to_common,2026-06-30
2884,f28b28b0-d278-46b7-99fc-ca5316203043,quarterly_net_income_attributable_to_common,2026-03-31
2884,f28b28b0-d278-46b7-99fc-ca5316203043,quarterly_net_income_attributable_to_common,2025-12-31
2884,f28b28b0-d278-46b7-99fc-ca5316203043,quarterly_net_income_attributable_to_common,2025-09-30
2884,f28b28b0-d278-46b7-99fc-ca5316203043,quarterly_net_income_attributable_to_common,2025-06-30
2884,f28b28b0-d278-46b7-99fc-ca5316203043,quarterly_net_income_attributable_to_common,2025-03-31
2884,f28b28b0-d278-46b7-99fc-ca5316203043,quarterly_net_income_attributable_to_common,2024-12-31
2884,f28b28b0-d278-46b7-99fc-ca5316203043,quarterly_net_income_attributable_to_common,2024-09-30
2884,f28b28b0-d278-46b7-99fc-ca5316203043,quarterly_diluted_eps,2026-06-30
2884,f28b28b0-d278-46b7-99fc-ca5316203043,quarterly_diluted_eps,2026-03-31
2884,f28b28b0-d278-46b7-99fc-ca5316203043,quarterly_diluted_eps,2025-12-31
2884,f28b28b0-d278-46b7-99fc-ca5316203043,quarterly_diluted_eps,2025-09-30
2884,f28b28b0-d278-46b7-99fc-ca5316203043,quarterly_diluted_eps,2025-06-30
2884,f28b28b0-d278-46b7-99fc-ca5316203043,quarterly_diluted_eps,2025-03-31
2884,f28b28b0-d278-46b7-99fc-ca5316203043,quarterly_diluted_eps,2024-12-31
2884,f28b28b0-d278-46b7-99fc-ca5316203043,quarterly_diluted_eps,2024-09-30
2884,f28b28b0-d278-46b7-99fc-ca5316203043,diluted_weighted_average_shares,2026-06-30
2884,f28b28b0-d278-46b7-99fc-ca5316203043,diluted_weighted_average_shares,2026-03-31
2884,f28b28b0-d278-46b7-99fc-ca5316203043,diluted_weighted_average_shares,2025-12-31
2884,f28b28b0-d278-46b7-99fc-ca5316203043,diluted_weighted_average_shares,2025-09-30
2884,f28b28b0-d278-46b7-99fc-ca5316203043,diluted_weighted_average_shares,2025-06-30
2884,f28b28b0-d278-46b7-99fc-ca5316203043,diluted_weighted_average_shares,2025-03-31
2884,f28b28b0-d278-46b7-99fc-ca5316203043,diluted_weighted_average_shares,2024-12-31
2884,f28b28b0-d278-46b7-99fc-ca5316203043,diluted_weighted_average_shares,2024-09-30
2887,344a9cde-71f9-4db6-9ad8-3e90754b4553,quarterly_revenue,2026-06-30
2887,344a9cde-71f9-4db6-9ad8-3e90754b4553,quarterly_revenue,2026-03-31
2887,344a9cde-71f9-4db6-9ad8-3e90754b4553,quarterly_revenue,2025-12-31
2887,344a9cde-71f9-4db6-9ad8-3e90754b4553,quarterly_revenue,2025-09-30
2887,344a9cde-71f9-4db6-9ad8-3e90754b4553,quarterly_revenue,2025-06-30
2887,344a9cde-71f9-4db6-9ad8-3e90754b4553,quarterly_revenue,2025-03-31
2887,344a9cde-71f9-4db6-9ad8-3e90754b4553,quarterly_revenue,2024-12-31
2887,344a9cde-71f9-4db6-9ad8-3e90754b4553,quarterly_revenue,2024-09-30
2887,344a9cde-71f9-4db6-9ad8-3e90754b4553,quarterly_gross_profit,2026-06-30
2887,344a9cde-71f9-4db6-9ad8-3e90754b4553,quarterly_gross_profit,2026-03-31
2887,344a9cde-71f9-4db6-9ad8-3e90754b4553,quarterly_gross_profit,2025-12-31
2887,344a9cde-71f9-4db6-9ad8-3e90754b4553,quarterly_gross_profit,2025-09-30
2887,344a9cde-71f9-4db6-9ad8-3e90754b4553,quarterly_gross_profit,2025-06-30
2887,344a9cde-71f9-4db6-9ad8-3e90754b4553,quarterly_gross_profit,2025-03-31
2887,344a9cde-71f9-4db6-9ad8-3e90754b4553,quarterly_gross_profit,2024-12-31
2887,344a9cde-71f9-4db6-9ad8-3e90754b4553,quarterly_gross_profit,2024-09-30
2887,344a9cde-71f9-4db6-9ad8-3e90754b4553,quarterly_operating_income,2026-06-30
2887,344a9cde-71f9-4db6-9ad8-3e90754b4553,quarterly_operating_income,2026-03-31
2887,344a9cde-71f9-4db6-9ad8-3e90754b4553,quarterly_operating_income,2025-12-31
2887,344a9cde-71f9-4db6-9ad8-3e90754b4553,quarterly_operating_income,2025-09-30
2887,344a9cde-71f9-4db6-9ad8-3e90754b4553,quarterly_operating_income,2025-06-30
2887,344a9cde-71f9-4db6-9ad8-3e90754b4553,quarterly_operating_income,2025-03-31
2887,344a9cde-71f9-4db6-9ad8-3e90754b4553,quarterly_operating_income,2024-12-31
2887,344a9cde-71f9-4db6-9ad8-3e90754b4553,quarterly_operating_income,2024-09-30
2887,344a9cde-71f9-4db6-9ad8-3e90754b4553,quarterly_net_income_attributable_to_common,2026-06-30
2887,344a9cde-71f9-4db6-9ad8-3e90754b4553,quarterly_net_income_attributable_to_common,2026-03-31
2887,344a9cde-71f9-4db6-9ad8-3e90754b4553,quarterly_net_income_attributable_to_common,2025-12-31
2887,344a9cde-71f9-4db6-9ad8-3e90754b4553,quarterly_net_income_attributable_to_common,2025-09-30
2887,344a9cde-71f9-4db6-9ad8-3e90754b4553,quarterly_net_income_attributable_to_common,2025-06-30
2887,344a9cde-71f9-4db6-9ad8-3e90754b4553,quarterly_net_income_attributable_to_common,2025-03-31
2887,344a9cde-71f9-4db6-9ad8-3e90754b4553,quarterly_net_income_attributable_to_common,2024-12-31
2887,344a9cde-71f9-4db6-9ad8-3e90754b4553,quarterly_net_income_attributable_to_common,2024-09-30
2887,344a9cde-71f9-4db6-9ad8-3e90754b4553,quarterly_diluted_eps,2026-06-30
2887,344a9cde-71f9-4db6-9ad8-3e90754b4553,quarterly_diluted_eps,2026-03-31
2887,344a9cde-71f9-4db6-9ad8-3e90754b4553,quarterly_diluted_eps,2025-12-31
2887,344a9cde-71f9-4db6-9ad8-3e90754b4553,quarterly_diluted_eps,2025-09-30
2887,344a9cde-71f9-4db6-9ad8-3e90754b4553,quarterly_diluted_eps,2025-06-30
2887,344a9cde-71f9-4db6-9ad8-3e90754b4553,quarterly_diluted_eps,2025-03-31
2887,344a9cde-71f9-4db6-9ad8-3e90754b4553,quarterly_diluted_eps,2024-12-31
2887,344a9cde-71f9-4db6-9ad8-3e90754b4553,quarterly_diluted_eps,2024-09-30
2887,344a9cde-71f9-4db6-9ad8-3e90754b4553,diluted_weighted_average_shares,2026-06-30
2887,344a9cde-71f9-4db6-9ad8-3e90754b4553,diluted_weighted_average_shares,2026-03-31
2887,344a9cde-71f9-4db6-9ad8-3e90754b4553,diluted_weighted_average_shares,2025-12-31
2887,344a9cde-71f9-4db6-9ad8-3e90754b4553,diluted_weighted_average_shares,2025-09-30
2887,344a9cde-71f9-4db6-9ad8-3e90754b4553,diluted_weighted_average_shares,2025-06-30
2887,344a9cde-71f9-4db6-9ad8-3e90754b4553,diluted_weighted_average_shares,2025-03-31
2887,344a9cde-71f9-4db6-9ad8-3e90754b4553,diluted_weighted_average_shares,2024-12-31
2887,344a9cde-71f9-4db6-9ad8-3e90754b4553,diluted_weighted_average_shares,2024-09-30
2891,44c86178-6fdf-46e3-b112-938805d8295e,quarterly_revenue,2026-06-30
2891,44c86178-6fdf-46e3-b112-938805d8295e,quarterly_revenue,2026-03-31
2891,44c86178-6fdf-46e3-b112-938805d8295e,quarterly_revenue,2025-12-31
2891,44c86178-6fdf-46e3-b112-938805d8295e,quarterly_revenue,2025-09-30
2891,44c86178-6fdf-46e3-b112-938805d8295e,quarterly_revenue,2025-06-30
2891,44c86178-6fdf-46e3-b112-938805d8295e,quarterly_revenue,2025-03-31
2891,44c86178-6fdf-46e3-b112-938805d8295e,quarterly_revenue,2024-12-31
2891,44c86178-6fdf-46e3-b112-938805d8295e,quarterly_revenue,2024-09-30
2891,44c86178-6fdf-46e3-b112-938805d8295e,quarterly_gross_profit,2026-06-30
2891,44c86178-6fdf-46e3-b112-938805d8295e,quarterly_gross_profit,2026-03-31
2891,44c86178-6fdf-46e3-b112-938805d8295e,quarterly_gross_profit,2025-12-31
2891,44c86178-6fdf-46e3-b112-938805d8295e,quarterly_gross_profit,2025-09-30
2891,44c86178-6fdf-46e3-b112-938805d8295e,quarterly_gross_profit,2025-06-30
2891,44c86178-6fdf-46e3-b112-938805d8295e,quarterly_gross_profit,2025-03-31
2891,44c86178-6fdf-46e3-b112-938805d8295e,quarterly_gross_profit,2024-12-31
2891,44c86178-6fdf-46e3-b112-938805d8295e,quarterly_gross_profit,2024-09-30
2891,44c86178-6fdf-46e3-b112-938805d8295e,quarterly_operating_income,2026-06-30
2891,44c86178-6fdf-46e3-b112-938805d8295e,quarterly_operating_income,2026-03-31
2891,44c86178-6fdf-46e3-b112-938805d8295e,quarterly_operating_income,2025-12-31
2891,44c86178-6fdf-46e3-b112-938805d8295e,quarterly_operating_income,2025-09-30
2891,44c86178-6fdf-46e3-b112-938805d8295e,quarterly_operating_income,2025-06-30
2891,44c86178-6fdf-46e3-b112-938805d8295e,quarterly_operating_income,2025-03-31
2891,44c86178-6fdf-46e3-b112-938805d8295e,quarterly_operating_income,2024-12-31
2891,44c86178-6fdf-46e3-b112-938805d8295e,quarterly_operating_income,2024-09-30
2891,44c86178-6fdf-46e3-b112-938805d8295e,quarterly_net_income_attributable_to_common,2026-06-30
2891,44c86178-6fdf-46e3-b112-938805d8295e,quarterly_net_income_attributable_to_common,2026-03-31
2891,44c86178-6fdf-46e3-b112-938805d8295e,quarterly_net_income_attributable_to_common,2025-12-31
2891,44c86178-6fdf-46e3-b112-938805d8295e,quarterly_net_income_attributable_to_common,2025-09-30
2891,44c86178-6fdf-46e3-b112-938805d8295e,quarterly_net_income_attributable_to_common,2025-06-30
2891,44c86178-6fdf-46e3-b112-938805d8295e,quarterly_net_income_attributable_to_common,2025-03-31
2891,44c86178-6fdf-46e3-b112-938805d8295e,quarterly_net_income_attributable_to_common,2024-12-31
2891,44c86178-6fdf-46e3-b112-938805d8295e,quarterly_net_income_attributable_to_common,2024-09-30
2891,44c86178-6fdf-46e3-b112-938805d8295e,quarterly_diluted_eps,2026-06-30
2891,44c86178-6fdf-46e3-b112-938805d8295e,quarterly_diluted_eps,2026-03-31
2891,44c86178-6fdf-46e3-b112-938805d8295e,quarterly_diluted_eps,2025-12-31
2891,44c86178-6fdf-46e3-b112-938805d8295e,quarterly_diluted_eps,2025-09-30
2891,44c86178-6fdf-46e3-b112-938805d8295e,quarterly_diluted_eps,2025-06-30
2891,44c86178-6fdf-46e3-b112-938805d8295e,quarterly_diluted_eps,2025-03-31
2891,44c86178-6fdf-46e3-b112-938805d8295e,quarterly_diluted_eps,2024-12-31
2891,44c86178-6fdf-46e3-b112-938805d8295e,quarterly_diluted_eps,2024-09-30
2891,44c86178-6fdf-46e3-b112-938805d8295e,diluted_weighted_average_shares,2026-06-30
2891,44c86178-6fdf-46e3-b112-938805d8295e,diluted_weighted_average_shares,2026-03-31
2891,44c86178-6fdf-46e3-b112-938805d8295e,diluted_weighted_average_shares,2025-12-31
2891,44c86178-6fdf-46e3-b112-938805d8295e,diluted_weighted_average_shares,2025-09-30
2891,44c86178-6fdf-46e3-b112-938805d8295e,diluted_weighted_average_shares,2025-06-30
2891,44c86178-6fdf-46e3-b112-938805d8295e,diluted_weighted_average_shares,2025-03-31
2891,44c86178-6fdf-46e3-b112-938805d8295e,diluted_weighted_average_shares,2024-12-31
2891,44c86178-6fdf-46e3-b112-938805d8295e,diluted_weighted_average_shares,2024-09-30
3006,d9819f2b-b4ca-4949-bf1a-bf45f4629343,quarterly_revenue,2026-06-30
3006,d9819f2b-b4ca-4949-bf1a-bf45f4629343,quarterly_revenue,2026-03-31
3006,d9819f2b-b4ca-4949-bf1a-bf45f4629343,quarterly_revenue,2025-12-31
3006,d9819f2b-b4ca-4949-bf1a-bf45f4629343,quarterly_revenue,2025-09-30
3006,d9819f2b-b4ca-4949-bf1a-bf45f4629343,quarterly_revenue,2025-06-30
3006,d9819f2b-b4ca-4949-bf1a-bf45f4629343,quarterly_revenue,2025-03-31
3006,d9819f2b-b4ca-4949-bf1a-bf45f4629343,quarterly_revenue,2024-12-31
3006,d9819f2b-b4ca-4949-bf1a-bf45f4629343,quarterly_revenue,2024-09-30
3006,d9819f2b-b4ca-4949-bf1a-bf45f4629343,quarterly_gross_profit,2026-06-30
3006,d9819f2b-b4ca-4949-bf1a-bf45f4629343,quarterly_gross_profit,2026-03-31
3006,d9819f2b-b4ca-4949-bf1a-bf45f4629343,quarterly_gross_profit,2025-12-31
3006,d9819f2b-b4ca-4949-bf1a-bf45f4629343,quarterly_gross_profit,2025-09-30
3006,d9819f2b-b4ca-4949-bf1a-bf45f4629343,quarterly_gross_profit,2025-06-30
3006,d9819f2b-b4ca-4949-bf1a-bf45f4629343,quarterly_gross_profit,2025-03-31
3006,d9819f2b-b4ca-4949-bf1a-bf45f4629343,quarterly_gross_profit,2024-12-31
3006,d9819f2b-b4ca-4949-bf1a-bf45f4629343,quarterly_gross_profit,2024-09-30
3006,d9819f2b-b4ca-4949-bf1a-bf45f4629343,quarterly_operating_income,2026-06-30
3006,d9819f2b-b4ca-4949-bf1a-bf45f4629343,quarterly_operating_income,2026-03-31
3006,d9819f2b-b4ca-4949-bf1a-bf45f4629343,quarterly_operating_income,2025-12-31
3006,d9819f2b-b4ca-4949-bf1a-bf45f4629343,quarterly_operating_income,2025-09-30
3006,d9819f2b-b4ca-4949-bf1a-bf45f4629343,quarterly_operating_income,2025-06-30
3006,d9819f2b-b4ca-4949-bf1a-bf45f4629343,quarterly_operating_income,2025-03-31
3006,d9819f2b-b4ca-4949-bf1a-bf45f4629343,quarterly_operating_income,2024-12-31
3006,d9819f2b-b4ca-4949-bf1a-bf45f4629343,quarterly_operating_income,2024-09-30
3006,d9819f2b-b4ca-4949-bf1a-bf45f4629343,quarterly_net_income_attributable_to_common,2026-06-30
3006,d9819f2b-b4ca-4949-bf1a-bf45f4629343,quarterly_net_income_attributable_to_common,2026-03-31
3006,d9819f2b-b4ca-4949-bf1a-bf45f4629343,quarterly_net_income_attributable_to_common,2025-12-31
3006,d9819f2b-b4ca-4949-bf1a-bf45f4629343,quarterly_net_income_attributable_to_common,2025-09-30
3006,d9819f2b-b4ca-4949-bf1a-bf45f4629343,quarterly_net_income_attributable_to_common,2025-06-30
3006,d9819f2b-b4ca-4949-bf1a-bf45f4629343,quarterly_net_income_attributable_to_common,2025-03-31
3006,d9819f2b-b4ca-4949-bf1a-bf45f4629343,quarterly_net_income_attributable_to_common,2024-12-31
3006,d9819f2b-b4ca-4949-bf1a-bf45f4629343,quarterly_net_income_attributable_to_common,2024-09-30
3006,d9819f2b-b4ca-4949-bf1a-bf45f4629343,quarterly_diluted_eps,2026-06-30
3006,d9819f2b-b4ca-4949-bf1a-bf45f4629343,quarterly_diluted_eps,2026-03-31
3006,d9819f2b-b4ca-4949-bf1a-bf45f4629343,quarterly_diluted_eps,2025-12-31
3006,d9819f2b-b4ca-4949-bf1a-bf45f4629343,quarterly_diluted_eps,2025-09-30
3006,d9819f2b-b4ca-4949-bf1a-bf45f4629343,quarterly_diluted_eps,2025-06-30
3006,d9819f2b-b4ca-4949-bf1a-bf45f4629343,quarterly_diluted_eps,2025-03-31
3006,d9819f2b-b4ca-4949-bf1a-bf45f4629343,quarterly_diluted_eps,2024-12-31
3006,d9819f2b-b4ca-4949-bf1a-bf45f4629343,quarterly_diluted_eps,2024-09-30
3006,d9819f2b-b4ca-4949-bf1a-bf45f4629343,diluted_weighted_average_shares,2026-06-30
3006,d9819f2b-b4ca-4949-bf1a-bf45f4629343,diluted_weighted_average_shares,2026-03-31
3006,d9819f2b-b4ca-4949-bf1a-bf45f4629343,diluted_weighted_average_shares,2025-12-31
3006,d9819f2b-b4ca-4949-bf1a-bf45f4629343,diluted_weighted_average_shares,2025-09-30
3006,d9819f2b-b4ca-4949-bf1a-bf45f4629343,diluted_weighted_average_shares,2025-06-30
3006,d9819f2b-b4ca-4949-bf1a-bf45f4629343,diluted_weighted_average_shares,2025-03-31
3006,d9819f2b-b4ca-4949-bf1a-bf45f4629343,diluted_weighted_average_shares,2024-12-31
3006,d9819f2b-b4ca-4949-bf1a-bf45f4629343,diluted_weighted_average_shares,2024-09-30
3008,74dee0ea-6806-468f-9c69-5f14d7e94c27,quarterly_revenue,2026-06-30
3008,74dee0ea-6806-468f-9c69-5f14d7e94c27,quarterly_revenue,2026-03-31
3008,74dee0ea-6806-468f-9c69-5f14d7e94c27,quarterly_revenue,2025-12-31
3008,74dee0ea-6806-468f-9c69-5f14d7e94c27,quarterly_revenue,2025-09-30
3008,74dee0ea-6806-468f-9c69-5f14d7e94c27,quarterly_revenue,2025-06-30
3008,74dee0ea-6806-468f-9c69-5f14d7e94c27,quarterly_revenue,2025-03-31
3008,74dee0ea-6806-468f-9c69-5f14d7e94c27,quarterly_revenue,2024-12-31
3008,74dee0ea-6806-468f-9c69-5f14d7e94c27,quarterly_revenue,2024-09-30
3008,74dee0ea-6806-468f-9c69-5f14d7e94c27,quarterly_gross_profit,2026-06-30
3008,74dee0ea-6806-468f-9c69-5f14d7e94c27,quarterly_gross_profit,2026-03-31
3008,74dee0ea-6806-468f-9c69-5f14d7e94c27,quarterly_gross_profit,2025-12-31
3008,74dee0ea-6806-468f-9c69-5f14d7e94c27,quarterly_gross_profit,2025-09-30
3008,74dee0ea-6806-468f-9c69-5f14d7e94c27,quarterly_gross_profit,2025-06-30
3008,74dee0ea-6806-468f-9c69-5f14d7e94c27,quarterly_gross_profit,2025-03-31
3008,74dee0ea-6806-468f-9c69-5f14d7e94c27,quarterly_gross_profit,2024-12-31
3008,74dee0ea-6806-468f-9c69-5f14d7e94c27,quarterly_gross_profit,2024-09-30
3008,74dee0ea-6806-468f-9c69-5f14d7e94c27,quarterly_operating_income,2026-06-30
3008,74dee0ea-6806-468f-9c69-5f14d7e94c27,quarterly_operating_income,2026-03-31
3008,74dee0ea-6806-468f-9c69-5f14d7e94c27,quarterly_operating_income,2025-12-31
3008,74dee0ea-6806-468f-9c69-5f14d7e94c27,quarterly_operating_income,2025-09-30
3008,74dee0ea-6806-468f-9c69-5f14d7e94c27,quarterly_operating_income,2025-06-30
3008,74dee0ea-6806-468f-9c69-5f14d7e94c27,quarterly_operating_income,2025-03-31
3008,74dee0ea-6806-468f-9c69-5f14d7e94c27,quarterly_operating_income,2024-12-31
3008,74dee0ea-6806-468f-9c69-5f14d7e94c27,quarterly_operating_income,2024-09-30
3008,74dee0ea-6806-468f-9c69-5f14d7e94c27,quarterly_net_income_attributable_to_common,2026-06-30
3008,74dee0ea-6806-468f-9c69-5f14d7e94c27,quarterly_net_income_attributable_to_common,2026-03-31
3008,74dee0ea-6806-468f-9c69-5f14d7e94c27,quarterly_net_income_attributable_to_common,2025-12-31
3008,74dee0ea-6806-468f-9c69-5f14d7e94c27,quarterly_net_income_attributable_to_common,2025-09-30
3008,74dee0ea-6806-468f-9c69-5f14d7e94c27,quarterly_net_income_attributable_to_common,2025-06-30
3008,74dee0ea-6806-468f-9c69-5f14d7e94c27,quarterly_net_income_attributable_to_common,2025-03-31
3008,74dee0ea-6806-468f-9c69-5f14d7e94c27,quarterly_net_income_attributable_to_common,2024-12-31
3008,74dee0ea-6806-468f-9c69-5f14d7e94c27,quarterly_net_income_attributable_to_common,2024-09-30
3008,74dee0ea-6806-468f-9c69-5f14d7e94c27,quarterly_diluted_eps,2026-06-30
3008,74dee0ea-6806-468f-9c69-5f14d7e94c27,quarterly_diluted_eps,2026-03-31
3008,74dee0ea-6806-468f-9c69-5f14d7e94c27,quarterly_diluted_eps,2025-12-31
3008,74dee0ea-6806-468f-9c69-5f14d7e94c27,quarterly_diluted_eps,2025-09-30
3008,74dee0ea-6806-468f-9c69-5f14d7e94c27,quarterly_diluted_eps,2025-06-30
3008,74dee0ea-6806-468f-9c69-5f14d7e94c27,quarterly_diluted_eps,2025-03-31
3008,74dee0ea-6806-468f-9c69-5f14d7e94c27,quarterly_diluted_eps,2024-12-31
3008,74dee0ea-6806-468f-9c69-5f14d7e94c27,quarterly_diluted_eps,2024-09-30
3008,74dee0ea-6806-468f-9c69-5f14d7e94c27,diluted_weighted_average_shares,2026-06-30
3008,74dee0ea-6806-468f-9c69-5f14d7e94c27,diluted_weighted_average_shares,2026-03-31
3008,74dee0ea-6806-468f-9c69-5f14d7e94c27,diluted_weighted_average_shares,2025-12-31
3008,74dee0ea-6806-468f-9c69-5f14d7e94c27,diluted_weighted_average_shares,2025-09-30
3008,74dee0ea-6806-468f-9c69-5f14d7e94c27,diluted_weighted_average_shares,2025-06-30
3008,74dee0ea-6806-468f-9c69-5f14d7e94c27,diluted_weighted_average_shares,2025-03-31
3008,74dee0ea-6806-468f-9c69-5f14d7e94c27,diluted_weighted_average_shares,2024-12-31
3008,74dee0ea-6806-468f-9c69-5f14d7e94c27,diluted_weighted_average_shares,2024-09-30
3016,9815e97a-a184-42e3-8483-ee98f0c8a656,quarterly_revenue,2026-06-30
3016,9815e97a-a184-42e3-8483-ee98f0c8a656,quarterly_revenue,2026-03-31
3016,9815e97a-a184-42e3-8483-ee98f0c8a656,quarterly_revenue,2025-12-31
3016,9815e97a-a184-42e3-8483-ee98f0c8a656,quarterly_revenue,2025-09-30
3016,9815e97a-a184-42e3-8483-ee98f0c8a656,quarterly_revenue,2025-06-30
3016,9815e97a-a184-42e3-8483-ee98f0c8a656,quarterly_revenue,2025-03-31
3016,9815e97a-a184-42e3-8483-ee98f0c8a656,quarterly_revenue,2024-12-31
3016,9815e97a-a184-42e3-8483-ee98f0c8a656,quarterly_revenue,2024-09-30
3016,9815e97a-a184-42e3-8483-ee98f0c8a656,quarterly_gross_profit,2026-06-30
3016,9815e97a-a184-42e3-8483-ee98f0c8a656,quarterly_gross_profit,2026-03-31
3016,9815e97a-a184-42e3-8483-ee98f0c8a656,quarterly_gross_profit,2025-12-31
3016,9815e97a-a184-42e3-8483-ee98f0c8a656,quarterly_gross_profit,2025-09-30
3016,9815e97a-a184-42e3-8483-ee98f0c8a656,quarterly_gross_profit,2025-06-30
3016,9815e97a-a184-42e3-8483-ee98f0c8a656,quarterly_gross_profit,2025-03-31
3016,9815e97a-a184-42e3-8483-ee98f0c8a656,quarterly_gross_profit,2024-12-31
3016,9815e97a-a184-42e3-8483-ee98f0c8a656,quarterly_gross_profit,2024-09-30
3016,9815e97a-a184-42e3-8483-ee98f0c8a656,quarterly_operating_income,2026-06-30
3016,9815e97a-a184-42e3-8483-ee98f0c8a656,quarterly_operating_income,2026-03-31
3016,9815e97a-a184-42e3-8483-ee98f0c8a656,quarterly_operating_income,2025-12-31
3016,9815e97a-a184-42e3-8483-ee98f0c8a656,quarterly_operating_income,2025-09-30
3016,9815e97a-a184-42e3-8483-ee98f0c8a656,quarterly_operating_income,2025-06-30
3016,9815e97a-a184-42e3-8483-ee98f0c8a656,quarterly_operating_income,2025-03-31
3016,9815e97a-a184-42e3-8483-ee98f0c8a656,quarterly_operating_income,2024-12-31
3016,9815e97a-a184-42e3-8483-ee98f0c8a656,quarterly_operating_income,2024-09-30
3016,9815e97a-a184-42e3-8483-ee98f0c8a656,quarterly_net_income_attributable_to_common,2026-06-30
3016,9815e97a-a184-42e3-8483-ee98f0c8a656,quarterly_net_income_attributable_to_common,2026-03-31
3016,9815e97a-a184-42e3-8483-ee98f0c8a656,quarterly_net_income_attributable_to_common,2025-12-31
3016,9815e97a-a184-42e3-8483-ee98f0c8a656,quarterly_net_income_attributable_to_common,2025-09-30
3016,9815e97a-a184-42e3-8483-ee98f0c8a656,quarterly_net_income_attributable_to_common,2025-06-30
3016,9815e97a-a184-42e3-8483-ee98f0c8a656,quarterly_net_income_attributable_to_common,2025-03-31
3016,9815e97a-a184-42e3-8483-ee98f0c8a656,quarterly_net_income_attributable_to_common,2024-12-31
3016,9815e97a-a184-42e3-8483-ee98f0c8a656,quarterly_net_income_attributable_to_common,2024-09-30
3016,9815e97a-a184-42e3-8483-ee98f0c8a656,quarterly_diluted_eps,2026-06-30
3016,9815e97a-a184-42e3-8483-ee98f0c8a656,quarterly_diluted_eps,2026-03-31
3016,9815e97a-a184-42e3-8483-ee98f0c8a656,quarterly_diluted_eps,2025-12-31
3016,9815e97a-a184-42e3-8483-ee98f0c8a656,quarterly_diluted_eps,2025-09-30
3016,9815e97a-a184-42e3-8483-ee98f0c8a656,quarterly_diluted_eps,2025-06-30
3016,9815e97a-a184-42e3-8483-ee98f0c8a656,quarterly_diluted_eps,2025-03-31
3016,9815e97a-a184-42e3-8483-ee98f0c8a656,quarterly_diluted_eps,2024-12-31
3016,9815e97a-a184-42e3-8483-ee98f0c8a656,quarterly_diluted_eps,2024-09-30
3016,9815e97a-a184-42e3-8483-ee98f0c8a656,diluted_weighted_average_shares,2026-06-30
3016,9815e97a-a184-42e3-8483-ee98f0c8a656,diluted_weighted_average_shares,2026-03-31
3016,9815e97a-a184-42e3-8483-ee98f0c8a656,diluted_weighted_average_shares,2025-12-31
3016,9815e97a-a184-42e3-8483-ee98f0c8a656,diluted_weighted_average_shares,2025-09-30
3016,9815e97a-a184-42e3-8483-ee98f0c8a656,diluted_weighted_average_shares,2025-06-30
3016,9815e97a-a184-42e3-8483-ee98f0c8a656,diluted_weighted_average_shares,2025-03-31
3016,9815e97a-a184-42e3-8483-ee98f0c8a656,diluted_weighted_average_shares,2024-12-31
3016,9815e97a-a184-42e3-8483-ee98f0c8a656,diluted_weighted_average_shares,2024-09-30
3017,a223ecfa-e01c-4b67-aef7-0217cbd2260b,quarterly_revenue,2026-06-30
3017,a223ecfa-e01c-4b67-aef7-0217cbd2260b,quarterly_revenue,2026-03-31
3017,a223ecfa-e01c-4b67-aef7-0217cbd2260b,quarterly_revenue,2025-12-31
3017,a223ecfa-e01c-4b67-aef7-0217cbd2260b,quarterly_revenue,2025-09-30
3017,a223ecfa-e01c-4b67-aef7-0217cbd2260b,quarterly_revenue,2025-06-30
3017,a223ecfa-e01c-4b67-aef7-0217cbd2260b,quarterly_revenue,2025-03-31
3017,a223ecfa-e01c-4b67-aef7-0217cbd2260b,quarterly_revenue,2024-12-31
3017,a223ecfa-e01c-4b67-aef7-0217cbd2260b,quarterly_revenue,2024-09-30
3017,a223ecfa-e01c-4b67-aef7-0217cbd2260b,quarterly_gross_profit,2026-06-30
3017,a223ecfa-e01c-4b67-aef7-0217cbd2260b,quarterly_gross_profit,2026-03-31
3017,a223ecfa-e01c-4b67-aef7-0217cbd2260b,quarterly_gross_profit,2025-12-31
3017,a223ecfa-e01c-4b67-aef7-0217cbd2260b,quarterly_gross_profit,2025-09-30
3017,a223ecfa-e01c-4b67-aef7-0217cbd2260b,quarterly_gross_profit,2025-06-30
3017,a223ecfa-e01c-4b67-aef7-0217cbd2260b,quarterly_gross_profit,2025-03-31
3017,a223ecfa-e01c-4b67-aef7-0217cbd2260b,quarterly_gross_profit,2024-12-31
3017,a223ecfa-e01c-4b67-aef7-0217cbd2260b,quarterly_gross_profit,2024-09-30
3017,a223ecfa-e01c-4b67-aef7-0217cbd2260b,quarterly_operating_income,2026-06-30
3017,a223ecfa-e01c-4b67-aef7-0217cbd2260b,quarterly_operating_income,2026-03-31
3017,a223ecfa-e01c-4b67-aef7-0217cbd2260b,quarterly_operating_income,2025-12-31
3017,a223ecfa-e01c-4b67-aef7-0217cbd2260b,quarterly_operating_income,2025-09-30
3017,a223ecfa-e01c-4b67-aef7-0217cbd2260b,quarterly_operating_income,2025-06-30
3017,a223ecfa-e01c-4b67-aef7-0217cbd2260b,quarterly_operating_income,2025-03-31
3017,a223ecfa-e01c-4b67-aef7-0217cbd2260b,quarterly_operating_income,2024-12-31
3017,a223ecfa-e01c-4b67-aef7-0217cbd2260b,quarterly_operating_income,2024-09-30
3017,a223ecfa-e01c-4b67-aef7-0217cbd2260b,quarterly_net_income_attributable_to_common,2026-06-30
3017,a223ecfa-e01c-4b67-aef7-0217cbd2260b,quarterly_net_income_attributable_to_common,2026-03-31
3017,a223ecfa-e01c-4b67-aef7-0217cbd2260b,quarterly_net_income_attributable_to_common,2025-12-31
3017,a223ecfa-e01c-4b67-aef7-0217cbd2260b,quarterly_net_income_attributable_to_common,2025-09-30
3017,a223ecfa-e01c-4b67-aef7-0217cbd2260b,quarterly_net_income_attributable_to_common,2025-06-30
3017,a223ecfa-e01c-4b67-aef7-0217cbd2260b,quarterly_net_income_attributable_to_common,2025-03-31
3017,a223ecfa-e01c-4b67-aef7-0217cbd2260b,quarterly_net_income_attributable_to_common,2024-12-31
3017,a223ecfa-e01c-4b67-aef7-0217cbd2260b,quarterly_net_income_attributable_to_common,2024-09-30
3017,a223ecfa-e01c-4b67-aef7-0217cbd2260b,quarterly_diluted_eps,2026-06-30
3017,a223ecfa-e01c-4b67-aef7-0217cbd2260b,quarterly_diluted_eps,2026-03-31
3017,a223ecfa-e01c-4b67-aef7-0217cbd2260b,quarterly_diluted_eps,2025-12-31
3017,a223ecfa-e01c-4b67-aef7-0217cbd2260b,quarterly_diluted_eps,2025-09-30
3017,a223ecfa-e01c-4b67-aef7-0217cbd2260b,quarterly_diluted_eps,2025-06-30
3017,a223ecfa-e01c-4b67-aef7-0217cbd2260b,quarterly_diluted_eps,2025-03-31
3017,a223ecfa-e01c-4b67-aef7-0217cbd2260b,quarterly_diluted_eps,2024-12-31
3017,a223ecfa-e01c-4b67-aef7-0217cbd2260b,quarterly_diluted_eps,2024-09-30
3017,a223ecfa-e01c-4b67-aef7-0217cbd2260b,diluted_weighted_average_shares,2026-06-30
3017,a223ecfa-e01c-4b67-aef7-0217cbd2260b,diluted_weighted_average_shares,2026-03-31
3017,a223ecfa-e01c-4b67-aef7-0217cbd2260b,diluted_weighted_average_shares,2025-12-31
3017,a223ecfa-e01c-4b67-aef7-0217cbd2260b,diluted_weighted_average_shares,2025-09-30
3017,a223ecfa-e01c-4b67-aef7-0217cbd2260b,diluted_weighted_average_shares,2025-06-30
3017,a223ecfa-e01c-4b67-aef7-0217cbd2260b,diluted_weighted_average_shares,2025-03-31
3017,a223ecfa-e01c-4b67-aef7-0217cbd2260b,diluted_weighted_average_shares,2024-12-31
3017,a223ecfa-e01c-4b67-aef7-0217cbd2260b,diluted_weighted_average_shares,2024-09-30
3026,2b6bdef1-6d1f-4c73-bb76-9027ebbaec0f,quarterly_revenue,2026-06-30
3026,2b6bdef1-6d1f-4c73-bb76-9027ebbaec0f,quarterly_revenue,2026-03-31
3026,2b6bdef1-6d1f-4c73-bb76-9027ebbaec0f,quarterly_revenue,2025-12-31
3026,2b6bdef1-6d1f-4c73-bb76-9027ebbaec0f,quarterly_revenue,2025-09-30
3026,2b6bdef1-6d1f-4c73-bb76-9027ebbaec0f,quarterly_revenue,2025-06-30
3026,2b6bdef1-6d1f-4c73-bb76-9027ebbaec0f,quarterly_revenue,2025-03-31
3026,2b6bdef1-6d1f-4c73-bb76-9027ebbaec0f,quarterly_revenue,2024-12-31
3026,2b6bdef1-6d1f-4c73-bb76-9027ebbaec0f,quarterly_revenue,2024-09-30
3026,2b6bdef1-6d1f-4c73-bb76-9027ebbaec0f,quarterly_gross_profit,2026-06-30
3026,2b6bdef1-6d1f-4c73-bb76-9027ebbaec0f,quarterly_gross_profit,2026-03-31
3026,2b6bdef1-6d1f-4c73-bb76-9027ebbaec0f,quarterly_gross_profit,2025-12-31
3026,2b6bdef1-6d1f-4c73-bb76-9027ebbaec0f,quarterly_gross_profit,2025-09-30
3026,2b6bdef1-6d1f-4c73-bb76-9027ebbaec0f,quarterly_gross_profit,2025-06-30
3026,2b6bdef1-6d1f-4c73-bb76-9027ebbaec0f,quarterly_gross_profit,2025-03-31
3026,2b6bdef1-6d1f-4c73-bb76-9027ebbaec0f,quarterly_gross_profit,2024-12-31
3026,2b6bdef1-6d1f-4c73-bb76-9027ebbaec0f,quarterly_gross_profit,2024-09-30
3026,2b6bdef1-6d1f-4c73-bb76-9027ebbaec0f,quarterly_operating_income,2026-06-30
3026,2b6bdef1-6d1f-4c73-bb76-9027ebbaec0f,quarterly_operating_income,2026-03-31
3026,2b6bdef1-6d1f-4c73-bb76-9027ebbaec0f,quarterly_operating_income,2025-12-31
3026,2b6bdef1-6d1f-4c73-bb76-9027ebbaec0f,quarterly_operating_income,2025-09-30
3026,2b6bdef1-6d1f-4c73-bb76-9027ebbaec0f,quarterly_operating_income,2025-06-30
3026,2b6bdef1-6d1f-4c73-bb76-9027ebbaec0f,quarterly_operating_income,2025-03-31
3026,2b6bdef1-6d1f-4c73-bb76-9027ebbaec0f,quarterly_operating_income,2024-12-31
3026,2b6bdef1-6d1f-4c73-bb76-9027ebbaec0f,quarterly_operating_income,2024-09-30
3026,2b6bdef1-6d1f-4c73-bb76-9027ebbaec0f,quarterly_net_income_attributable_to_common,2026-06-30
3026,2b6bdef1-6d1f-4c73-bb76-9027ebbaec0f,quarterly_net_income_attributable_to_common,2026-03-31
3026,2b6bdef1-6d1f-4c73-bb76-9027ebbaec0f,quarterly_net_income_attributable_to_common,2025-12-31
3026,2b6bdef1-6d1f-4c73-bb76-9027ebbaec0f,quarterly_net_income_attributable_to_common,2025-09-30
3026,2b6bdef1-6d1f-4c73-bb76-9027ebbaec0f,quarterly_net_income_attributable_to_common,2025-06-30
3026,2b6bdef1-6d1f-4c73-bb76-9027ebbaec0f,quarterly_net_income_attributable_to_common,2025-03-31
3026,2b6bdef1-6d1f-4c73-bb76-9027ebbaec0f,quarterly_net_income_attributable_to_common,2024-12-31
3026,2b6bdef1-6d1f-4c73-bb76-9027ebbaec0f,quarterly_net_income_attributable_to_common,2024-09-30
3026,2b6bdef1-6d1f-4c73-bb76-9027ebbaec0f,quarterly_diluted_eps,2026-06-30
3026,2b6bdef1-6d1f-4c73-bb76-9027ebbaec0f,quarterly_diluted_eps,2026-03-31
3026,2b6bdef1-6d1f-4c73-bb76-9027ebbaec0f,quarterly_diluted_eps,2025-12-31
3026,2b6bdef1-6d1f-4c73-bb76-9027ebbaec0f,quarterly_diluted_eps,2025-09-30
3026,2b6bdef1-6d1f-4c73-bb76-9027ebbaec0f,quarterly_diluted_eps,2025-06-30
3026,2b6bdef1-6d1f-4c73-bb76-9027ebbaec0f,quarterly_diluted_eps,2025-03-31
3026,2b6bdef1-6d1f-4c73-bb76-9027ebbaec0f,quarterly_diluted_eps,2024-12-31
3026,2b6bdef1-6d1f-4c73-bb76-9027ebbaec0f,quarterly_diluted_eps,2024-09-30
3026,2b6bdef1-6d1f-4c73-bb76-9027ebbaec0f,diluted_weighted_average_shares,2026-06-30
3026,2b6bdef1-6d1f-4c73-bb76-9027ebbaec0f,diluted_weighted_average_shares,2026-03-31
3026,2b6bdef1-6d1f-4c73-bb76-9027ebbaec0f,diluted_weighted_average_shares,2025-12-31
3026,2b6bdef1-6d1f-4c73-bb76-9027ebbaec0f,diluted_weighted_average_shares,2025-09-30
3026,2b6bdef1-6d1f-4c73-bb76-9027ebbaec0f,diluted_weighted_average_shares,2025-06-30
3026,2b6bdef1-6d1f-4c73-bb76-9027ebbaec0f,diluted_weighted_average_shares,2025-03-31
3026,2b6bdef1-6d1f-4c73-bb76-9027ebbaec0f,diluted_weighted_average_shares,2024-12-31
3026,2b6bdef1-6d1f-4c73-bb76-9027ebbaec0f,diluted_weighted_average_shares,2024-09-30
3028,e78191ff-70ea-4c71-bff8-daaeeeab4274,quarterly_revenue,2026-06-30
3028,e78191ff-70ea-4c71-bff8-daaeeeab4274,quarterly_revenue,2026-03-31
3028,e78191ff-70ea-4c71-bff8-daaeeeab4274,quarterly_revenue,2025-12-31
3028,e78191ff-70ea-4c71-bff8-daaeeeab4274,quarterly_revenue,2025-09-30
3028,e78191ff-70ea-4c71-bff8-daaeeeab4274,quarterly_revenue,2025-06-30
3028,e78191ff-70ea-4c71-bff8-daaeeeab4274,quarterly_revenue,2025-03-31
3028,e78191ff-70ea-4c71-bff8-daaeeeab4274,quarterly_revenue,2024-12-31
3028,e78191ff-70ea-4c71-bff8-daaeeeab4274,quarterly_revenue,2024-09-30
3028,e78191ff-70ea-4c71-bff8-daaeeeab4274,quarterly_gross_profit,2026-06-30
3028,e78191ff-70ea-4c71-bff8-daaeeeab4274,quarterly_gross_profit,2026-03-31
3028,e78191ff-70ea-4c71-bff8-daaeeeab4274,quarterly_gross_profit,2025-12-31
3028,e78191ff-70ea-4c71-bff8-daaeeeab4274,quarterly_gross_profit,2025-09-30
3028,e78191ff-70ea-4c71-bff8-daaeeeab4274,quarterly_gross_profit,2025-06-30
3028,e78191ff-70ea-4c71-bff8-daaeeeab4274,quarterly_gross_profit,2025-03-31
3028,e78191ff-70ea-4c71-bff8-daaeeeab4274,quarterly_gross_profit,2024-12-31
3028,e78191ff-70ea-4c71-bff8-daaeeeab4274,quarterly_gross_profit,2024-09-30
3028,e78191ff-70ea-4c71-bff8-daaeeeab4274,quarterly_operating_income,2026-06-30
3028,e78191ff-70ea-4c71-bff8-daaeeeab4274,quarterly_operating_income,2026-03-31
3028,e78191ff-70ea-4c71-bff8-daaeeeab4274,quarterly_operating_income,2025-12-31
3028,e78191ff-70ea-4c71-bff8-daaeeeab4274,quarterly_operating_income,2025-09-30
3028,e78191ff-70ea-4c71-bff8-daaeeeab4274,quarterly_operating_income,2025-06-30
3028,e78191ff-70ea-4c71-bff8-daaeeeab4274,quarterly_operating_income,2025-03-31
3028,e78191ff-70ea-4c71-bff8-daaeeeab4274,quarterly_operating_income,2024-12-31
3028,e78191ff-70ea-4c71-bff8-daaeeeab4274,quarterly_operating_income,2024-09-30
3028,e78191ff-70ea-4c71-bff8-daaeeeab4274,quarterly_net_income_attributable_to_common,2026-06-30
3028,e78191ff-70ea-4c71-bff8-daaeeeab4274,quarterly_net_income_attributable_to_common,2026-03-31
3028,e78191ff-70ea-4c71-bff8-daaeeeab4274,quarterly_net_income_attributable_to_common,2025-12-31
3028,e78191ff-70ea-4c71-bff8-daaeeeab4274,quarterly_net_income_attributable_to_common,2025-09-30
3028,e78191ff-70ea-4c71-bff8-daaeeeab4274,quarterly_net_income_attributable_to_common,2025-06-30
3028,e78191ff-70ea-4c71-bff8-daaeeeab4274,quarterly_net_income_attributable_to_common,2025-03-31
3028,e78191ff-70ea-4c71-bff8-daaeeeab4274,quarterly_net_income_attributable_to_common,2024-12-31
3028,e78191ff-70ea-4c71-bff8-daaeeeab4274,quarterly_net_income_attributable_to_common,2024-09-30
3028,e78191ff-70ea-4c71-bff8-daaeeeab4274,quarterly_diluted_eps,2026-06-30
3028,e78191ff-70ea-4c71-bff8-daaeeeab4274,quarterly_diluted_eps,2026-03-31
3028,e78191ff-70ea-4c71-bff8-daaeeeab4274,quarterly_diluted_eps,2025-12-31
3028,e78191ff-70ea-4c71-bff8-daaeeeab4274,quarterly_diluted_eps,2025-09-30
3028,e78191ff-70ea-4c71-bff8-daaeeeab4274,quarterly_diluted_eps,2025-06-30
3028,e78191ff-70ea-4c71-bff8-daaeeeab4274,quarterly_diluted_eps,2025-03-31
3028,e78191ff-70ea-4c71-bff8-daaeeeab4274,quarterly_diluted_eps,2024-12-31
3028,e78191ff-70ea-4c71-bff8-daaeeeab4274,quarterly_diluted_eps,2024-09-30
3028,e78191ff-70ea-4c71-bff8-daaeeeab4274,diluted_weighted_average_shares,2026-06-30
3028,e78191ff-70ea-4c71-bff8-daaeeeab4274,diluted_weighted_average_shares,2026-03-31
3028,e78191ff-70ea-4c71-bff8-daaeeeab4274,diluted_weighted_average_shares,2025-12-31
3028,e78191ff-70ea-4c71-bff8-daaeeeab4274,diluted_weighted_average_shares,2025-09-30
3028,e78191ff-70ea-4c71-bff8-daaeeeab4274,diluted_weighted_average_shares,2025-06-30
3028,e78191ff-70ea-4c71-bff8-daaeeeab4274,diluted_weighted_average_shares,2025-03-31
3028,e78191ff-70ea-4c71-bff8-daaeeeab4274,diluted_weighted_average_shares,2024-12-31
3028,e78191ff-70ea-4c71-bff8-daaeeeab4274,diluted_weighted_average_shares,2024-09-30
3034,4c03db93-269c-42bd-a27f-9e3099cdab58,quarterly_revenue,2026-06-30
3034,4c03db93-269c-42bd-a27f-9e3099cdab58,quarterly_revenue,2026-03-31
3034,4c03db93-269c-42bd-a27f-9e3099cdab58,quarterly_revenue,2025-12-31
3034,4c03db93-269c-42bd-a27f-9e3099cdab58,quarterly_revenue,2025-09-30
3034,4c03db93-269c-42bd-a27f-9e3099cdab58,quarterly_revenue,2025-06-30
3034,4c03db93-269c-42bd-a27f-9e3099cdab58,quarterly_revenue,2025-03-31
3034,4c03db93-269c-42bd-a27f-9e3099cdab58,quarterly_revenue,2024-12-31
3034,4c03db93-269c-42bd-a27f-9e3099cdab58,quarterly_revenue,2024-09-30
3034,4c03db93-269c-42bd-a27f-9e3099cdab58,quarterly_gross_profit,2026-06-30
3034,4c03db93-269c-42bd-a27f-9e3099cdab58,quarterly_gross_profit,2026-03-31
3034,4c03db93-269c-42bd-a27f-9e3099cdab58,quarterly_gross_profit,2025-12-31
3034,4c03db93-269c-42bd-a27f-9e3099cdab58,quarterly_gross_profit,2025-09-30
3034,4c03db93-269c-42bd-a27f-9e3099cdab58,quarterly_gross_profit,2025-06-30
3034,4c03db93-269c-42bd-a27f-9e3099cdab58,quarterly_gross_profit,2025-03-31
3034,4c03db93-269c-42bd-a27f-9e3099cdab58,quarterly_gross_profit,2024-12-31
3034,4c03db93-269c-42bd-a27f-9e3099cdab58,quarterly_gross_profit,2024-09-30
3034,4c03db93-269c-42bd-a27f-9e3099cdab58,quarterly_operating_income,2026-06-30
3034,4c03db93-269c-42bd-a27f-9e3099cdab58,quarterly_operating_income,2026-03-31
3034,4c03db93-269c-42bd-a27f-9e3099cdab58,quarterly_operating_income,2025-12-31
3034,4c03db93-269c-42bd-a27f-9e3099cdab58,quarterly_operating_income,2025-09-30
3034,4c03db93-269c-42bd-a27f-9e3099cdab58,quarterly_operating_income,2025-06-30
3034,4c03db93-269c-42bd-a27f-9e3099cdab58,quarterly_operating_income,2025-03-31
3034,4c03db93-269c-42bd-a27f-9e3099cdab58,quarterly_operating_income,2024-12-31
3034,4c03db93-269c-42bd-a27f-9e3099cdab58,quarterly_operating_income,2024-09-30
3034,4c03db93-269c-42bd-a27f-9e3099cdab58,quarterly_net_income_attributable_to_common,2026-06-30
3034,4c03db93-269c-42bd-a27f-9e3099cdab58,quarterly_net_income_attributable_to_common,2026-03-31
3034,4c03db93-269c-42bd-a27f-9e3099cdab58,quarterly_net_income_attributable_to_common,2025-12-31
3034,4c03db93-269c-42bd-a27f-9e3099cdab58,quarterly_net_income_attributable_to_common,2025-09-30
3034,4c03db93-269c-42bd-a27f-9e3099cdab58,quarterly_net_income_attributable_to_common,2025-06-30
3034,4c03db93-269c-42bd-a27f-9e3099cdab58,quarterly_net_income_attributable_to_common,2025-03-31
3034,4c03db93-269c-42bd-a27f-9e3099cdab58,quarterly_net_income_attributable_to_common,2024-12-31
3034,4c03db93-269c-42bd-a27f-9e3099cdab58,quarterly_net_income_attributable_to_common,2024-09-30
3034,4c03db93-269c-42bd-a27f-9e3099cdab58,quarterly_diluted_eps,2026-06-30
3034,4c03db93-269c-42bd-a27f-9e3099cdab58,quarterly_diluted_eps,2026-03-31
3034,4c03db93-269c-42bd-a27f-9e3099cdab58,quarterly_diluted_eps,2025-12-31
3034,4c03db93-269c-42bd-a27f-9e3099cdab58,quarterly_diluted_eps,2025-09-30
3034,4c03db93-269c-42bd-a27f-9e3099cdab58,quarterly_diluted_eps,2025-06-30
3034,4c03db93-269c-42bd-a27f-9e3099cdab58,quarterly_diluted_eps,2025-03-31
3034,4c03db93-269c-42bd-a27f-9e3099cdab58,quarterly_diluted_eps,2024-12-31
3034,4c03db93-269c-42bd-a27f-9e3099cdab58,quarterly_diluted_eps,2024-09-30
3034,4c03db93-269c-42bd-a27f-9e3099cdab58,diluted_weighted_average_shares,2026-06-30
3034,4c03db93-269c-42bd-a27f-9e3099cdab58,diluted_weighted_average_shares,2026-03-31
3034,4c03db93-269c-42bd-a27f-9e3099cdab58,diluted_weighted_average_shares,2025-12-31
3034,4c03db93-269c-42bd-a27f-9e3099cdab58,diluted_weighted_average_shares,2025-09-30
3034,4c03db93-269c-42bd-a27f-9e3099cdab58,diluted_weighted_average_shares,2025-06-30
3034,4c03db93-269c-42bd-a27f-9e3099cdab58,diluted_weighted_average_shares,2025-03-31
3034,4c03db93-269c-42bd-a27f-9e3099cdab58,diluted_weighted_average_shares,2024-12-31
3034,4c03db93-269c-42bd-a27f-9e3099cdab58,diluted_weighted_average_shares,2024-09-30
3035,5a7f8158-2fb7-47c4-bb63-a97ab9c25e92,quarterly_revenue,2026-06-30
3035,5a7f8158-2fb7-47c4-bb63-a97ab9c25e92,quarterly_revenue,2026-03-31
3035,5a7f8158-2fb7-47c4-bb63-a97ab9c25e92,quarterly_revenue,2025-12-31
3035,5a7f8158-2fb7-47c4-bb63-a97ab9c25e92,quarterly_revenue,2025-09-30
3035,5a7f8158-2fb7-47c4-bb63-a97ab9c25e92,quarterly_revenue,2025-06-30
3035,5a7f8158-2fb7-47c4-bb63-a97ab9c25e92,quarterly_revenue,2025-03-31
3035,5a7f8158-2fb7-47c4-bb63-a97ab9c25e92,quarterly_revenue,2024-12-31
3035,5a7f8158-2fb7-47c4-bb63-a97ab9c25e92,quarterly_revenue,2024-09-30
3035,5a7f8158-2fb7-47c4-bb63-a97ab9c25e92,quarterly_gross_profit,2026-06-30
3035,5a7f8158-2fb7-47c4-bb63-a97ab9c25e92,quarterly_gross_profit,2026-03-31
3035,5a7f8158-2fb7-47c4-bb63-a97ab9c25e92,quarterly_gross_profit,2025-12-31
3035,5a7f8158-2fb7-47c4-bb63-a97ab9c25e92,quarterly_gross_profit,2025-09-30
3035,5a7f8158-2fb7-47c4-bb63-a97ab9c25e92,quarterly_gross_profit,2025-06-30
3035,5a7f8158-2fb7-47c4-bb63-a97ab9c25e92,quarterly_gross_profit,2025-03-31
3035,5a7f8158-2fb7-47c4-bb63-a97ab9c25e92,quarterly_gross_profit,2024-12-31
3035,5a7f8158-2fb7-47c4-bb63-a97ab9c25e92,quarterly_gross_profit,2024-09-30
3035,5a7f8158-2fb7-47c4-bb63-a97ab9c25e92,quarterly_operating_income,2026-06-30
3035,5a7f8158-2fb7-47c4-bb63-a97ab9c25e92,quarterly_operating_income,2026-03-31
3035,5a7f8158-2fb7-47c4-bb63-a97ab9c25e92,quarterly_operating_income,2025-12-31
3035,5a7f8158-2fb7-47c4-bb63-a97ab9c25e92,quarterly_operating_income,2025-09-30
3035,5a7f8158-2fb7-47c4-bb63-a97ab9c25e92,quarterly_operating_income,2025-06-30
3035,5a7f8158-2fb7-47c4-bb63-a97ab9c25e92,quarterly_operating_income,2025-03-31
3035,5a7f8158-2fb7-47c4-bb63-a97ab9c25e92,quarterly_operating_income,2024-12-31
3035,5a7f8158-2fb7-47c4-bb63-a97ab9c25e92,quarterly_operating_income,2024-09-30
3035,5a7f8158-2fb7-47c4-bb63-a97ab9c25e92,quarterly_net_income_attributable_to_common,2026-06-30
3035,5a7f8158-2fb7-47c4-bb63-a97ab9c25e92,quarterly_net_income_attributable_to_common,2026-03-31
3035,5a7f8158-2fb7-47c4-bb63-a97ab9c25e92,quarterly_net_income_attributable_to_common,2025-12-31
3035,5a7f8158-2fb7-47c4-bb63-a97ab9c25e92,quarterly_net_income_attributable_to_common,2025-09-30
3035,5a7f8158-2fb7-47c4-bb63-a97ab9c25e92,quarterly_net_income_attributable_to_common,2025-06-30
3035,5a7f8158-2fb7-47c4-bb63-a97ab9c25e92,quarterly_net_income_attributable_to_common,2025-03-31
3035,5a7f8158-2fb7-47c4-bb63-a97ab9c25e92,quarterly_net_income_attributable_to_common,2024-12-31
3035,5a7f8158-2fb7-47c4-bb63-a97ab9c25e92,quarterly_net_income_attributable_to_common,2024-09-30
3035,5a7f8158-2fb7-47c4-bb63-a97ab9c25e92,quarterly_diluted_eps,2026-06-30
3035,5a7f8158-2fb7-47c4-bb63-a97ab9c25e92,quarterly_diluted_eps,2026-03-31
3035,5a7f8158-2fb7-47c4-bb63-a97ab9c25e92,quarterly_diluted_eps,2025-12-31
3035,5a7f8158-2fb7-47c4-bb63-a97ab9c25e92,quarterly_diluted_eps,2025-09-30
3035,5a7f8158-2fb7-47c4-bb63-a97ab9c25e92,quarterly_diluted_eps,2025-06-30
3035,5a7f8158-2fb7-47c4-bb63-a97ab9c25e92,quarterly_diluted_eps,2025-03-31
3035,5a7f8158-2fb7-47c4-bb63-a97ab9c25e92,quarterly_diluted_eps,2024-12-31
3035,5a7f8158-2fb7-47c4-bb63-a97ab9c25e92,quarterly_diluted_eps,2024-09-30
3035,5a7f8158-2fb7-47c4-bb63-a97ab9c25e92,diluted_weighted_average_shares,2026-06-30
3035,5a7f8158-2fb7-47c4-bb63-a97ab9c25e92,diluted_weighted_average_shares,2026-03-31
3035,5a7f8158-2fb7-47c4-bb63-a97ab9c25e92,diluted_weighted_average_shares,2025-12-31
3035,5a7f8158-2fb7-47c4-bb63-a97ab9c25e92,diluted_weighted_average_shares,2025-09-30
3035,5a7f8158-2fb7-47c4-bb63-a97ab9c25e92,diluted_weighted_average_shares,2025-06-30
3035,5a7f8158-2fb7-47c4-bb63-a97ab9c25e92,diluted_weighted_average_shares,2025-03-31
3035,5a7f8158-2fb7-47c4-bb63-a97ab9c25e92,diluted_weighted_average_shares,2024-12-31
3035,5a7f8158-2fb7-47c4-bb63-a97ab9c25e92,diluted_weighted_average_shares,2024-09-30
3037,ed62b390-d083-4267-9ce4-c9f96babcf51,quarterly_revenue,2026-06-30
3037,ed62b390-d083-4267-9ce4-c9f96babcf51,quarterly_revenue,2026-03-31
3037,ed62b390-d083-4267-9ce4-c9f96babcf51,quarterly_revenue,2025-12-31
3037,ed62b390-d083-4267-9ce4-c9f96babcf51,quarterly_revenue,2025-09-30
3037,ed62b390-d083-4267-9ce4-c9f96babcf51,quarterly_revenue,2025-06-30
3037,ed62b390-d083-4267-9ce4-c9f96babcf51,quarterly_revenue,2025-03-31
3037,ed62b390-d083-4267-9ce4-c9f96babcf51,quarterly_revenue,2024-12-31
3037,ed62b390-d083-4267-9ce4-c9f96babcf51,quarterly_revenue,2024-09-30
3037,ed62b390-d083-4267-9ce4-c9f96babcf51,quarterly_gross_profit,2026-06-30
3037,ed62b390-d083-4267-9ce4-c9f96babcf51,quarterly_gross_profit,2026-03-31
3037,ed62b390-d083-4267-9ce4-c9f96babcf51,quarterly_gross_profit,2025-12-31
3037,ed62b390-d083-4267-9ce4-c9f96babcf51,quarterly_gross_profit,2025-09-30
3037,ed62b390-d083-4267-9ce4-c9f96babcf51,quarterly_gross_profit,2025-06-30
3037,ed62b390-d083-4267-9ce4-c9f96babcf51,quarterly_gross_profit,2025-03-31
3037,ed62b390-d083-4267-9ce4-c9f96babcf51,quarterly_gross_profit,2024-12-31
3037,ed62b390-d083-4267-9ce4-c9f96babcf51,quarterly_gross_profit,2024-09-30
3037,ed62b390-d083-4267-9ce4-c9f96babcf51,quarterly_operating_income,2026-06-30
3037,ed62b390-d083-4267-9ce4-c9f96babcf51,quarterly_operating_income,2026-03-31
3037,ed62b390-d083-4267-9ce4-c9f96babcf51,quarterly_operating_income,2025-12-31
3037,ed62b390-d083-4267-9ce4-c9f96babcf51,quarterly_operating_income,2025-09-30
3037,ed62b390-d083-4267-9ce4-c9f96babcf51,quarterly_operating_income,2025-06-30
3037,ed62b390-d083-4267-9ce4-c9f96babcf51,quarterly_operating_income,2025-03-31
3037,ed62b390-d083-4267-9ce4-c9f96babcf51,quarterly_operating_income,2024-12-31
3037,ed62b390-d083-4267-9ce4-c9f96babcf51,quarterly_operating_income,2024-09-30
3037,ed62b390-d083-4267-9ce4-c9f96babcf51,quarterly_net_income_attributable_to_common,2026-06-30
3037,ed62b390-d083-4267-9ce4-c9f96babcf51,quarterly_net_income_attributable_to_common,2026-03-31
3037,ed62b390-d083-4267-9ce4-c9f96babcf51,quarterly_net_income_attributable_to_common,2025-12-31
3037,ed62b390-d083-4267-9ce4-c9f96babcf51,quarterly_net_income_attributable_to_common,2025-09-30
3037,ed62b390-d083-4267-9ce4-c9f96babcf51,quarterly_net_income_attributable_to_common,2025-06-30
3037,ed62b390-d083-4267-9ce4-c9f96babcf51,quarterly_net_income_attributable_to_common,2025-03-31
3037,ed62b390-d083-4267-9ce4-c9f96babcf51,quarterly_net_income_attributable_to_common,2024-12-31
3037,ed62b390-d083-4267-9ce4-c9f96babcf51,quarterly_net_income_attributable_to_common,2024-09-30
3037,ed62b390-d083-4267-9ce4-c9f96babcf51,quarterly_diluted_eps,2026-06-30
3037,ed62b390-d083-4267-9ce4-c9f96babcf51,quarterly_diluted_eps,2026-03-31
3037,ed62b390-d083-4267-9ce4-c9f96babcf51,quarterly_diluted_eps,2025-12-31
3037,ed62b390-d083-4267-9ce4-c9f96babcf51,quarterly_diluted_eps,2025-09-30
3037,ed62b390-d083-4267-9ce4-c9f96babcf51,quarterly_diluted_eps,2025-06-30
3037,ed62b390-d083-4267-9ce4-c9f96babcf51,quarterly_diluted_eps,2025-03-31
3037,ed62b390-d083-4267-9ce4-c9f96babcf51,quarterly_diluted_eps,2024-12-31
3037,ed62b390-d083-4267-9ce4-c9f96babcf51,quarterly_diluted_eps,2024-09-30
3037,ed62b390-d083-4267-9ce4-c9f96babcf51,diluted_weighted_average_shares,2026-06-30
3037,ed62b390-d083-4267-9ce4-c9f96babcf51,diluted_weighted_average_shares,2026-03-31
3037,ed62b390-d083-4267-9ce4-c9f96babcf51,diluted_weighted_average_shares,2025-12-31
3037,ed62b390-d083-4267-9ce4-c9f96babcf51,diluted_weighted_average_shares,2025-09-30
3037,ed62b390-d083-4267-9ce4-c9f96babcf51,diluted_weighted_average_shares,2025-06-30
3037,ed62b390-d083-4267-9ce4-c9f96babcf51,diluted_weighted_average_shares,2025-03-31
3037,ed62b390-d083-4267-9ce4-c9f96babcf51,diluted_weighted_average_shares,2024-12-31
3037,ed62b390-d083-4267-9ce4-c9f96babcf51,diluted_weighted_average_shares,2024-09-30
3042,fa33f9f9-93d0-4024-bfc7-d8a6bf57fbe9,quarterly_revenue,2026-06-30
3042,fa33f9f9-93d0-4024-bfc7-d8a6bf57fbe9,quarterly_revenue,2026-03-31
3042,fa33f9f9-93d0-4024-bfc7-d8a6bf57fbe9,quarterly_revenue,2025-12-31
3042,fa33f9f9-93d0-4024-bfc7-d8a6bf57fbe9,quarterly_revenue,2025-09-30
3042,fa33f9f9-93d0-4024-bfc7-d8a6bf57fbe9,quarterly_revenue,2025-06-30
3042,fa33f9f9-93d0-4024-bfc7-d8a6bf57fbe9,quarterly_revenue,2025-03-31
3042,fa33f9f9-93d0-4024-bfc7-d8a6bf57fbe9,quarterly_revenue,2024-12-31
3042,fa33f9f9-93d0-4024-bfc7-d8a6bf57fbe9,quarterly_revenue,2024-09-30
3042,fa33f9f9-93d0-4024-bfc7-d8a6bf57fbe9,quarterly_gross_profit,2026-06-30
3042,fa33f9f9-93d0-4024-bfc7-d8a6bf57fbe9,quarterly_gross_profit,2026-03-31
3042,fa33f9f9-93d0-4024-bfc7-d8a6bf57fbe9,quarterly_gross_profit,2025-12-31
3042,fa33f9f9-93d0-4024-bfc7-d8a6bf57fbe9,quarterly_gross_profit,2025-09-30
3042,fa33f9f9-93d0-4024-bfc7-d8a6bf57fbe9,quarterly_gross_profit,2025-06-30
3042,fa33f9f9-93d0-4024-bfc7-d8a6bf57fbe9,quarterly_gross_profit,2025-03-31
3042,fa33f9f9-93d0-4024-bfc7-d8a6bf57fbe9,quarterly_gross_profit,2024-12-31
3042,fa33f9f9-93d0-4024-bfc7-d8a6bf57fbe9,quarterly_gross_profit,2024-09-30
3042,fa33f9f9-93d0-4024-bfc7-d8a6bf57fbe9,quarterly_operating_income,2026-06-30
3042,fa33f9f9-93d0-4024-bfc7-d8a6bf57fbe9,quarterly_operating_income,2026-03-31
3042,fa33f9f9-93d0-4024-bfc7-d8a6bf57fbe9,quarterly_operating_income,2025-12-31
3042,fa33f9f9-93d0-4024-bfc7-d8a6bf57fbe9,quarterly_operating_income,2025-09-30
3042,fa33f9f9-93d0-4024-bfc7-d8a6bf57fbe9,quarterly_operating_income,2025-06-30
3042,fa33f9f9-93d0-4024-bfc7-d8a6bf57fbe9,quarterly_operating_income,2025-03-31
3042,fa33f9f9-93d0-4024-bfc7-d8a6bf57fbe9,quarterly_operating_income,2024-12-31
3042,fa33f9f9-93d0-4024-bfc7-d8a6bf57fbe9,quarterly_operating_income,2024-09-30
3042,fa33f9f9-93d0-4024-bfc7-d8a6bf57fbe9,quarterly_net_income_attributable_to_common,2026-06-30
3042,fa33f9f9-93d0-4024-bfc7-d8a6bf57fbe9,quarterly_net_income_attributable_to_common,2026-03-31
3042,fa33f9f9-93d0-4024-bfc7-d8a6bf57fbe9,quarterly_net_income_attributable_to_common,2025-12-31
3042,fa33f9f9-93d0-4024-bfc7-d8a6bf57fbe9,quarterly_net_income_attributable_to_common,2025-09-30
3042,fa33f9f9-93d0-4024-bfc7-d8a6bf57fbe9,quarterly_net_income_attributable_to_common,2025-06-30
3042,fa33f9f9-93d0-4024-bfc7-d8a6bf57fbe9,quarterly_net_income_attributable_to_common,2025-03-31
3042,fa33f9f9-93d0-4024-bfc7-d8a6bf57fbe9,quarterly_net_income_attributable_to_common,2024-12-31
3042,fa33f9f9-93d0-4024-bfc7-d8a6bf57fbe9,quarterly_net_income_attributable_to_common,2024-09-30
3042,fa33f9f9-93d0-4024-bfc7-d8a6bf57fbe9,quarterly_diluted_eps,2026-06-30
3042,fa33f9f9-93d0-4024-bfc7-d8a6bf57fbe9,quarterly_diluted_eps,2026-03-31
3042,fa33f9f9-93d0-4024-bfc7-d8a6bf57fbe9,quarterly_diluted_eps,2025-12-31
3042,fa33f9f9-93d0-4024-bfc7-d8a6bf57fbe9,quarterly_diluted_eps,2025-09-30
3042,fa33f9f9-93d0-4024-bfc7-d8a6bf57fbe9,quarterly_diluted_eps,2025-06-30
3042,fa33f9f9-93d0-4024-bfc7-d8a6bf57fbe9,quarterly_diluted_eps,2025-03-31
3042,fa33f9f9-93d0-4024-bfc7-d8a6bf57fbe9,quarterly_diluted_eps,2024-12-31
3042,fa33f9f9-93d0-4024-bfc7-d8a6bf57fbe9,quarterly_diluted_eps,2024-09-30
3042,fa33f9f9-93d0-4024-bfc7-d8a6bf57fbe9,diluted_weighted_average_shares,2026-06-30
3042,fa33f9f9-93d0-4024-bfc7-d8a6bf57fbe9,diluted_weighted_average_shares,2026-03-31
3042,fa33f9f9-93d0-4024-bfc7-d8a6bf57fbe9,diluted_weighted_average_shares,2025-12-31
3042,fa33f9f9-93d0-4024-bfc7-d8a6bf57fbe9,diluted_weighted_average_shares,2025-09-30
3042,fa33f9f9-93d0-4024-bfc7-d8a6bf57fbe9,diluted_weighted_average_shares,2025-06-30
3042,fa33f9f9-93d0-4024-bfc7-d8a6bf57fbe9,diluted_weighted_average_shares,2025-03-31
3042,fa33f9f9-93d0-4024-bfc7-d8a6bf57fbe9,diluted_weighted_average_shares,2024-12-31
3042,fa33f9f9-93d0-4024-bfc7-d8a6bf57fbe9,diluted_weighted_average_shares,2024-09-30
3044,407afd54-3b9b-4eac-a7bf-280352ee664a,quarterly_revenue,2026-06-30
3044,407afd54-3b9b-4eac-a7bf-280352ee664a,quarterly_revenue,2026-03-31
3044,407afd54-3b9b-4eac-a7bf-280352ee664a,quarterly_revenue,2025-12-31
3044,407afd54-3b9b-4eac-a7bf-280352ee664a,quarterly_revenue,2025-09-30
3044,407afd54-3b9b-4eac-a7bf-280352ee664a,quarterly_revenue,2025-06-30
3044,407afd54-3b9b-4eac-a7bf-280352ee664a,quarterly_revenue,2025-03-31
3044,407afd54-3b9b-4eac-a7bf-280352ee664a,quarterly_revenue,2024-12-31
3044,407afd54-3b9b-4eac-a7bf-280352ee664a,quarterly_revenue,2024-09-30
3044,407afd54-3b9b-4eac-a7bf-280352ee664a,quarterly_gross_profit,2026-06-30
3044,407afd54-3b9b-4eac-a7bf-280352ee664a,quarterly_gross_profit,2026-03-31
3044,407afd54-3b9b-4eac-a7bf-280352ee664a,quarterly_gross_profit,2025-12-31
3044,407afd54-3b9b-4eac-a7bf-280352ee664a,quarterly_gross_profit,2025-09-30
3044,407afd54-3b9b-4eac-a7bf-280352ee664a,quarterly_gross_profit,2025-06-30
3044,407afd54-3b9b-4eac-a7bf-280352ee664a,quarterly_gross_profit,2025-03-31
3044,407afd54-3b9b-4eac-a7bf-280352ee664a,quarterly_gross_profit,2024-12-31
3044,407afd54-3b9b-4eac-a7bf-280352ee664a,quarterly_gross_profit,2024-09-30
3044,407afd54-3b9b-4eac-a7bf-280352ee664a,quarterly_operating_income,2026-06-30
3044,407afd54-3b9b-4eac-a7bf-280352ee664a,quarterly_operating_income,2026-03-31
3044,407afd54-3b9b-4eac-a7bf-280352ee664a,quarterly_operating_income,2025-12-31
3044,407afd54-3b9b-4eac-a7bf-280352ee664a,quarterly_operating_income,2025-09-30
3044,407afd54-3b9b-4eac-a7bf-280352ee664a,quarterly_operating_income,2025-06-30
3044,407afd54-3b9b-4eac-a7bf-280352ee664a,quarterly_operating_income,2025-03-31
3044,407afd54-3b9b-4eac-a7bf-280352ee664a,quarterly_operating_income,2024-12-31
3044,407afd54-3b9b-4eac-a7bf-280352ee664a,quarterly_operating_income,2024-09-30
3044,407afd54-3b9b-4eac-a7bf-280352ee664a,quarterly_net_income_attributable_to_common,2026-06-30
3044,407afd54-3b9b-4eac-a7bf-280352ee664a,quarterly_net_income_attributable_to_common,2026-03-31
3044,407afd54-3b9b-4eac-a7bf-280352ee664a,quarterly_net_income_attributable_to_common,2025-12-31
3044,407afd54-3b9b-4eac-a7bf-280352ee664a,quarterly_net_income_attributable_to_common,2025-09-30
3044,407afd54-3b9b-4eac-a7bf-280352ee664a,quarterly_net_income_attributable_to_common,2025-06-30
3044,407afd54-3b9b-4eac-a7bf-280352ee664a,quarterly_net_income_attributable_to_common,2025-03-31
3044,407afd54-3b9b-4eac-a7bf-280352ee664a,quarterly_net_income_attributable_to_common,2024-12-31
3044,407afd54-3b9b-4eac-a7bf-280352ee664a,quarterly_net_income_attributable_to_common,2024-09-30
3044,407afd54-3b9b-4eac-a7bf-280352ee664a,quarterly_diluted_eps,2026-06-30
3044,407afd54-3b9b-4eac-a7bf-280352ee664a,quarterly_diluted_eps,2026-03-31
3044,407afd54-3b9b-4eac-a7bf-280352ee664a,quarterly_diluted_eps,2025-12-31
3044,407afd54-3b9b-4eac-a7bf-280352ee664a,quarterly_diluted_eps,2025-09-30
3044,407afd54-3b9b-4eac-a7bf-280352ee664a,quarterly_diluted_eps,2025-06-30
3044,407afd54-3b9b-4eac-a7bf-280352ee664a,quarterly_diluted_eps,2025-03-31
3044,407afd54-3b9b-4eac-a7bf-280352ee664a,quarterly_diluted_eps,2024-12-31
3044,407afd54-3b9b-4eac-a7bf-280352ee664a,quarterly_diluted_eps,2024-09-30
3044,407afd54-3b9b-4eac-a7bf-280352ee664a,diluted_weighted_average_shares,2026-06-30
3044,407afd54-3b9b-4eac-a7bf-280352ee664a,diluted_weighted_average_shares,2026-03-31
3044,407afd54-3b9b-4eac-a7bf-280352ee664a,diluted_weighted_average_shares,2025-12-31
3044,407afd54-3b9b-4eac-a7bf-280352ee664a,diluted_weighted_average_shares,2025-09-30
3044,407afd54-3b9b-4eac-a7bf-280352ee664a,diluted_weighted_average_shares,2025-06-30
3044,407afd54-3b9b-4eac-a7bf-280352ee664a,diluted_weighted_average_shares,2025-03-31
3044,407afd54-3b9b-4eac-a7bf-280352ee664a,diluted_weighted_average_shares,2024-12-31
3044,407afd54-3b9b-4eac-a7bf-280352ee664a,diluted_weighted_average_shares,2024-09-30
3045,3424c25f-92aa-4700-bc28-1523d0e52b9e,quarterly_revenue,2026-06-30
3045,3424c25f-92aa-4700-bc28-1523d0e52b9e,quarterly_revenue,2026-03-31
3045,3424c25f-92aa-4700-bc28-1523d0e52b9e,quarterly_revenue,2025-12-31
3045,3424c25f-92aa-4700-bc28-1523d0e52b9e,quarterly_revenue,2025-09-30
3045,3424c25f-92aa-4700-bc28-1523d0e52b9e,quarterly_revenue,2025-06-30
3045,3424c25f-92aa-4700-bc28-1523d0e52b9e,quarterly_revenue,2025-03-31
3045,3424c25f-92aa-4700-bc28-1523d0e52b9e,quarterly_revenue,2024-12-31
3045,3424c25f-92aa-4700-bc28-1523d0e52b9e,quarterly_revenue,2024-09-30
3045,3424c25f-92aa-4700-bc28-1523d0e52b9e,quarterly_gross_profit,2026-06-30
3045,3424c25f-92aa-4700-bc28-1523d0e52b9e,quarterly_gross_profit,2026-03-31
3045,3424c25f-92aa-4700-bc28-1523d0e52b9e,quarterly_gross_profit,2025-12-31
3045,3424c25f-92aa-4700-bc28-1523d0e52b9e,quarterly_gross_profit,2025-09-30
3045,3424c25f-92aa-4700-bc28-1523d0e52b9e,quarterly_gross_profit,2025-06-30
3045,3424c25f-92aa-4700-bc28-1523d0e52b9e,quarterly_gross_profit,2025-03-31
3045,3424c25f-92aa-4700-bc28-1523d0e52b9e,quarterly_gross_profit,2024-12-31
3045,3424c25f-92aa-4700-bc28-1523d0e52b9e,quarterly_gross_profit,2024-09-30
3045,3424c25f-92aa-4700-bc28-1523d0e52b9e,quarterly_operating_income,2026-06-30
3045,3424c25f-92aa-4700-bc28-1523d0e52b9e,quarterly_operating_income,2026-03-31
3045,3424c25f-92aa-4700-bc28-1523d0e52b9e,quarterly_operating_income,2025-12-31
3045,3424c25f-92aa-4700-bc28-1523d0e52b9e,quarterly_operating_income,2025-09-30
3045,3424c25f-92aa-4700-bc28-1523d0e52b9e,quarterly_operating_income,2025-06-30
3045,3424c25f-92aa-4700-bc28-1523d0e52b9e,quarterly_operating_income,2025-03-31
3045,3424c25f-92aa-4700-bc28-1523d0e52b9e,quarterly_operating_income,2024-12-31
3045,3424c25f-92aa-4700-bc28-1523d0e52b9e,quarterly_operating_income,2024-09-30
3045,3424c25f-92aa-4700-bc28-1523d0e52b9e,quarterly_net_income_attributable_to_common,2026-06-30
3045,3424c25f-92aa-4700-bc28-1523d0e52b9e,quarterly_net_income_attributable_to_common,2026-03-31
3045,3424c25f-92aa-4700-bc28-1523d0e52b9e,quarterly_net_income_attributable_to_common,2025-12-31
3045,3424c25f-92aa-4700-bc28-1523d0e52b9e,quarterly_net_income_attributable_to_common,2025-09-30
3045,3424c25f-92aa-4700-bc28-1523d0e52b9e,quarterly_net_income_attributable_to_common,2025-06-30
3045,3424c25f-92aa-4700-bc28-1523d0e52b9e,quarterly_net_income_attributable_to_common,2025-03-31
3045,3424c25f-92aa-4700-bc28-1523d0e52b9e,quarterly_net_income_attributable_to_common,2024-12-31
3045,3424c25f-92aa-4700-bc28-1523d0e52b9e,quarterly_net_income_attributable_to_common,2024-09-30
3045,3424c25f-92aa-4700-bc28-1523d0e52b9e,quarterly_diluted_eps,2026-06-30
3045,3424c25f-92aa-4700-bc28-1523d0e52b9e,quarterly_diluted_eps,2026-03-31
3045,3424c25f-92aa-4700-bc28-1523d0e52b9e,quarterly_diluted_eps,2025-12-31
3045,3424c25f-92aa-4700-bc28-1523d0e52b9e,quarterly_diluted_eps,2025-09-30
3045,3424c25f-92aa-4700-bc28-1523d0e52b9e,quarterly_diluted_eps,2025-06-30
3045,3424c25f-92aa-4700-bc28-1523d0e52b9e,quarterly_diluted_eps,2025-03-31
3045,3424c25f-92aa-4700-bc28-1523d0e52b9e,quarterly_diluted_eps,2024-12-31
3045,3424c25f-92aa-4700-bc28-1523d0e52b9e,quarterly_diluted_eps,2024-09-30
3045,3424c25f-92aa-4700-bc28-1523d0e52b9e,diluted_weighted_average_shares,2026-06-30
3045,3424c25f-92aa-4700-bc28-1523d0e52b9e,diluted_weighted_average_shares,2026-03-31
3045,3424c25f-92aa-4700-bc28-1523d0e52b9e,diluted_weighted_average_shares,2025-12-31
3045,3424c25f-92aa-4700-bc28-1523d0e52b9e,diluted_weighted_average_shares,2025-09-30
3045,3424c25f-92aa-4700-bc28-1523d0e52b9e,diluted_weighted_average_shares,2025-06-30
3045,3424c25f-92aa-4700-bc28-1523d0e52b9e,diluted_weighted_average_shares,2025-03-31
3045,3424c25f-92aa-4700-bc28-1523d0e52b9e,diluted_weighted_average_shares,2024-12-31
3045,3424c25f-92aa-4700-bc28-1523d0e52b9e,diluted_weighted_average_shares,2024-09-30
3055,ab455657-ab2a-4b62-9f67-d855041034bc,quarterly_revenue,2026-06-30
3055,ab455657-ab2a-4b62-9f67-d855041034bc,quarterly_revenue,2026-03-31
3055,ab455657-ab2a-4b62-9f67-d855041034bc,quarterly_revenue,2025-12-31
3055,ab455657-ab2a-4b62-9f67-d855041034bc,quarterly_revenue,2025-09-30
3055,ab455657-ab2a-4b62-9f67-d855041034bc,quarterly_revenue,2025-06-30
3055,ab455657-ab2a-4b62-9f67-d855041034bc,quarterly_revenue,2025-03-31
3055,ab455657-ab2a-4b62-9f67-d855041034bc,quarterly_revenue,2024-12-31
3055,ab455657-ab2a-4b62-9f67-d855041034bc,quarterly_revenue,2024-09-30
3055,ab455657-ab2a-4b62-9f67-d855041034bc,quarterly_gross_profit,2026-06-30
3055,ab455657-ab2a-4b62-9f67-d855041034bc,quarterly_gross_profit,2026-03-31
3055,ab455657-ab2a-4b62-9f67-d855041034bc,quarterly_gross_profit,2025-12-31
3055,ab455657-ab2a-4b62-9f67-d855041034bc,quarterly_gross_profit,2025-09-30
3055,ab455657-ab2a-4b62-9f67-d855041034bc,quarterly_gross_profit,2025-06-30
3055,ab455657-ab2a-4b62-9f67-d855041034bc,quarterly_gross_profit,2025-03-31
3055,ab455657-ab2a-4b62-9f67-d855041034bc,quarterly_gross_profit,2024-12-31
3055,ab455657-ab2a-4b62-9f67-d855041034bc,quarterly_gross_profit,2024-09-30
3055,ab455657-ab2a-4b62-9f67-d855041034bc,quarterly_operating_income,2026-06-30
3055,ab455657-ab2a-4b62-9f67-d855041034bc,quarterly_operating_income,2026-03-31
3055,ab455657-ab2a-4b62-9f67-d855041034bc,quarterly_operating_income,2025-12-31
3055,ab455657-ab2a-4b62-9f67-d855041034bc,quarterly_operating_income,2025-09-30
3055,ab455657-ab2a-4b62-9f67-d855041034bc,quarterly_operating_income,2025-06-30
3055,ab455657-ab2a-4b62-9f67-d855041034bc,quarterly_operating_income,2025-03-31
3055,ab455657-ab2a-4b62-9f67-d855041034bc,quarterly_operating_income,2024-12-31
3055,ab455657-ab2a-4b62-9f67-d855041034bc,quarterly_operating_income,2024-09-30
3055,ab455657-ab2a-4b62-9f67-d855041034bc,quarterly_net_income_attributable_to_common,2026-06-30
3055,ab455657-ab2a-4b62-9f67-d855041034bc,quarterly_net_income_attributable_to_common,2026-03-31
3055,ab455657-ab2a-4b62-9f67-d855041034bc,quarterly_net_income_attributable_to_common,2025-12-31
3055,ab455657-ab2a-4b62-9f67-d855041034bc,quarterly_net_income_attributable_to_common,2025-09-30
3055,ab455657-ab2a-4b62-9f67-d855041034bc,quarterly_net_income_attributable_to_common,2025-06-30
3055,ab455657-ab2a-4b62-9f67-d855041034bc,quarterly_net_income_attributable_to_common,2025-03-31
3055,ab455657-ab2a-4b62-9f67-d855041034bc,quarterly_net_income_attributable_to_common,2024-12-31
3055,ab455657-ab2a-4b62-9f67-d855041034bc,quarterly_net_income_attributable_to_common,2024-09-30
3055,ab455657-ab2a-4b62-9f67-d855041034bc,quarterly_diluted_eps,2026-06-30
3055,ab455657-ab2a-4b62-9f67-d855041034bc,quarterly_diluted_eps,2026-03-31
3055,ab455657-ab2a-4b62-9f67-d855041034bc,quarterly_diluted_eps,2025-12-31
3055,ab455657-ab2a-4b62-9f67-d855041034bc,quarterly_diluted_eps,2025-09-30
3055,ab455657-ab2a-4b62-9f67-d855041034bc,quarterly_diluted_eps,2025-06-30
3055,ab455657-ab2a-4b62-9f67-d855041034bc,quarterly_diluted_eps,2025-03-31
3055,ab455657-ab2a-4b62-9f67-d855041034bc,quarterly_diluted_eps,2024-12-31
3055,ab455657-ab2a-4b62-9f67-d855041034bc,quarterly_diluted_eps,2024-09-30
3055,ab455657-ab2a-4b62-9f67-d855041034bc,diluted_weighted_average_shares,2026-06-30
3055,ab455657-ab2a-4b62-9f67-d855041034bc,diluted_weighted_average_shares,2026-03-31
3055,ab455657-ab2a-4b62-9f67-d855041034bc,diluted_weighted_average_shares,2025-12-31
3055,ab455657-ab2a-4b62-9f67-d855041034bc,diluted_weighted_average_shares,2025-09-30
3055,ab455657-ab2a-4b62-9f67-d855041034bc,diluted_weighted_average_shares,2025-06-30
3055,ab455657-ab2a-4b62-9f67-d855041034bc,diluted_weighted_average_shares,2025-03-31
3055,ab455657-ab2a-4b62-9f67-d855041034bc,diluted_weighted_average_shares,2024-12-31
3055,ab455657-ab2a-4b62-9f67-d855041034bc,diluted_weighted_average_shares,2024-09-30
3081,b5b0b534-fecd-40de-823f-f402b6b75aef,quarterly_revenue,2026-06-30
3081,b5b0b534-fecd-40de-823f-f402b6b75aef,quarterly_revenue,2026-03-31
3081,b5b0b534-fecd-40de-823f-f402b6b75aef,quarterly_revenue,2025-12-31
3081,b5b0b534-fecd-40de-823f-f402b6b75aef,quarterly_revenue,2025-09-30
3081,b5b0b534-fecd-40de-823f-f402b6b75aef,quarterly_revenue,2025-06-30
3081,b5b0b534-fecd-40de-823f-f402b6b75aef,quarterly_revenue,2025-03-31
3081,b5b0b534-fecd-40de-823f-f402b6b75aef,quarterly_revenue,2024-12-31
3081,b5b0b534-fecd-40de-823f-f402b6b75aef,quarterly_revenue,2024-09-30
3081,b5b0b534-fecd-40de-823f-f402b6b75aef,quarterly_gross_profit,2026-06-30
3081,b5b0b534-fecd-40de-823f-f402b6b75aef,quarterly_gross_profit,2026-03-31
3081,b5b0b534-fecd-40de-823f-f402b6b75aef,quarterly_gross_profit,2025-12-31
3081,b5b0b534-fecd-40de-823f-f402b6b75aef,quarterly_gross_profit,2025-09-30
3081,b5b0b534-fecd-40de-823f-f402b6b75aef,quarterly_gross_profit,2025-06-30
3081,b5b0b534-fecd-40de-823f-f402b6b75aef,quarterly_gross_profit,2025-03-31
3081,b5b0b534-fecd-40de-823f-f402b6b75aef,quarterly_gross_profit,2024-12-31
3081,b5b0b534-fecd-40de-823f-f402b6b75aef,quarterly_gross_profit,2024-09-30
3081,b5b0b534-fecd-40de-823f-f402b6b75aef,quarterly_operating_income,2026-06-30
3081,b5b0b534-fecd-40de-823f-f402b6b75aef,quarterly_operating_income,2026-03-31
3081,b5b0b534-fecd-40de-823f-f402b6b75aef,quarterly_operating_income,2025-12-31
3081,b5b0b534-fecd-40de-823f-f402b6b75aef,quarterly_operating_income,2025-09-30
3081,b5b0b534-fecd-40de-823f-f402b6b75aef,quarterly_operating_income,2025-06-30
3081,b5b0b534-fecd-40de-823f-f402b6b75aef,quarterly_operating_income,2025-03-31
3081,b5b0b534-fecd-40de-823f-f402b6b75aef,quarterly_operating_income,2024-12-31
3081,b5b0b534-fecd-40de-823f-f402b6b75aef,quarterly_operating_income,2024-09-30
3081,b5b0b534-fecd-40de-823f-f402b6b75aef,quarterly_net_income_attributable_to_common,2026-06-30
3081,b5b0b534-fecd-40de-823f-f402b6b75aef,quarterly_net_income_attributable_to_common,2026-03-31
3081,b5b0b534-fecd-40de-823f-f402b6b75aef,quarterly_net_income_attributable_to_common,2025-12-31
3081,b5b0b534-fecd-40de-823f-f402b6b75aef,quarterly_net_income_attributable_to_common,2025-09-30
3081,b5b0b534-fecd-40de-823f-f402b6b75aef,quarterly_net_income_attributable_to_common,2025-06-30
3081,b5b0b534-fecd-40de-823f-f402b6b75aef,quarterly_net_income_attributable_to_common,2025-03-31
3081,b5b0b534-fecd-40de-823f-f402b6b75aef,quarterly_net_income_attributable_to_common,2024-12-31
3081,b5b0b534-fecd-40de-823f-f402b6b75aef,quarterly_net_income_attributable_to_common,2024-09-30
3081,b5b0b534-fecd-40de-823f-f402b6b75aef,quarterly_diluted_eps,2026-06-30
3081,b5b0b534-fecd-40de-823f-f402b6b75aef,quarterly_diluted_eps,2026-03-31
3081,b5b0b534-fecd-40de-823f-f402b6b75aef,quarterly_diluted_eps,2025-12-31
3081,b5b0b534-fecd-40de-823f-f402b6b75aef,quarterly_diluted_eps,2025-09-30
3081,b5b0b534-fecd-40de-823f-f402b6b75aef,quarterly_diluted_eps,2025-06-30
3081,b5b0b534-fecd-40de-823f-f402b6b75aef,quarterly_diluted_eps,2025-03-31
3081,b5b0b534-fecd-40de-823f-f402b6b75aef,quarterly_diluted_eps,2024-12-31
3081,b5b0b534-fecd-40de-823f-f402b6b75aef,quarterly_diluted_eps,2024-09-30
3081,b5b0b534-fecd-40de-823f-f402b6b75aef,diluted_weighted_average_shares,2026-06-30
3081,b5b0b534-fecd-40de-823f-f402b6b75aef,diluted_weighted_average_shares,2026-03-31
3081,b5b0b534-fecd-40de-823f-f402b6b75aef,diluted_weighted_average_shares,2025-12-31
3081,b5b0b534-fecd-40de-823f-f402b6b75aef,diluted_weighted_average_shares,2025-09-30
3081,b5b0b534-fecd-40de-823f-f402b6b75aef,diluted_weighted_average_shares,2025-06-30
3081,b5b0b534-fecd-40de-823f-f402b6b75aef,diluted_weighted_average_shares,2025-03-31
3081,b5b0b534-fecd-40de-823f-f402b6b75aef,diluted_weighted_average_shares,2024-12-31
3081,b5b0b534-fecd-40de-823f-f402b6b75aef,diluted_weighted_average_shares,2024-09-30
3094,5503f378-c1bd-45ce-9a53-0cc695ce4d34,quarterly_revenue,2026-06-30
3094,5503f378-c1bd-45ce-9a53-0cc695ce4d34,quarterly_revenue,2026-03-31
3094,5503f378-c1bd-45ce-9a53-0cc695ce4d34,quarterly_revenue,2025-12-31
3094,5503f378-c1bd-45ce-9a53-0cc695ce4d34,quarterly_revenue,2025-09-30
3094,5503f378-c1bd-45ce-9a53-0cc695ce4d34,quarterly_revenue,2025-06-30
3094,5503f378-c1bd-45ce-9a53-0cc695ce4d34,quarterly_revenue,2025-03-31
3094,5503f378-c1bd-45ce-9a53-0cc695ce4d34,quarterly_revenue,2024-12-31
3094,5503f378-c1bd-45ce-9a53-0cc695ce4d34,quarterly_revenue,2024-09-30
3094,5503f378-c1bd-45ce-9a53-0cc695ce4d34,quarterly_gross_profit,2026-06-30
3094,5503f378-c1bd-45ce-9a53-0cc695ce4d34,quarterly_gross_profit,2026-03-31
3094,5503f378-c1bd-45ce-9a53-0cc695ce4d34,quarterly_gross_profit,2025-12-31
3094,5503f378-c1bd-45ce-9a53-0cc695ce4d34,quarterly_gross_profit,2025-09-30
3094,5503f378-c1bd-45ce-9a53-0cc695ce4d34,quarterly_gross_profit,2025-06-30
3094,5503f378-c1bd-45ce-9a53-0cc695ce4d34,quarterly_gross_profit,2025-03-31
3094,5503f378-c1bd-45ce-9a53-0cc695ce4d34,quarterly_gross_profit,2024-12-31
3094,5503f378-c1bd-45ce-9a53-0cc695ce4d34,quarterly_gross_profit,2024-09-30
3094,5503f378-c1bd-45ce-9a53-0cc695ce4d34,quarterly_operating_income,2026-06-30
3094,5503f378-c1bd-45ce-9a53-0cc695ce4d34,quarterly_operating_income,2026-03-31
3094,5503f378-c1bd-45ce-9a53-0cc695ce4d34,quarterly_operating_income,2025-12-31
3094,5503f378-c1bd-45ce-9a53-0cc695ce4d34,quarterly_operating_income,2025-09-30
3094,5503f378-c1bd-45ce-9a53-0cc695ce4d34,quarterly_operating_income,2025-06-30
3094,5503f378-c1bd-45ce-9a53-0cc695ce4d34,quarterly_operating_income,2025-03-31
3094,5503f378-c1bd-45ce-9a53-0cc695ce4d34,quarterly_operating_income,2024-12-31
3094,5503f378-c1bd-45ce-9a53-0cc695ce4d34,quarterly_operating_income,2024-09-30
3094,5503f378-c1bd-45ce-9a53-0cc695ce4d34,quarterly_net_income_attributable_to_common,2026-06-30
3094,5503f378-c1bd-45ce-9a53-0cc695ce4d34,quarterly_net_income_attributable_to_common,2026-03-31
3094,5503f378-c1bd-45ce-9a53-0cc695ce4d34,quarterly_net_income_attributable_to_common,2025-12-31
3094,5503f378-c1bd-45ce-9a53-0cc695ce4d34,quarterly_net_income_attributable_to_common,2025-09-30
3094,5503f378-c1bd-45ce-9a53-0cc695ce4d34,quarterly_net_income_attributable_to_common,2025-06-30
3094,5503f378-c1bd-45ce-9a53-0cc695ce4d34,quarterly_net_income_attributable_to_common,2025-03-31
3094,5503f378-c1bd-45ce-9a53-0cc695ce4d34,quarterly_net_income_attributable_to_common,2024-12-31
3094,5503f378-c1bd-45ce-9a53-0cc695ce4d34,quarterly_net_income_attributable_to_common,2024-09-30
3094,5503f378-c1bd-45ce-9a53-0cc695ce4d34,quarterly_diluted_eps,2026-06-30
3094,5503f378-c1bd-45ce-9a53-0cc695ce4d34,quarterly_diluted_eps,2026-03-31
3094,5503f378-c1bd-45ce-9a53-0cc695ce4d34,quarterly_diluted_eps,2025-12-31
3094,5503f378-c1bd-45ce-9a53-0cc695ce4d34,quarterly_diluted_eps,2025-09-30
3094,5503f378-c1bd-45ce-9a53-0cc695ce4d34,quarterly_diluted_eps,2025-06-30
3094,5503f378-c1bd-45ce-9a53-0cc695ce4d34,quarterly_diluted_eps,2025-03-31
3094,5503f378-c1bd-45ce-9a53-0cc695ce4d34,quarterly_diluted_eps,2024-12-31
3094,5503f378-c1bd-45ce-9a53-0cc695ce4d34,quarterly_diluted_eps,2024-09-30
3094,5503f378-c1bd-45ce-9a53-0cc695ce4d34,diluted_weighted_average_shares,2026-06-30
3094,5503f378-c1bd-45ce-9a53-0cc695ce4d34,diluted_weighted_average_shares,2026-03-31
3094,5503f378-c1bd-45ce-9a53-0cc695ce4d34,diluted_weighted_average_shares,2025-12-31
3094,5503f378-c1bd-45ce-9a53-0cc695ce4d34,diluted_weighted_average_shares,2025-09-30
3094,5503f378-c1bd-45ce-9a53-0cc695ce4d34,diluted_weighted_average_shares,2025-06-30
3094,5503f378-c1bd-45ce-9a53-0cc695ce4d34,diluted_weighted_average_shares,2025-03-31
3094,5503f378-c1bd-45ce-9a53-0cc695ce4d34,diluted_weighted_average_shares,2024-12-31
3094,5503f378-c1bd-45ce-9a53-0cc695ce4d34,diluted_weighted_average_shares,2024-09-30
3105,3f3e524e-4a29-460e-98c1-0b48c4372d16,quarterly_revenue,2026-06-30
3105,3f3e524e-4a29-460e-98c1-0b48c4372d16,quarterly_revenue,2026-03-31
3105,3f3e524e-4a29-460e-98c1-0b48c4372d16,quarterly_revenue,2025-12-31
3105,3f3e524e-4a29-460e-98c1-0b48c4372d16,quarterly_revenue,2025-09-30
3105,3f3e524e-4a29-460e-98c1-0b48c4372d16,quarterly_revenue,2025-06-30
3105,3f3e524e-4a29-460e-98c1-0b48c4372d16,quarterly_revenue,2025-03-31
3105,3f3e524e-4a29-460e-98c1-0b48c4372d16,quarterly_revenue,2024-12-31
3105,3f3e524e-4a29-460e-98c1-0b48c4372d16,quarterly_revenue,2024-09-30
3105,3f3e524e-4a29-460e-98c1-0b48c4372d16,quarterly_gross_profit,2026-06-30
3105,3f3e524e-4a29-460e-98c1-0b48c4372d16,quarterly_gross_profit,2026-03-31
3105,3f3e524e-4a29-460e-98c1-0b48c4372d16,quarterly_gross_profit,2025-12-31
3105,3f3e524e-4a29-460e-98c1-0b48c4372d16,quarterly_gross_profit,2025-09-30
3105,3f3e524e-4a29-460e-98c1-0b48c4372d16,quarterly_gross_profit,2025-06-30
3105,3f3e524e-4a29-460e-98c1-0b48c4372d16,quarterly_gross_profit,2025-03-31
3105,3f3e524e-4a29-460e-98c1-0b48c4372d16,quarterly_gross_profit,2024-12-31
3105,3f3e524e-4a29-460e-98c1-0b48c4372d16,quarterly_gross_profit,2024-09-30
3105,3f3e524e-4a29-460e-98c1-0b48c4372d16,quarterly_operating_income,2026-06-30
3105,3f3e524e-4a29-460e-98c1-0b48c4372d16,quarterly_operating_income,2026-03-31
3105,3f3e524e-4a29-460e-98c1-0b48c4372d16,quarterly_operating_income,2025-12-31
3105,3f3e524e-4a29-460e-98c1-0b48c4372d16,quarterly_operating_income,2025-09-30
3105,3f3e524e-4a29-460e-98c1-0b48c4372d16,quarterly_operating_income,2025-06-30
3105,3f3e524e-4a29-460e-98c1-0b48c4372d16,quarterly_operating_income,2025-03-31
3105,3f3e524e-4a29-460e-98c1-0b48c4372d16,quarterly_operating_income,2024-12-31
3105,3f3e524e-4a29-460e-98c1-0b48c4372d16,quarterly_operating_income,2024-09-30
3105,3f3e524e-4a29-460e-98c1-0b48c4372d16,quarterly_net_income_attributable_to_common,2026-06-30
3105,3f3e524e-4a29-460e-98c1-0b48c4372d16,quarterly_net_income_attributable_to_common,2026-03-31
3105,3f3e524e-4a29-460e-98c1-0b48c4372d16,quarterly_net_income_attributable_to_common,2025-12-31
3105,3f3e524e-4a29-460e-98c1-0b48c4372d16,quarterly_net_income_attributable_to_common,2025-09-30
3105,3f3e524e-4a29-460e-98c1-0b48c4372d16,quarterly_net_income_attributable_to_common,2025-06-30
3105,3f3e524e-4a29-460e-98c1-0b48c4372d16,quarterly_net_income_attributable_to_common,2025-03-31
3105,3f3e524e-4a29-460e-98c1-0b48c4372d16,quarterly_net_income_attributable_to_common,2024-12-31
3105,3f3e524e-4a29-460e-98c1-0b48c4372d16,quarterly_net_income_attributable_to_common,2024-09-30
3105,3f3e524e-4a29-460e-98c1-0b48c4372d16,quarterly_diluted_eps,2026-06-30
3105,3f3e524e-4a29-460e-98c1-0b48c4372d16,quarterly_diluted_eps,2026-03-31
3105,3f3e524e-4a29-460e-98c1-0b48c4372d16,quarterly_diluted_eps,2025-12-31
3105,3f3e524e-4a29-460e-98c1-0b48c4372d16,quarterly_diluted_eps,2025-09-30
3105,3f3e524e-4a29-460e-98c1-0b48c4372d16,quarterly_diluted_eps,2025-06-30
3105,3f3e524e-4a29-460e-98c1-0b48c4372d16,quarterly_diluted_eps,2025-03-31
3105,3f3e524e-4a29-460e-98c1-0b48c4372d16,quarterly_diluted_eps,2024-12-31
3105,3f3e524e-4a29-460e-98c1-0b48c4372d16,quarterly_diluted_eps,2024-09-30
3105,3f3e524e-4a29-460e-98c1-0b48c4372d16,diluted_weighted_average_shares,2026-06-30
3105,3f3e524e-4a29-460e-98c1-0b48c4372d16,diluted_weighted_average_shares,2026-03-31
3105,3f3e524e-4a29-460e-98c1-0b48c4372d16,diluted_weighted_average_shares,2025-12-31
3105,3f3e524e-4a29-460e-98c1-0b48c4372d16,diluted_weighted_average_shares,2025-09-30
3105,3f3e524e-4a29-460e-98c1-0b48c4372d16,diluted_weighted_average_shares,2025-06-30
3105,3f3e524e-4a29-460e-98c1-0b48c4372d16,diluted_weighted_average_shares,2025-03-31
3105,3f3e524e-4a29-460e-98c1-0b48c4372d16,diluted_weighted_average_shares,2024-12-31
3105,3f3e524e-4a29-460e-98c1-0b48c4372d16,diluted_weighted_average_shares,2024-09-30
3150,7b0bd6b8-125d-466d-b336-6703fecfb9d5,quarterly_revenue,2026-06-30
3150,7b0bd6b8-125d-466d-b336-6703fecfb9d5,quarterly_revenue,2026-03-31
3150,7b0bd6b8-125d-466d-b336-6703fecfb9d5,quarterly_revenue,2025-12-31
3150,7b0bd6b8-125d-466d-b336-6703fecfb9d5,quarterly_revenue,2025-09-30
3150,7b0bd6b8-125d-466d-b336-6703fecfb9d5,quarterly_revenue,2025-06-30
3150,7b0bd6b8-125d-466d-b336-6703fecfb9d5,quarterly_revenue,2025-03-31
3150,7b0bd6b8-125d-466d-b336-6703fecfb9d5,quarterly_revenue,2024-12-31
3150,7b0bd6b8-125d-466d-b336-6703fecfb9d5,quarterly_revenue,2024-09-30
3150,7b0bd6b8-125d-466d-b336-6703fecfb9d5,quarterly_gross_profit,2026-06-30
3150,7b0bd6b8-125d-466d-b336-6703fecfb9d5,quarterly_gross_profit,2026-03-31
3150,7b0bd6b8-125d-466d-b336-6703fecfb9d5,quarterly_gross_profit,2025-12-31
3150,7b0bd6b8-125d-466d-b336-6703fecfb9d5,quarterly_gross_profit,2025-09-30
3150,7b0bd6b8-125d-466d-b336-6703fecfb9d5,quarterly_gross_profit,2025-06-30
3150,7b0bd6b8-125d-466d-b336-6703fecfb9d5,quarterly_gross_profit,2025-03-31
3150,7b0bd6b8-125d-466d-b336-6703fecfb9d5,quarterly_gross_profit,2024-12-31
3150,7b0bd6b8-125d-466d-b336-6703fecfb9d5,quarterly_gross_profit,2024-09-30
3150,7b0bd6b8-125d-466d-b336-6703fecfb9d5,quarterly_operating_income,2026-06-30
3150,7b0bd6b8-125d-466d-b336-6703fecfb9d5,quarterly_operating_income,2026-03-31
3150,7b0bd6b8-125d-466d-b336-6703fecfb9d5,quarterly_operating_income,2025-12-31
3150,7b0bd6b8-125d-466d-b336-6703fecfb9d5,quarterly_operating_income,2025-09-30
3150,7b0bd6b8-125d-466d-b336-6703fecfb9d5,quarterly_operating_income,2025-06-30
3150,7b0bd6b8-125d-466d-b336-6703fecfb9d5,quarterly_operating_income,2025-03-31
3150,7b0bd6b8-125d-466d-b336-6703fecfb9d5,quarterly_operating_income,2024-12-31
3150,7b0bd6b8-125d-466d-b336-6703fecfb9d5,quarterly_operating_income,2024-09-30
3150,7b0bd6b8-125d-466d-b336-6703fecfb9d5,quarterly_net_income_attributable_to_common,2026-06-30
3150,7b0bd6b8-125d-466d-b336-6703fecfb9d5,quarterly_net_income_attributable_to_common,2026-03-31
3150,7b0bd6b8-125d-466d-b336-6703fecfb9d5,quarterly_net_income_attributable_to_common,2025-12-31
3150,7b0bd6b8-125d-466d-b336-6703fecfb9d5,quarterly_net_income_attributable_to_common,2025-09-30
3150,7b0bd6b8-125d-466d-b336-6703fecfb9d5,quarterly_net_income_attributable_to_common,2025-06-30
3150,7b0bd6b8-125d-466d-b336-6703fecfb9d5,quarterly_net_income_attributable_to_common,2025-03-31
3150,7b0bd6b8-125d-466d-b336-6703fecfb9d5,quarterly_net_income_attributable_to_common,2024-12-31
3150,7b0bd6b8-125d-466d-b336-6703fecfb9d5,quarterly_net_income_attributable_to_common,2024-09-30
3150,7b0bd6b8-125d-466d-b336-6703fecfb9d5,quarterly_diluted_eps,2026-06-30
3150,7b0bd6b8-125d-466d-b336-6703fecfb9d5,quarterly_diluted_eps,2026-03-31
3150,7b0bd6b8-125d-466d-b336-6703fecfb9d5,quarterly_diluted_eps,2025-12-31
3150,7b0bd6b8-125d-466d-b336-6703fecfb9d5,quarterly_diluted_eps,2025-09-30
3150,7b0bd6b8-125d-466d-b336-6703fecfb9d5,quarterly_diluted_eps,2025-06-30
3150,7b0bd6b8-125d-466d-b336-6703fecfb9d5,quarterly_diluted_eps,2025-03-31
3150,7b0bd6b8-125d-466d-b336-6703fecfb9d5,quarterly_diluted_eps,2024-12-31
3150,7b0bd6b8-125d-466d-b336-6703fecfb9d5,quarterly_diluted_eps,2024-09-30
3150,7b0bd6b8-125d-466d-b336-6703fecfb9d5,diluted_weighted_average_shares,2026-06-30
3150,7b0bd6b8-125d-466d-b336-6703fecfb9d5,diluted_weighted_average_shares,2026-03-31
3150,7b0bd6b8-125d-466d-b336-6703fecfb9d5,diluted_weighted_average_shares,2025-12-31
3150,7b0bd6b8-125d-466d-b336-6703fecfb9d5,diluted_weighted_average_shares,2025-09-30
3150,7b0bd6b8-125d-466d-b336-6703fecfb9d5,diluted_weighted_average_shares,2025-06-30
3150,7b0bd6b8-125d-466d-b336-6703fecfb9d5,diluted_weighted_average_shares,2025-03-31
3150,7b0bd6b8-125d-466d-b336-6703fecfb9d5,diluted_weighted_average_shares,2024-12-31
3150,7b0bd6b8-125d-466d-b336-6703fecfb9d5,diluted_weighted_average_shares,2024-09-30
3189,047e0576-ef92-41bf-a270-887cde96fbd3,quarterly_revenue,2026-06-30
3189,047e0576-ef92-41bf-a270-887cde96fbd3,quarterly_revenue,2026-03-31
3189,047e0576-ef92-41bf-a270-887cde96fbd3,quarterly_revenue,2025-12-31
3189,047e0576-ef92-41bf-a270-887cde96fbd3,quarterly_revenue,2025-09-30
3189,047e0576-ef92-41bf-a270-887cde96fbd3,quarterly_revenue,2025-06-30
3189,047e0576-ef92-41bf-a270-887cde96fbd3,quarterly_revenue,2025-03-31
3189,047e0576-ef92-41bf-a270-887cde96fbd3,quarterly_revenue,2024-12-31
3189,047e0576-ef92-41bf-a270-887cde96fbd3,quarterly_revenue,2024-09-30
3189,047e0576-ef92-41bf-a270-887cde96fbd3,quarterly_gross_profit,2026-06-30
3189,047e0576-ef92-41bf-a270-887cde96fbd3,quarterly_gross_profit,2026-03-31
3189,047e0576-ef92-41bf-a270-887cde96fbd3,quarterly_gross_profit,2025-12-31
3189,047e0576-ef92-41bf-a270-887cde96fbd3,quarterly_gross_profit,2025-09-30
3189,047e0576-ef92-41bf-a270-887cde96fbd3,quarterly_gross_profit,2025-06-30
3189,047e0576-ef92-41bf-a270-887cde96fbd3,quarterly_gross_profit,2025-03-31
3189,047e0576-ef92-41bf-a270-887cde96fbd3,quarterly_gross_profit,2024-12-31
3189,047e0576-ef92-41bf-a270-887cde96fbd3,quarterly_gross_profit,2024-09-30
3189,047e0576-ef92-41bf-a270-887cde96fbd3,quarterly_operating_income,2026-06-30
3189,047e0576-ef92-41bf-a270-887cde96fbd3,quarterly_operating_income,2026-03-31
3189,047e0576-ef92-41bf-a270-887cde96fbd3,quarterly_operating_income,2025-12-31
3189,047e0576-ef92-41bf-a270-887cde96fbd3,quarterly_operating_income,2025-09-30
3189,047e0576-ef92-41bf-a270-887cde96fbd3,quarterly_operating_income,2025-06-30
3189,047e0576-ef92-41bf-a270-887cde96fbd3,quarterly_operating_income,2025-03-31
3189,047e0576-ef92-41bf-a270-887cde96fbd3,quarterly_operating_income,2024-12-31
3189,047e0576-ef92-41bf-a270-887cde96fbd3,quarterly_operating_income,2024-09-30
3189,047e0576-ef92-41bf-a270-887cde96fbd3,quarterly_net_income_attributable_to_common,2026-06-30
3189,047e0576-ef92-41bf-a270-887cde96fbd3,quarterly_net_income_attributable_to_common,2026-03-31
3189,047e0576-ef92-41bf-a270-887cde96fbd3,quarterly_net_income_attributable_to_common,2025-12-31
3189,047e0576-ef92-41bf-a270-887cde96fbd3,quarterly_net_income_attributable_to_common,2025-09-30
3189,047e0576-ef92-41bf-a270-887cde96fbd3,quarterly_net_income_attributable_to_common,2025-06-30
3189,047e0576-ef92-41bf-a270-887cde96fbd3,quarterly_net_income_attributable_to_common,2025-03-31
3189,047e0576-ef92-41bf-a270-887cde96fbd3,quarterly_net_income_attributable_to_common,2024-12-31
3189,047e0576-ef92-41bf-a270-887cde96fbd3,quarterly_net_income_attributable_to_common,2024-09-30
3189,047e0576-ef92-41bf-a270-887cde96fbd3,quarterly_diluted_eps,2026-06-30
3189,047e0576-ef92-41bf-a270-887cde96fbd3,quarterly_diluted_eps,2026-03-31
3189,047e0576-ef92-41bf-a270-887cde96fbd3,quarterly_diluted_eps,2025-12-31
3189,047e0576-ef92-41bf-a270-887cde96fbd3,quarterly_diluted_eps,2025-09-30
3189,047e0576-ef92-41bf-a270-887cde96fbd3,quarterly_diluted_eps,2025-06-30
3189,047e0576-ef92-41bf-a270-887cde96fbd3,quarterly_diluted_eps,2025-03-31
3189,047e0576-ef92-41bf-a270-887cde96fbd3,quarterly_diluted_eps,2024-12-31
3189,047e0576-ef92-41bf-a270-887cde96fbd3,quarterly_diluted_eps,2024-09-30
3189,047e0576-ef92-41bf-a270-887cde96fbd3,diluted_weighted_average_shares,2026-06-30
3189,047e0576-ef92-41bf-a270-887cde96fbd3,diluted_weighted_average_shares,2026-03-31
3189,047e0576-ef92-41bf-a270-887cde96fbd3,diluted_weighted_average_shares,2025-12-31
3189,047e0576-ef92-41bf-a270-887cde96fbd3,diluted_weighted_average_shares,2025-09-30
3189,047e0576-ef92-41bf-a270-887cde96fbd3,diluted_weighted_average_shares,2025-06-30
3189,047e0576-ef92-41bf-a270-887cde96fbd3,diluted_weighted_average_shares,2025-03-31
3189,047e0576-ef92-41bf-a270-887cde96fbd3,diluted_weighted_average_shares,2024-12-31
3189,047e0576-ef92-41bf-a270-887cde96fbd3,diluted_weighted_average_shares,2024-09-30
3219,467c6b13-c4bb-421e-a99f-d1f4a5b02108,quarterly_revenue,2026-06-30
3219,467c6b13-c4bb-421e-a99f-d1f4a5b02108,quarterly_revenue,2026-03-31
3219,467c6b13-c4bb-421e-a99f-d1f4a5b02108,quarterly_revenue,2025-12-31
3219,467c6b13-c4bb-421e-a99f-d1f4a5b02108,quarterly_revenue,2025-09-30
3219,467c6b13-c4bb-421e-a99f-d1f4a5b02108,quarterly_revenue,2025-06-30
3219,467c6b13-c4bb-421e-a99f-d1f4a5b02108,quarterly_revenue,2025-03-31
3219,467c6b13-c4bb-421e-a99f-d1f4a5b02108,quarterly_revenue,2024-12-31
3219,467c6b13-c4bb-421e-a99f-d1f4a5b02108,quarterly_revenue,2024-09-30
3219,467c6b13-c4bb-421e-a99f-d1f4a5b02108,quarterly_gross_profit,2026-06-30
3219,467c6b13-c4bb-421e-a99f-d1f4a5b02108,quarterly_gross_profit,2026-03-31
3219,467c6b13-c4bb-421e-a99f-d1f4a5b02108,quarterly_gross_profit,2025-12-31
3219,467c6b13-c4bb-421e-a99f-d1f4a5b02108,quarterly_gross_profit,2025-09-30
3219,467c6b13-c4bb-421e-a99f-d1f4a5b02108,quarterly_gross_profit,2025-06-30
3219,467c6b13-c4bb-421e-a99f-d1f4a5b02108,quarterly_gross_profit,2025-03-31
3219,467c6b13-c4bb-421e-a99f-d1f4a5b02108,quarterly_gross_profit,2024-12-31
3219,467c6b13-c4bb-421e-a99f-d1f4a5b02108,quarterly_gross_profit,2024-09-30
3219,467c6b13-c4bb-421e-a99f-d1f4a5b02108,quarterly_operating_income,2026-06-30
3219,467c6b13-c4bb-421e-a99f-d1f4a5b02108,quarterly_operating_income,2026-03-31
3219,467c6b13-c4bb-421e-a99f-d1f4a5b02108,quarterly_operating_income,2025-12-31
3219,467c6b13-c4bb-421e-a99f-d1f4a5b02108,quarterly_operating_income,2025-09-30
3219,467c6b13-c4bb-421e-a99f-d1f4a5b02108,quarterly_operating_income,2025-06-30
3219,467c6b13-c4bb-421e-a99f-d1f4a5b02108,quarterly_operating_income,2025-03-31
3219,467c6b13-c4bb-421e-a99f-d1f4a5b02108,quarterly_operating_income,2024-12-31
3219,467c6b13-c4bb-421e-a99f-d1f4a5b02108,quarterly_operating_income,2024-09-30
3219,467c6b13-c4bb-421e-a99f-d1f4a5b02108,quarterly_net_income_attributable_to_common,2026-06-30
3219,467c6b13-c4bb-421e-a99f-d1f4a5b02108,quarterly_net_income_attributable_to_common,2026-03-31
3219,467c6b13-c4bb-421e-a99f-d1f4a5b02108,quarterly_net_income_attributable_to_common,2025-12-31
3219,467c6b13-c4bb-421e-a99f-d1f4a5b02108,quarterly_net_income_attributable_to_common,2025-09-30
3219,467c6b13-c4bb-421e-a99f-d1f4a5b02108,quarterly_net_income_attributable_to_common,2025-06-30
3219,467c6b13-c4bb-421e-a99f-d1f4a5b02108,quarterly_net_income_attributable_to_common,2025-03-31
3219,467c6b13-c4bb-421e-a99f-d1f4a5b02108,quarterly_net_income_attributable_to_common,2024-12-31
3219,467c6b13-c4bb-421e-a99f-d1f4a5b02108,quarterly_net_income_attributable_to_common,2024-09-30
3219,467c6b13-c4bb-421e-a99f-d1f4a5b02108,quarterly_diluted_eps,2026-06-30
3219,467c6b13-c4bb-421e-a99f-d1f4a5b02108,quarterly_diluted_eps,2026-03-31
3219,467c6b13-c4bb-421e-a99f-d1f4a5b02108,quarterly_diluted_eps,2025-12-31
3219,467c6b13-c4bb-421e-a99f-d1f4a5b02108,quarterly_diluted_eps,2025-09-30
3219,467c6b13-c4bb-421e-a99f-d1f4a5b02108,quarterly_diluted_eps,2025-06-30
3219,467c6b13-c4bb-421e-a99f-d1f4a5b02108,quarterly_diluted_eps,2025-03-31
3219,467c6b13-c4bb-421e-a99f-d1f4a5b02108,quarterly_diluted_eps,2024-12-31
3219,467c6b13-c4bb-421e-a99f-d1f4a5b02108,quarterly_diluted_eps,2024-09-30
3219,467c6b13-c4bb-421e-a99f-d1f4a5b02108,diluted_weighted_average_shares,2026-06-30
3219,467c6b13-c4bb-421e-a99f-d1f4a5b02108,diluted_weighted_average_shares,2026-03-31
3219,467c6b13-c4bb-421e-a99f-d1f4a5b02108,diluted_weighted_average_shares,2025-12-31
3219,467c6b13-c4bb-421e-a99f-d1f4a5b02108,diluted_weighted_average_shares,2025-09-30
3219,467c6b13-c4bb-421e-a99f-d1f4a5b02108,diluted_weighted_average_shares,2025-06-30
3219,467c6b13-c4bb-421e-a99f-d1f4a5b02108,diluted_weighted_average_shares,2025-03-31
3219,467c6b13-c4bb-421e-a99f-d1f4a5b02108,diluted_weighted_average_shares,2024-12-31
3219,467c6b13-c4bb-421e-a99f-d1f4a5b02108,diluted_weighted_average_shares,2024-09-30
3229,3bb3027f-24eb-45c5-9cfc-b88a93c0173e,quarterly_revenue,2026-06-30
3229,3bb3027f-24eb-45c5-9cfc-b88a93c0173e,quarterly_revenue,2026-03-31
3229,3bb3027f-24eb-45c5-9cfc-b88a93c0173e,quarterly_revenue,2025-12-31
3229,3bb3027f-24eb-45c5-9cfc-b88a93c0173e,quarterly_revenue,2025-09-30
3229,3bb3027f-24eb-45c5-9cfc-b88a93c0173e,quarterly_revenue,2025-06-30
3229,3bb3027f-24eb-45c5-9cfc-b88a93c0173e,quarterly_revenue,2025-03-31
3229,3bb3027f-24eb-45c5-9cfc-b88a93c0173e,quarterly_revenue,2024-12-31
3229,3bb3027f-24eb-45c5-9cfc-b88a93c0173e,quarterly_revenue,2024-09-30
3229,3bb3027f-24eb-45c5-9cfc-b88a93c0173e,quarterly_gross_profit,2026-06-30
3229,3bb3027f-24eb-45c5-9cfc-b88a93c0173e,quarterly_gross_profit,2026-03-31
3229,3bb3027f-24eb-45c5-9cfc-b88a93c0173e,quarterly_gross_profit,2025-12-31
3229,3bb3027f-24eb-45c5-9cfc-b88a93c0173e,quarterly_gross_profit,2025-09-30
3229,3bb3027f-24eb-45c5-9cfc-b88a93c0173e,quarterly_gross_profit,2025-06-30
3229,3bb3027f-24eb-45c5-9cfc-b88a93c0173e,quarterly_gross_profit,2025-03-31
3229,3bb3027f-24eb-45c5-9cfc-b88a93c0173e,quarterly_gross_profit,2024-12-31
3229,3bb3027f-24eb-45c5-9cfc-b88a93c0173e,quarterly_gross_profit,2024-09-30
3229,3bb3027f-24eb-45c5-9cfc-b88a93c0173e,quarterly_operating_income,2026-06-30
3229,3bb3027f-24eb-45c5-9cfc-b88a93c0173e,quarterly_operating_income,2026-03-31
3229,3bb3027f-24eb-45c5-9cfc-b88a93c0173e,quarterly_operating_income,2025-12-31
3229,3bb3027f-24eb-45c5-9cfc-b88a93c0173e,quarterly_operating_income,2025-09-30
3229,3bb3027f-24eb-45c5-9cfc-b88a93c0173e,quarterly_operating_income,2025-06-30
3229,3bb3027f-24eb-45c5-9cfc-b88a93c0173e,quarterly_operating_income,2025-03-31
3229,3bb3027f-24eb-45c5-9cfc-b88a93c0173e,quarterly_operating_income,2024-12-31
3229,3bb3027f-24eb-45c5-9cfc-b88a93c0173e,quarterly_operating_income,2024-09-30
3229,3bb3027f-24eb-45c5-9cfc-b88a93c0173e,quarterly_net_income_attributable_to_common,2026-06-30
3229,3bb3027f-24eb-45c5-9cfc-b88a93c0173e,quarterly_net_income_attributable_to_common,2026-03-31
3229,3bb3027f-24eb-45c5-9cfc-b88a93c0173e,quarterly_net_income_attributable_to_common,2025-12-31
3229,3bb3027f-24eb-45c5-9cfc-b88a93c0173e,quarterly_net_income_attributable_to_common,2025-09-30
3229,3bb3027f-24eb-45c5-9cfc-b88a93c0173e,quarterly_net_income_attributable_to_common,2025-06-30
3229,3bb3027f-24eb-45c5-9cfc-b88a93c0173e,quarterly_net_income_attributable_to_common,2025-03-31
3229,3bb3027f-24eb-45c5-9cfc-b88a93c0173e,quarterly_net_income_attributable_to_common,2024-12-31
3229,3bb3027f-24eb-45c5-9cfc-b88a93c0173e,quarterly_net_income_attributable_to_common,2024-09-30
3229,3bb3027f-24eb-45c5-9cfc-b88a93c0173e,quarterly_diluted_eps,2026-06-30
3229,3bb3027f-24eb-45c5-9cfc-b88a93c0173e,quarterly_diluted_eps,2026-03-31
3229,3bb3027f-24eb-45c5-9cfc-b88a93c0173e,quarterly_diluted_eps,2025-12-31
3229,3bb3027f-24eb-45c5-9cfc-b88a93c0173e,quarterly_diluted_eps,2025-09-30
3229,3bb3027f-24eb-45c5-9cfc-b88a93c0173e,quarterly_diluted_eps,2025-06-30
3229,3bb3027f-24eb-45c5-9cfc-b88a93c0173e,quarterly_diluted_eps,2025-03-31
3229,3bb3027f-24eb-45c5-9cfc-b88a93c0173e,quarterly_diluted_eps,2024-12-31
3229,3bb3027f-24eb-45c5-9cfc-b88a93c0173e,quarterly_diluted_eps,2024-09-30
3229,3bb3027f-24eb-45c5-9cfc-b88a93c0173e,diluted_weighted_average_shares,2026-06-30
3229,3bb3027f-24eb-45c5-9cfc-b88a93c0173e,diluted_weighted_average_shares,2026-03-31
3229,3bb3027f-24eb-45c5-9cfc-b88a93c0173e,diluted_weighted_average_shares,2025-12-31
3229,3bb3027f-24eb-45c5-9cfc-b88a93c0173e,diluted_weighted_average_shares,2025-09-30
3229,3bb3027f-24eb-45c5-9cfc-b88a93c0173e,diluted_weighted_average_shares,2025-06-30
3229,3bb3027f-24eb-45c5-9cfc-b88a93c0173e,diluted_weighted_average_shares,2025-03-31
3229,3bb3027f-24eb-45c5-9cfc-b88a93c0173e,diluted_weighted_average_shares,2024-12-31
3229,3bb3027f-24eb-45c5-9cfc-b88a93c0173e,diluted_weighted_average_shares,2024-09-30
3231,f0685664-2cda-477d-9e35-8798f49766e6,quarterly_revenue,2026-06-30
3231,f0685664-2cda-477d-9e35-8798f49766e6,quarterly_revenue,2026-03-31
3231,f0685664-2cda-477d-9e35-8798f49766e6,quarterly_revenue,2025-12-31
3231,f0685664-2cda-477d-9e35-8798f49766e6,quarterly_revenue,2025-09-30
3231,f0685664-2cda-477d-9e35-8798f49766e6,quarterly_revenue,2025-06-30
3231,f0685664-2cda-477d-9e35-8798f49766e6,quarterly_revenue,2025-03-31
3231,f0685664-2cda-477d-9e35-8798f49766e6,quarterly_revenue,2024-12-31
3231,f0685664-2cda-477d-9e35-8798f49766e6,quarterly_revenue,2024-09-30
3231,f0685664-2cda-477d-9e35-8798f49766e6,quarterly_gross_profit,2026-06-30
3231,f0685664-2cda-477d-9e35-8798f49766e6,quarterly_gross_profit,2026-03-31
3231,f0685664-2cda-477d-9e35-8798f49766e6,quarterly_gross_profit,2025-12-31
3231,f0685664-2cda-477d-9e35-8798f49766e6,quarterly_gross_profit,2025-09-30
3231,f0685664-2cda-477d-9e35-8798f49766e6,quarterly_gross_profit,2025-06-30
3231,f0685664-2cda-477d-9e35-8798f49766e6,quarterly_gross_profit,2025-03-31
3231,f0685664-2cda-477d-9e35-8798f49766e6,quarterly_gross_profit,2024-12-31
3231,f0685664-2cda-477d-9e35-8798f49766e6,quarterly_gross_profit,2024-09-30
3231,f0685664-2cda-477d-9e35-8798f49766e6,quarterly_operating_income,2026-06-30
3231,f0685664-2cda-477d-9e35-8798f49766e6,quarterly_operating_income,2026-03-31
3231,f0685664-2cda-477d-9e35-8798f49766e6,quarterly_operating_income,2025-12-31
3231,f0685664-2cda-477d-9e35-8798f49766e6,quarterly_operating_income,2025-09-30
3231,f0685664-2cda-477d-9e35-8798f49766e6,quarterly_operating_income,2025-06-30
3231,f0685664-2cda-477d-9e35-8798f49766e6,quarterly_operating_income,2025-03-31
3231,f0685664-2cda-477d-9e35-8798f49766e6,quarterly_operating_income,2024-12-31
3231,f0685664-2cda-477d-9e35-8798f49766e6,quarterly_operating_income,2024-09-30
3231,f0685664-2cda-477d-9e35-8798f49766e6,quarterly_net_income_attributable_to_common,2026-06-30
3231,f0685664-2cda-477d-9e35-8798f49766e6,quarterly_net_income_attributable_to_common,2026-03-31
3231,f0685664-2cda-477d-9e35-8798f49766e6,quarterly_net_income_attributable_to_common,2025-12-31
3231,f0685664-2cda-477d-9e35-8798f49766e6,quarterly_net_income_attributable_to_common,2025-09-30
3231,f0685664-2cda-477d-9e35-8798f49766e6,quarterly_net_income_attributable_to_common,2025-06-30
3231,f0685664-2cda-477d-9e35-8798f49766e6,quarterly_net_income_attributable_to_common,2025-03-31
3231,f0685664-2cda-477d-9e35-8798f49766e6,quarterly_net_income_attributable_to_common,2024-12-31
3231,f0685664-2cda-477d-9e35-8798f49766e6,quarterly_net_income_attributable_to_common,2024-09-30
3231,f0685664-2cda-477d-9e35-8798f49766e6,quarterly_diluted_eps,2026-06-30
3231,f0685664-2cda-477d-9e35-8798f49766e6,quarterly_diluted_eps,2026-03-31
3231,f0685664-2cda-477d-9e35-8798f49766e6,quarterly_diluted_eps,2025-12-31
3231,f0685664-2cda-477d-9e35-8798f49766e6,quarterly_diluted_eps,2025-09-30
3231,f0685664-2cda-477d-9e35-8798f49766e6,quarterly_diluted_eps,2025-06-30
3231,f0685664-2cda-477d-9e35-8798f49766e6,quarterly_diluted_eps,2025-03-31
3231,f0685664-2cda-477d-9e35-8798f49766e6,quarterly_diluted_eps,2024-12-31
3231,f0685664-2cda-477d-9e35-8798f49766e6,quarterly_diluted_eps,2024-09-30
3231,f0685664-2cda-477d-9e35-8798f49766e6,diluted_weighted_average_shares,2026-06-30
3231,f0685664-2cda-477d-9e35-8798f49766e6,diluted_weighted_average_shares,2026-03-31
3231,f0685664-2cda-477d-9e35-8798f49766e6,diluted_weighted_average_shares,2025-12-31
3231,f0685664-2cda-477d-9e35-8798f49766e6,diluted_weighted_average_shares,2025-09-30
3231,f0685664-2cda-477d-9e35-8798f49766e6,diluted_weighted_average_shares,2025-06-30
3231,f0685664-2cda-477d-9e35-8798f49766e6,diluted_weighted_average_shares,2025-03-31
3231,f0685664-2cda-477d-9e35-8798f49766e6,diluted_weighted_average_shares,2024-12-31
3231,f0685664-2cda-477d-9e35-8798f49766e6,diluted_weighted_average_shares,2024-09-30
3260,6eb2bb7d-c8c9-407a-8d15-1d649c36fe1d,quarterly_revenue,2026-06-30
3260,6eb2bb7d-c8c9-407a-8d15-1d649c36fe1d,quarterly_revenue,2026-03-31
3260,6eb2bb7d-c8c9-407a-8d15-1d649c36fe1d,quarterly_revenue,2025-12-31
3260,6eb2bb7d-c8c9-407a-8d15-1d649c36fe1d,quarterly_revenue,2025-09-30
3260,6eb2bb7d-c8c9-407a-8d15-1d649c36fe1d,quarterly_revenue,2025-06-30
3260,6eb2bb7d-c8c9-407a-8d15-1d649c36fe1d,quarterly_revenue,2025-03-31
3260,6eb2bb7d-c8c9-407a-8d15-1d649c36fe1d,quarterly_revenue,2024-12-31
3260,6eb2bb7d-c8c9-407a-8d15-1d649c36fe1d,quarterly_revenue,2024-09-30
3260,6eb2bb7d-c8c9-407a-8d15-1d649c36fe1d,quarterly_gross_profit,2026-06-30
3260,6eb2bb7d-c8c9-407a-8d15-1d649c36fe1d,quarterly_gross_profit,2026-03-31
3260,6eb2bb7d-c8c9-407a-8d15-1d649c36fe1d,quarterly_gross_profit,2025-12-31
3260,6eb2bb7d-c8c9-407a-8d15-1d649c36fe1d,quarterly_gross_profit,2025-09-30
3260,6eb2bb7d-c8c9-407a-8d15-1d649c36fe1d,quarterly_gross_profit,2025-06-30
3260,6eb2bb7d-c8c9-407a-8d15-1d649c36fe1d,quarterly_gross_profit,2025-03-31
3260,6eb2bb7d-c8c9-407a-8d15-1d649c36fe1d,quarterly_gross_profit,2024-12-31
3260,6eb2bb7d-c8c9-407a-8d15-1d649c36fe1d,quarterly_gross_profit,2024-09-30
3260,6eb2bb7d-c8c9-407a-8d15-1d649c36fe1d,quarterly_operating_income,2026-06-30
3260,6eb2bb7d-c8c9-407a-8d15-1d649c36fe1d,quarterly_operating_income,2026-03-31
3260,6eb2bb7d-c8c9-407a-8d15-1d649c36fe1d,quarterly_operating_income,2025-12-31
3260,6eb2bb7d-c8c9-407a-8d15-1d649c36fe1d,quarterly_operating_income,2025-09-30
3260,6eb2bb7d-c8c9-407a-8d15-1d649c36fe1d,quarterly_operating_income,2025-06-30
3260,6eb2bb7d-c8c9-407a-8d15-1d649c36fe1d,quarterly_operating_income,2025-03-31
3260,6eb2bb7d-c8c9-407a-8d15-1d649c36fe1d,quarterly_operating_income,2024-12-31
3260,6eb2bb7d-c8c9-407a-8d15-1d649c36fe1d,quarterly_operating_income,2024-09-30
3260,6eb2bb7d-c8c9-407a-8d15-1d649c36fe1d,quarterly_net_income_attributable_to_common,2026-06-30
3260,6eb2bb7d-c8c9-407a-8d15-1d649c36fe1d,quarterly_net_income_attributable_to_common,2026-03-31
3260,6eb2bb7d-c8c9-407a-8d15-1d649c36fe1d,quarterly_net_income_attributable_to_common,2025-12-31
3260,6eb2bb7d-c8c9-407a-8d15-1d649c36fe1d,quarterly_net_income_attributable_to_common,2025-09-30
3260,6eb2bb7d-c8c9-407a-8d15-1d649c36fe1d,quarterly_net_income_attributable_to_common,2025-06-30
3260,6eb2bb7d-c8c9-407a-8d15-1d649c36fe1d,quarterly_net_income_attributable_to_common,2025-03-31
3260,6eb2bb7d-c8c9-407a-8d15-1d649c36fe1d,quarterly_net_income_attributable_to_common,2024-12-31
3260,6eb2bb7d-c8c9-407a-8d15-1d649c36fe1d,quarterly_net_income_attributable_to_common,2024-09-30
3260,6eb2bb7d-c8c9-407a-8d15-1d649c36fe1d,quarterly_diluted_eps,2026-06-30
3260,6eb2bb7d-c8c9-407a-8d15-1d649c36fe1d,quarterly_diluted_eps,2026-03-31
3260,6eb2bb7d-c8c9-407a-8d15-1d649c36fe1d,quarterly_diluted_eps,2025-12-31
3260,6eb2bb7d-c8c9-407a-8d15-1d649c36fe1d,quarterly_diluted_eps,2025-09-30
3260,6eb2bb7d-c8c9-407a-8d15-1d649c36fe1d,quarterly_diluted_eps,2025-06-30
3260,6eb2bb7d-c8c9-407a-8d15-1d649c36fe1d,quarterly_diluted_eps,2025-03-31
3260,6eb2bb7d-c8c9-407a-8d15-1d649c36fe1d,quarterly_diluted_eps,2024-12-31
3260,6eb2bb7d-c8c9-407a-8d15-1d649c36fe1d,quarterly_diluted_eps,2024-09-30
3260,6eb2bb7d-c8c9-407a-8d15-1d649c36fe1d,diluted_weighted_average_shares,2026-06-30
3260,6eb2bb7d-c8c9-407a-8d15-1d649c36fe1d,diluted_weighted_average_shares,2026-03-31
3260,6eb2bb7d-c8c9-407a-8d15-1d649c36fe1d,diluted_weighted_average_shares,2025-12-31
3260,6eb2bb7d-c8c9-407a-8d15-1d649c36fe1d,diluted_weighted_average_shares,2025-09-30
3260,6eb2bb7d-c8c9-407a-8d15-1d649c36fe1d,diluted_weighted_average_shares,2025-06-30
3260,6eb2bb7d-c8c9-407a-8d15-1d649c36fe1d,diluted_weighted_average_shares,2025-03-31
3260,6eb2bb7d-c8c9-407a-8d15-1d649c36fe1d,diluted_weighted_average_shares,2024-12-31
3260,6eb2bb7d-c8c9-407a-8d15-1d649c36fe1d,diluted_weighted_average_shares,2024-09-30
3264,e034483b-674a-4191-8e3a-646be8993ca6,quarterly_revenue,2026-06-30
3264,e034483b-674a-4191-8e3a-646be8993ca6,quarterly_revenue,2026-03-31
3264,e034483b-674a-4191-8e3a-646be8993ca6,quarterly_revenue,2025-12-31
3264,e034483b-674a-4191-8e3a-646be8993ca6,quarterly_revenue,2025-09-30
3264,e034483b-674a-4191-8e3a-646be8993ca6,quarterly_revenue,2025-06-30
3264,e034483b-674a-4191-8e3a-646be8993ca6,quarterly_revenue,2025-03-31
3264,e034483b-674a-4191-8e3a-646be8993ca6,quarterly_revenue,2024-12-31
3264,e034483b-674a-4191-8e3a-646be8993ca6,quarterly_revenue,2024-09-30
3264,e034483b-674a-4191-8e3a-646be8993ca6,quarterly_gross_profit,2026-06-30
3264,e034483b-674a-4191-8e3a-646be8993ca6,quarterly_gross_profit,2026-03-31
3264,e034483b-674a-4191-8e3a-646be8993ca6,quarterly_gross_profit,2025-12-31
3264,e034483b-674a-4191-8e3a-646be8993ca6,quarterly_gross_profit,2025-09-30
3264,e034483b-674a-4191-8e3a-646be8993ca6,quarterly_gross_profit,2025-06-30
3264,e034483b-674a-4191-8e3a-646be8993ca6,quarterly_gross_profit,2025-03-31
3264,e034483b-674a-4191-8e3a-646be8993ca6,quarterly_gross_profit,2024-12-31
3264,e034483b-674a-4191-8e3a-646be8993ca6,quarterly_gross_profit,2024-09-30
3264,e034483b-674a-4191-8e3a-646be8993ca6,quarterly_operating_income,2026-06-30
3264,e034483b-674a-4191-8e3a-646be8993ca6,quarterly_operating_income,2026-03-31
3264,e034483b-674a-4191-8e3a-646be8993ca6,quarterly_operating_income,2025-12-31
3264,e034483b-674a-4191-8e3a-646be8993ca6,quarterly_operating_income,2025-09-30
3264,e034483b-674a-4191-8e3a-646be8993ca6,quarterly_operating_income,2025-06-30
3264,e034483b-674a-4191-8e3a-646be8993ca6,quarterly_operating_income,2025-03-31
3264,e034483b-674a-4191-8e3a-646be8993ca6,quarterly_operating_income,2024-12-31
3264,e034483b-674a-4191-8e3a-646be8993ca6,quarterly_operating_income,2024-09-30
3264,e034483b-674a-4191-8e3a-646be8993ca6,quarterly_net_income_attributable_to_common,2026-06-30
3264,e034483b-674a-4191-8e3a-646be8993ca6,quarterly_net_income_attributable_to_common,2026-03-31
3264,e034483b-674a-4191-8e3a-646be8993ca6,quarterly_net_income_attributable_to_common,2025-12-31
3264,e034483b-674a-4191-8e3a-646be8993ca6,quarterly_net_income_attributable_to_common,2025-09-30
3264,e034483b-674a-4191-8e3a-646be8993ca6,quarterly_net_income_attributable_to_common,2025-06-30
3264,e034483b-674a-4191-8e3a-646be8993ca6,quarterly_net_income_attributable_to_common,2025-03-31
3264,e034483b-674a-4191-8e3a-646be8993ca6,quarterly_net_income_attributable_to_common,2024-12-31
3264,e034483b-674a-4191-8e3a-646be8993ca6,quarterly_net_income_attributable_to_common,2024-09-30
3264,e034483b-674a-4191-8e3a-646be8993ca6,quarterly_diluted_eps,2026-06-30
3264,e034483b-674a-4191-8e3a-646be8993ca6,quarterly_diluted_eps,2026-03-31
3264,e034483b-674a-4191-8e3a-646be8993ca6,quarterly_diluted_eps,2025-12-31
3264,e034483b-674a-4191-8e3a-646be8993ca6,quarterly_diluted_eps,2025-09-30
3264,e034483b-674a-4191-8e3a-646be8993ca6,quarterly_diluted_eps,2025-06-30
3264,e034483b-674a-4191-8e3a-646be8993ca6,quarterly_diluted_eps,2025-03-31
3264,e034483b-674a-4191-8e3a-646be8993ca6,quarterly_diluted_eps,2024-12-31
3264,e034483b-674a-4191-8e3a-646be8993ca6,quarterly_diluted_eps,2024-09-30
3264,e034483b-674a-4191-8e3a-646be8993ca6,diluted_weighted_average_shares,2026-06-30
3264,e034483b-674a-4191-8e3a-646be8993ca6,diluted_weighted_average_shares,2026-03-31
3264,e034483b-674a-4191-8e3a-646be8993ca6,diluted_weighted_average_shares,2025-12-31
3264,e034483b-674a-4191-8e3a-646be8993ca6,diluted_weighted_average_shares,2025-09-30
3264,e034483b-674a-4191-8e3a-646be8993ca6,diluted_weighted_average_shares,2025-06-30
3264,e034483b-674a-4191-8e3a-646be8993ca6,diluted_weighted_average_shares,2025-03-31
3264,e034483b-674a-4191-8e3a-646be8993ca6,diluted_weighted_average_shares,2024-12-31
3264,e034483b-674a-4191-8e3a-646be8993ca6,diluted_weighted_average_shares,2024-09-30
3317,e1f09255-c7a0-41b1-b888-dde40a8c2d09,quarterly_revenue,2026-06-30
3317,e1f09255-c7a0-41b1-b888-dde40a8c2d09,quarterly_revenue,2026-03-31
3317,e1f09255-c7a0-41b1-b888-dde40a8c2d09,quarterly_revenue,2025-12-31
3317,e1f09255-c7a0-41b1-b888-dde40a8c2d09,quarterly_revenue,2025-09-30
3317,e1f09255-c7a0-41b1-b888-dde40a8c2d09,quarterly_revenue,2025-06-30
3317,e1f09255-c7a0-41b1-b888-dde40a8c2d09,quarterly_revenue,2025-03-31
3317,e1f09255-c7a0-41b1-b888-dde40a8c2d09,quarterly_revenue,2024-12-31
3317,e1f09255-c7a0-41b1-b888-dde40a8c2d09,quarterly_revenue,2024-09-30
3317,e1f09255-c7a0-41b1-b888-dde40a8c2d09,quarterly_gross_profit,2026-06-30
3317,e1f09255-c7a0-41b1-b888-dde40a8c2d09,quarterly_gross_profit,2026-03-31
3317,e1f09255-c7a0-41b1-b888-dde40a8c2d09,quarterly_gross_profit,2025-12-31
3317,e1f09255-c7a0-41b1-b888-dde40a8c2d09,quarterly_gross_profit,2025-09-30
3317,e1f09255-c7a0-41b1-b888-dde40a8c2d09,quarterly_gross_profit,2025-06-30
3317,e1f09255-c7a0-41b1-b888-dde40a8c2d09,quarterly_gross_profit,2025-03-31
3317,e1f09255-c7a0-41b1-b888-dde40a8c2d09,quarterly_gross_profit,2024-12-31
3317,e1f09255-c7a0-41b1-b888-dde40a8c2d09,quarterly_gross_profit,2024-09-30
3317,e1f09255-c7a0-41b1-b888-dde40a8c2d09,quarterly_operating_income,2026-06-30
3317,e1f09255-c7a0-41b1-b888-dde40a8c2d09,quarterly_operating_income,2026-03-31
3317,e1f09255-c7a0-41b1-b888-dde40a8c2d09,quarterly_operating_income,2025-12-31
3317,e1f09255-c7a0-41b1-b888-dde40a8c2d09,quarterly_operating_income,2025-09-30
3317,e1f09255-c7a0-41b1-b888-dde40a8c2d09,quarterly_operating_income,2025-06-30
3317,e1f09255-c7a0-41b1-b888-dde40a8c2d09,quarterly_operating_income,2025-03-31
3317,e1f09255-c7a0-41b1-b888-dde40a8c2d09,quarterly_operating_income,2024-12-31
3317,e1f09255-c7a0-41b1-b888-dde40a8c2d09,quarterly_operating_income,2024-09-30
3317,e1f09255-c7a0-41b1-b888-dde40a8c2d09,quarterly_net_income_attributable_to_common,2026-06-30
3317,e1f09255-c7a0-41b1-b888-dde40a8c2d09,quarterly_net_income_attributable_to_common,2026-03-31
3317,e1f09255-c7a0-41b1-b888-dde40a8c2d09,quarterly_net_income_attributable_to_common,2025-12-31
3317,e1f09255-c7a0-41b1-b888-dde40a8c2d09,quarterly_net_income_attributable_to_common,2025-09-30
3317,e1f09255-c7a0-41b1-b888-dde40a8c2d09,quarterly_net_income_attributable_to_common,2025-06-30
3317,e1f09255-c7a0-41b1-b888-dde40a8c2d09,quarterly_net_income_attributable_to_common,2025-03-31
3317,e1f09255-c7a0-41b1-b888-dde40a8c2d09,quarterly_net_income_attributable_to_common,2024-12-31
3317,e1f09255-c7a0-41b1-b888-dde40a8c2d09,quarterly_net_income_attributable_to_common,2024-09-30
3317,e1f09255-c7a0-41b1-b888-dde40a8c2d09,quarterly_diluted_eps,2026-06-30
3317,e1f09255-c7a0-41b1-b888-dde40a8c2d09,quarterly_diluted_eps,2026-03-31
3317,e1f09255-c7a0-41b1-b888-dde40a8c2d09,quarterly_diluted_eps,2025-12-31
3317,e1f09255-c7a0-41b1-b888-dde40a8c2d09,quarterly_diluted_eps,2025-09-30
3317,e1f09255-c7a0-41b1-b888-dde40a8c2d09,quarterly_diluted_eps,2025-06-30
3317,e1f09255-c7a0-41b1-b888-dde40a8c2d09,quarterly_diluted_eps,2025-03-31
3317,e1f09255-c7a0-41b1-b888-dde40a8c2d09,quarterly_diluted_eps,2024-12-31
3317,e1f09255-c7a0-41b1-b888-dde40a8c2d09,quarterly_diluted_eps,2024-09-30
3317,e1f09255-c7a0-41b1-b888-dde40a8c2d09,diluted_weighted_average_shares,2026-06-30
3317,e1f09255-c7a0-41b1-b888-dde40a8c2d09,diluted_weighted_average_shares,2026-03-31
3317,e1f09255-c7a0-41b1-b888-dde40a8c2d09,diluted_weighted_average_shares,2025-12-31
3317,e1f09255-c7a0-41b1-b888-dde40a8c2d09,diluted_weighted_average_shares,2025-09-30
3317,e1f09255-c7a0-41b1-b888-dde40a8c2d09,diluted_weighted_average_shares,2025-06-30
3317,e1f09255-c7a0-41b1-b888-dde40a8c2d09,diluted_weighted_average_shares,2025-03-31
3317,e1f09255-c7a0-41b1-b888-dde40a8c2d09,diluted_weighted_average_shares,2024-12-31
3317,e1f09255-c7a0-41b1-b888-dde40a8c2d09,diluted_weighted_average_shares,2024-09-30
3324,4fe4dc0d-30af-431a-8fb8-a3bb37ab310c,quarterly_revenue,2026-06-30
3324,4fe4dc0d-30af-431a-8fb8-a3bb37ab310c,quarterly_revenue,2026-03-31
3324,4fe4dc0d-30af-431a-8fb8-a3bb37ab310c,quarterly_revenue,2025-12-31
3324,4fe4dc0d-30af-431a-8fb8-a3bb37ab310c,quarterly_revenue,2025-09-30
3324,4fe4dc0d-30af-431a-8fb8-a3bb37ab310c,quarterly_revenue,2025-06-30
3324,4fe4dc0d-30af-431a-8fb8-a3bb37ab310c,quarterly_revenue,2025-03-31
3324,4fe4dc0d-30af-431a-8fb8-a3bb37ab310c,quarterly_revenue,2024-12-31
3324,4fe4dc0d-30af-431a-8fb8-a3bb37ab310c,quarterly_revenue,2024-09-30
3324,4fe4dc0d-30af-431a-8fb8-a3bb37ab310c,quarterly_gross_profit,2026-06-30
3324,4fe4dc0d-30af-431a-8fb8-a3bb37ab310c,quarterly_gross_profit,2026-03-31
3324,4fe4dc0d-30af-431a-8fb8-a3bb37ab310c,quarterly_gross_profit,2025-12-31
3324,4fe4dc0d-30af-431a-8fb8-a3bb37ab310c,quarterly_gross_profit,2025-09-30
3324,4fe4dc0d-30af-431a-8fb8-a3bb37ab310c,quarterly_gross_profit,2025-06-30
3324,4fe4dc0d-30af-431a-8fb8-a3bb37ab310c,quarterly_gross_profit,2025-03-31
3324,4fe4dc0d-30af-431a-8fb8-a3bb37ab310c,quarterly_gross_profit,2024-12-31
3324,4fe4dc0d-30af-431a-8fb8-a3bb37ab310c,quarterly_gross_profit,2024-09-30
3324,4fe4dc0d-30af-431a-8fb8-a3bb37ab310c,quarterly_operating_income,2026-06-30
3324,4fe4dc0d-30af-431a-8fb8-a3bb37ab310c,quarterly_operating_income,2026-03-31
3324,4fe4dc0d-30af-431a-8fb8-a3bb37ab310c,quarterly_operating_income,2025-12-31
3324,4fe4dc0d-30af-431a-8fb8-a3bb37ab310c,quarterly_operating_income,2025-09-30
3324,4fe4dc0d-30af-431a-8fb8-a3bb37ab310c,quarterly_operating_income,2025-06-30
3324,4fe4dc0d-30af-431a-8fb8-a3bb37ab310c,quarterly_operating_income,2025-03-31
3324,4fe4dc0d-30af-431a-8fb8-a3bb37ab310c,quarterly_operating_income,2024-12-31
3324,4fe4dc0d-30af-431a-8fb8-a3bb37ab310c,quarterly_operating_income,2024-09-30
3324,4fe4dc0d-30af-431a-8fb8-a3bb37ab310c,quarterly_net_income_attributable_to_common,2026-06-30
3324,4fe4dc0d-30af-431a-8fb8-a3bb37ab310c,quarterly_net_income_attributable_to_common,2026-03-31
3324,4fe4dc0d-30af-431a-8fb8-a3bb37ab310c,quarterly_net_income_attributable_to_common,2025-12-31
3324,4fe4dc0d-30af-431a-8fb8-a3bb37ab310c,quarterly_net_income_attributable_to_common,2025-09-30
3324,4fe4dc0d-30af-431a-8fb8-a3bb37ab310c,quarterly_net_income_attributable_to_common,2025-06-30
3324,4fe4dc0d-30af-431a-8fb8-a3bb37ab310c,quarterly_net_income_attributable_to_common,2025-03-31
3324,4fe4dc0d-30af-431a-8fb8-a3bb37ab310c,quarterly_net_income_attributable_to_common,2024-12-31
3324,4fe4dc0d-30af-431a-8fb8-a3bb37ab310c,quarterly_net_income_attributable_to_common,2024-09-30
3324,4fe4dc0d-30af-431a-8fb8-a3bb37ab310c,quarterly_diluted_eps,2026-06-30
3324,4fe4dc0d-30af-431a-8fb8-a3bb37ab310c,quarterly_diluted_eps,2026-03-31
3324,4fe4dc0d-30af-431a-8fb8-a3bb37ab310c,quarterly_diluted_eps,2025-12-31
3324,4fe4dc0d-30af-431a-8fb8-a3bb37ab310c,quarterly_diluted_eps,2025-09-30
3324,4fe4dc0d-30af-431a-8fb8-a3bb37ab310c,quarterly_diluted_eps,2025-06-30
3324,4fe4dc0d-30af-431a-8fb8-a3bb37ab310c,quarterly_diluted_eps,2025-03-31
3324,4fe4dc0d-30af-431a-8fb8-a3bb37ab310c,quarterly_diluted_eps,2024-12-31
3324,4fe4dc0d-30af-431a-8fb8-a3bb37ab310c,quarterly_diluted_eps,2024-09-30
3324,4fe4dc0d-30af-431a-8fb8-a3bb37ab310c,diluted_weighted_average_shares,2026-06-30
3324,4fe4dc0d-30af-431a-8fb8-a3bb37ab310c,diluted_weighted_average_shares,2026-03-31
3324,4fe4dc0d-30af-431a-8fb8-a3bb37ab310c,diluted_weighted_average_shares,2025-12-31
3324,4fe4dc0d-30af-431a-8fb8-a3bb37ab310c,diluted_weighted_average_shares,2025-09-30
3324,4fe4dc0d-30af-431a-8fb8-a3bb37ab310c,diluted_weighted_average_shares,2025-06-30
3324,4fe4dc0d-30af-431a-8fb8-a3bb37ab310c,diluted_weighted_average_shares,2025-03-31
3324,4fe4dc0d-30af-431a-8fb8-a3bb37ab310c,diluted_weighted_average_shares,2024-12-31
3324,4fe4dc0d-30af-431a-8fb8-a3bb37ab310c,diluted_weighted_average_shares,2024-09-30
3339,5ace1492-fa92-4880-add8-0bf0c2b293ac,quarterly_revenue,2026-06-30
3339,5ace1492-fa92-4880-add8-0bf0c2b293ac,quarterly_revenue,2026-03-31
3339,5ace1492-fa92-4880-add8-0bf0c2b293ac,quarterly_revenue,2025-12-31
3339,5ace1492-fa92-4880-add8-0bf0c2b293ac,quarterly_revenue,2025-09-30
3339,5ace1492-fa92-4880-add8-0bf0c2b293ac,quarterly_revenue,2025-06-30
3339,5ace1492-fa92-4880-add8-0bf0c2b293ac,quarterly_revenue,2025-03-31
3339,5ace1492-fa92-4880-add8-0bf0c2b293ac,quarterly_revenue,2024-12-31
3339,5ace1492-fa92-4880-add8-0bf0c2b293ac,quarterly_revenue,2024-09-30
3339,5ace1492-fa92-4880-add8-0bf0c2b293ac,quarterly_gross_profit,2026-06-30
3339,5ace1492-fa92-4880-add8-0bf0c2b293ac,quarterly_gross_profit,2026-03-31
3339,5ace1492-fa92-4880-add8-0bf0c2b293ac,quarterly_gross_profit,2025-12-31
3339,5ace1492-fa92-4880-add8-0bf0c2b293ac,quarterly_gross_profit,2025-09-30
3339,5ace1492-fa92-4880-add8-0bf0c2b293ac,quarterly_gross_profit,2025-06-30
3339,5ace1492-fa92-4880-add8-0bf0c2b293ac,quarterly_gross_profit,2025-03-31
3339,5ace1492-fa92-4880-add8-0bf0c2b293ac,quarterly_gross_profit,2024-12-31
3339,5ace1492-fa92-4880-add8-0bf0c2b293ac,quarterly_gross_profit,2024-09-30
3339,5ace1492-fa92-4880-add8-0bf0c2b293ac,quarterly_operating_income,2026-06-30
3339,5ace1492-fa92-4880-add8-0bf0c2b293ac,quarterly_operating_income,2026-03-31
3339,5ace1492-fa92-4880-add8-0bf0c2b293ac,quarterly_operating_income,2025-12-31
3339,5ace1492-fa92-4880-add8-0bf0c2b293ac,quarterly_operating_income,2025-09-30
3339,5ace1492-fa92-4880-add8-0bf0c2b293ac,quarterly_operating_income,2025-06-30
3339,5ace1492-fa92-4880-add8-0bf0c2b293ac,quarterly_operating_income,2025-03-31
3339,5ace1492-fa92-4880-add8-0bf0c2b293ac,quarterly_operating_income,2024-12-31
3339,5ace1492-fa92-4880-add8-0bf0c2b293ac,quarterly_operating_income,2024-09-30
3339,5ace1492-fa92-4880-add8-0bf0c2b293ac,quarterly_net_income_attributable_to_common,2026-06-30
3339,5ace1492-fa92-4880-add8-0bf0c2b293ac,quarterly_net_income_attributable_to_common,2026-03-31
3339,5ace1492-fa92-4880-add8-0bf0c2b293ac,quarterly_net_income_attributable_to_common,2025-12-31
3339,5ace1492-fa92-4880-add8-0bf0c2b293ac,quarterly_net_income_attributable_to_common,2025-09-30
3339,5ace1492-fa92-4880-add8-0bf0c2b293ac,quarterly_net_income_attributable_to_common,2025-06-30
3339,5ace1492-fa92-4880-add8-0bf0c2b293ac,quarterly_net_income_attributable_to_common,2025-03-31
3339,5ace1492-fa92-4880-add8-0bf0c2b293ac,quarterly_net_income_attributable_to_common,2024-12-31
3339,5ace1492-fa92-4880-add8-0bf0c2b293ac,quarterly_net_income_attributable_to_common,2024-09-30
3339,5ace1492-fa92-4880-add8-0bf0c2b293ac,quarterly_diluted_eps,2026-06-30
3339,5ace1492-fa92-4880-add8-0bf0c2b293ac,quarterly_diluted_eps,2026-03-31
3339,5ace1492-fa92-4880-add8-0bf0c2b293ac,quarterly_diluted_eps,2025-12-31
3339,5ace1492-fa92-4880-add8-0bf0c2b293ac,quarterly_diluted_eps,2025-09-30
3339,5ace1492-fa92-4880-add8-0bf0c2b293ac,quarterly_diluted_eps,2025-06-30
3339,5ace1492-fa92-4880-add8-0bf0c2b293ac,quarterly_diluted_eps,2025-03-31
3339,5ace1492-fa92-4880-add8-0bf0c2b293ac,quarterly_diluted_eps,2024-12-31
3339,5ace1492-fa92-4880-add8-0bf0c2b293ac,quarterly_diluted_eps,2024-09-30
3339,5ace1492-fa92-4880-add8-0bf0c2b293ac,diluted_weighted_average_shares,2026-06-30
3339,5ace1492-fa92-4880-add8-0bf0c2b293ac,diluted_weighted_average_shares,2026-03-31
3339,5ace1492-fa92-4880-add8-0bf0c2b293ac,diluted_weighted_average_shares,2025-12-31
3339,5ace1492-fa92-4880-add8-0bf0c2b293ac,diluted_weighted_average_shares,2025-09-30
3339,5ace1492-fa92-4880-add8-0bf0c2b293ac,diluted_weighted_average_shares,2025-06-30
3339,5ace1492-fa92-4880-add8-0bf0c2b293ac,diluted_weighted_average_shares,2025-03-31
3339,5ace1492-fa92-4880-add8-0bf0c2b293ac,diluted_weighted_average_shares,2024-12-31
3339,5ace1492-fa92-4880-add8-0bf0c2b293ac,diluted_weighted_average_shares,2024-09-30
3372,56b8b1ec-3900-45bd-bdc7-3dc733a95ca0,quarterly_revenue,2026-06-30
3372,56b8b1ec-3900-45bd-bdc7-3dc733a95ca0,quarterly_revenue,2026-03-31
3372,56b8b1ec-3900-45bd-bdc7-3dc733a95ca0,quarterly_revenue,2025-12-31
3372,56b8b1ec-3900-45bd-bdc7-3dc733a95ca0,quarterly_revenue,2025-09-30
3372,56b8b1ec-3900-45bd-bdc7-3dc733a95ca0,quarterly_revenue,2025-06-30
3372,56b8b1ec-3900-45bd-bdc7-3dc733a95ca0,quarterly_revenue,2025-03-31
3372,56b8b1ec-3900-45bd-bdc7-3dc733a95ca0,quarterly_revenue,2024-12-31
3372,56b8b1ec-3900-45bd-bdc7-3dc733a95ca0,quarterly_revenue,2024-09-30
3372,56b8b1ec-3900-45bd-bdc7-3dc733a95ca0,quarterly_gross_profit,2026-06-30
3372,56b8b1ec-3900-45bd-bdc7-3dc733a95ca0,quarterly_gross_profit,2026-03-31
3372,56b8b1ec-3900-45bd-bdc7-3dc733a95ca0,quarterly_gross_profit,2025-12-31
3372,56b8b1ec-3900-45bd-bdc7-3dc733a95ca0,quarterly_gross_profit,2025-09-30
3372,56b8b1ec-3900-45bd-bdc7-3dc733a95ca0,quarterly_gross_profit,2025-06-30
3372,56b8b1ec-3900-45bd-bdc7-3dc733a95ca0,quarterly_gross_profit,2025-03-31
3372,56b8b1ec-3900-45bd-bdc7-3dc733a95ca0,quarterly_gross_profit,2024-12-31
3372,56b8b1ec-3900-45bd-bdc7-3dc733a95ca0,quarterly_gross_profit,2024-09-30
3372,56b8b1ec-3900-45bd-bdc7-3dc733a95ca0,quarterly_operating_income,2026-06-30
3372,56b8b1ec-3900-45bd-bdc7-3dc733a95ca0,quarterly_operating_income,2026-03-31
3372,56b8b1ec-3900-45bd-bdc7-3dc733a95ca0,quarterly_operating_income,2025-12-31
3372,56b8b1ec-3900-45bd-bdc7-3dc733a95ca0,quarterly_operating_income,2025-09-30
3372,56b8b1ec-3900-45bd-bdc7-3dc733a95ca0,quarterly_operating_income,2025-06-30
3372,56b8b1ec-3900-45bd-bdc7-3dc733a95ca0,quarterly_operating_income,2025-03-31
3372,56b8b1ec-3900-45bd-bdc7-3dc733a95ca0,quarterly_operating_income,2024-12-31
3372,56b8b1ec-3900-45bd-bdc7-3dc733a95ca0,quarterly_operating_income,2024-09-30
3372,56b8b1ec-3900-45bd-bdc7-3dc733a95ca0,quarterly_net_income_attributable_to_common,2026-06-30
3372,56b8b1ec-3900-45bd-bdc7-3dc733a95ca0,quarterly_net_income_attributable_to_common,2026-03-31
3372,56b8b1ec-3900-45bd-bdc7-3dc733a95ca0,quarterly_net_income_attributable_to_common,2025-12-31
3372,56b8b1ec-3900-45bd-bdc7-3dc733a95ca0,quarterly_net_income_attributable_to_common,2025-09-30
3372,56b8b1ec-3900-45bd-bdc7-3dc733a95ca0,quarterly_net_income_attributable_to_common,2025-06-30
3372,56b8b1ec-3900-45bd-bdc7-3dc733a95ca0,quarterly_net_income_attributable_to_common,2025-03-31
3372,56b8b1ec-3900-45bd-bdc7-3dc733a95ca0,quarterly_net_income_attributable_to_common,2024-12-31
3372,56b8b1ec-3900-45bd-bdc7-3dc733a95ca0,quarterly_net_income_attributable_to_common,2024-09-30
3372,56b8b1ec-3900-45bd-bdc7-3dc733a95ca0,quarterly_diluted_eps,2026-06-30
3372,56b8b1ec-3900-45bd-bdc7-3dc733a95ca0,quarterly_diluted_eps,2026-03-31
3372,56b8b1ec-3900-45bd-bdc7-3dc733a95ca0,quarterly_diluted_eps,2025-12-31
3372,56b8b1ec-3900-45bd-bdc7-3dc733a95ca0,quarterly_diluted_eps,2025-09-30
3372,56b8b1ec-3900-45bd-bdc7-3dc733a95ca0,quarterly_diluted_eps,2025-06-30
3372,56b8b1ec-3900-45bd-bdc7-3dc733a95ca0,quarterly_diluted_eps,2025-03-31
3372,56b8b1ec-3900-45bd-bdc7-3dc733a95ca0,quarterly_diluted_eps,2024-12-31
3372,56b8b1ec-3900-45bd-bdc7-3dc733a95ca0,quarterly_diluted_eps,2024-09-30
3372,56b8b1ec-3900-45bd-bdc7-3dc733a95ca0,diluted_weighted_average_shares,2026-06-30
3372,56b8b1ec-3900-45bd-bdc7-3dc733a95ca0,diluted_weighted_average_shares,2026-03-31
3372,56b8b1ec-3900-45bd-bdc7-3dc733a95ca0,diluted_weighted_average_shares,2025-12-31
3372,56b8b1ec-3900-45bd-bdc7-3dc733a95ca0,diluted_weighted_average_shares,2025-09-30
3372,56b8b1ec-3900-45bd-bdc7-3dc733a95ca0,diluted_weighted_average_shares,2025-06-30
3372,56b8b1ec-3900-45bd-bdc7-3dc733a95ca0,diluted_weighted_average_shares,2025-03-31
3372,56b8b1ec-3900-45bd-bdc7-3dc733a95ca0,diluted_weighted_average_shares,2024-12-31
3372,56b8b1ec-3900-45bd-bdc7-3dc733a95ca0,diluted_weighted_average_shares,2024-09-30
3374,0a26370a-938f-460b-8cb2-55865979ef76,quarterly_revenue,2026-06-30
3374,0a26370a-938f-460b-8cb2-55865979ef76,quarterly_revenue,2026-03-31
3374,0a26370a-938f-460b-8cb2-55865979ef76,quarterly_revenue,2025-12-31
3374,0a26370a-938f-460b-8cb2-55865979ef76,quarterly_revenue,2025-09-30
3374,0a26370a-938f-460b-8cb2-55865979ef76,quarterly_revenue,2025-06-30
3374,0a26370a-938f-460b-8cb2-55865979ef76,quarterly_revenue,2025-03-31
3374,0a26370a-938f-460b-8cb2-55865979ef76,quarterly_revenue,2024-12-31
3374,0a26370a-938f-460b-8cb2-55865979ef76,quarterly_revenue,2024-09-30
3374,0a26370a-938f-460b-8cb2-55865979ef76,quarterly_gross_profit,2026-06-30
3374,0a26370a-938f-460b-8cb2-55865979ef76,quarterly_gross_profit,2026-03-31
3374,0a26370a-938f-460b-8cb2-55865979ef76,quarterly_gross_profit,2025-12-31
3374,0a26370a-938f-460b-8cb2-55865979ef76,quarterly_gross_profit,2025-09-30
3374,0a26370a-938f-460b-8cb2-55865979ef76,quarterly_gross_profit,2025-06-30
3374,0a26370a-938f-460b-8cb2-55865979ef76,quarterly_gross_profit,2025-03-31
3374,0a26370a-938f-460b-8cb2-55865979ef76,quarterly_gross_profit,2024-12-31
3374,0a26370a-938f-460b-8cb2-55865979ef76,quarterly_gross_profit,2024-09-30
3374,0a26370a-938f-460b-8cb2-55865979ef76,quarterly_operating_income,2026-06-30
3374,0a26370a-938f-460b-8cb2-55865979ef76,quarterly_operating_income,2026-03-31
3374,0a26370a-938f-460b-8cb2-55865979ef76,quarterly_operating_income,2025-12-31
3374,0a26370a-938f-460b-8cb2-55865979ef76,quarterly_operating_income,2025-09-30
3374,0a26370a-938f-460b-8cb2-55865979ef76,quarterly_operating_income,2025-06-30
3374,0a26370a-938f-460b-8cb2-55865979ef76,quarterly_operating_income,2025-03-31
3374,0a26370a-938f-460b-8cb2-55865979ef76,quarterly_operating_income,2024-12-31
3374,0a26370a-938f-460b-8cb2-55865979ef76,quarterly_operating_income,2024-09-30
3374,0a26370a-938f-460b-8cb2-55865979ef76,quarterly_net_income_attributable_to_common,2026-06-30
3374,0a26370a-938f-460b-8cb2-55865979ef76,quarterly_net_income_attributable_to_common,2026-03-31
3374,0a26370a-938f-460b-8cb2-55865979ef76,quarterly_net_income_attributable_to_common,2025-12-31
3374,0a26370a-938f-460b-8cb2-55865979ef76,quarterly_net_income_attributable_to_common,2025-09-30
3374,0a26370a-938f-460b-8cb2-55865979ef76,quarterly_net_income_attributable_to_common,2025-06-30
3374,0a26370a-938f-460b-8cb2-55865979ef76,quarterly_net_income_attributable_to_common,2025-03-31
3374,0a26370a-938f-460b-8cb2-55865979ef76,quarterly_net_income_attributable_to_common,2024-12-31
3374,0a26370a-938f-460b-8cb2-55865979ef76,quarterly_net_income_attributable_to_common,2024-09-30
3374,0a26370a-938f-460b-8cb2-55865979ef76,quarterly_diluted_eps,2026-06-30
3374,0a26370a-938f-460b-8cb2-55865979ef76,quarterly_diluted_eps,2026-03-31
3374,0a26370a-938f-460b-8cb2-55865979ef76,quarterly_diluted_eps,2025-12-31
3374,0a26370a-938f-460b-8cb2-55865979ef76,quarterly_diluted_eps,2025-09-30
3374,0a26370a-938f-460b-8cb2-55865979ef76,quarterly_diluted_eps,2025-06-30
3374,0a26370a-938f-460b-8cb2-55865979ef76,quarterly_diluted_eps,2025-03-31
3374,0a26370a-938f-460b-8cb2-55865979ef76,quarterly_diluted_eps,2024-12-31
3374,0a26370a-938f-460b-8cb2-55865979ef76,quarterly_diluted_eps,2024-09-30
3374,0a26370a-938f-460b-8cb2-55865979ef76,diluted_weighted_average_shares,2026-06-30
3374,0a26370a-938f-460b-8cb2-55865979ef76,diluted_weighted_average_shares,2026-03-31
3374,0a26370a-938f-460b-8cb2-55865979ef76,diluted_weighted_average_shares,2025-12-31
3374,0a26370a-938f-460b-8cb2-55865979ef76,diluted_weighted_average_shares,2025-09-30
3374,0a26370a-938f-460b-8cb2-55865979ef76,diluted_weighted_average_shares,2025-06-30
3374,0a26370a-938f-460b-8cb2-55865979ef76,diluted_weighted_average_shares,2025-03-31
3374,0a26370a-938f-460b-8cb2-55865979ef76,diluted_weighted_average_shares,2024-12-31
3374,0a26370a-938f-460b-8cb2-55865979ef76,diluted_weighted_average_shares,2024-09-30
3376,3df22774-6aec-4fd5-84a1-3e0293f3622b,quarterly_revenue,2026-06-30
3376,3df22774-6aec-4fd5-84a1-3e0293f3622b,quarterly_revenue,2026-03-31
3376,3df22774-6aec-4fd5-84a1-3e0293f3622b,quarterly_revenue,2025-12-31
3376,3df22774-6aec-4fd5-84a1-3e0293f3622b,quarterly_revenue,2025-09-30
3376,3df22774-6aec-4fd5-84a1-3e0293f3622b,quarterly_revenue,2025-06-30
3376,3df22774-6aec-4fd5-84a1-3e0293f3622b,quarterly_revenue,2025-03-31
3376,3df22774-6aec-4fd5-84a1-3e0293f3622b,quarterly_revenue,2024-12-31
3376,3df22774-6aec-4fd5-84a1-3e0293f3622b,quarterly_revenue,2024-09-30
3376,3df22774-6aec-4fd5-84a1-3e0293f3622b,quarterly_gross_profit,2026-06-30
3376,3df22774-6aec-4fd5-84a1-3e0293f3622b,quarterly_gross_profit,2026-03-31
3376,3df22774-6aec-4fd5-84a1-3e0293f3622b,quarterly_gross_profit,2025-12-31
3376,3df22774-6aec-4fd5-84a1-3e0293f3622b,quarterly_gross_profit,2025-09-30
3376,3df22774-6aec-4fd5-84a1-3e0293f3622b,quarterly_gross_profit,2025-06-30
3376,3df22774-6aec-4fd5-84a1-3e0293f3622b,quarterly_gross_profit,2025-03-31
3376,3df22774-6aec-4fd5-84a1-3e0293f3622b,quarterly_gross_profit,2024-12-31
3376,3df22774-6aec-4fd5-84a1-3e0293f3622b,quarterly_gross_profit,2024-09-30
3376,3df22774-6aec-4fd5-84a1-3e0293f3622b,quarterly_operating_income,2026-06-30
3376,3df22774-6aec-4fd5-84a1-3e0293f3622b,quarterly_operating_income,2026-03-31
3376,3df22774-6aec-4fd5-84a1-3e0293f3622b,quarterly_operating_income,2025-12-31
3376,3df22774-6aec-4fd5-84a1-3e0293f3622b,quarterly_operating_income,2025-09-30
3376,3df22774-6aec-4fd5-84a1-3e0293f3622b,quarterly_operating_income,2025-06-30
3376,3df22774-6aec-4fd5-84a1-3e0293f3622b,quarterly_operating_income,2025-03-31
3376,3df22774-6aec-4fd5-84a1-3e0293f3622b,quarterly_operating_income,2024-12-31
3376,3df22774-6aec-4fd5-84a1-3e0293f3622b,quarterly_operating_income,2024-09-30
3376,3df22774-6aec-4fd5-84a1-3e0293f3622b,quarterly_net_income_attributable_to_common,2026-06-30
3376,3df22774-6aec-4fd5-84a1-3e0293f3622b,quarterly_net_income_attributable_to_common,2026-03-31
3376,3df22774-6aec-4fd5-84a1-3e0293f3622b,quarterly_net_income_attributable_to_common,2025-12-31
3376,3df22774-6aec-4fd5-84a1-3e0293f3622b,quarterly_net_income_attributable_to_common,2025-09-30
3376,3df22774-6aec-4fd5-84a1-3e0293f3622b,quarterly_net_income_attributable_to_common,2025-06-30
3376,3df22774-6aec-4fd5-84a1-3e0293f3622b,quarterly_net_income_attributable_to_common,2025-03-31
3376,3df22774-6aec-4fd5-84a1-3e0293f3622b,quarterly_net_income_attributable_to_common,2024-12-31
3376,3df22774-6aec-4fd5-84a1-3e0293f3622b,quarterly_net_income_attributable_to_common,2024-09-30
3376,3df22774-6aec-4fd5-84a1-3e0293f3622b,quarterly_diluted_eps,2026-06-30
3376,3df22774-6aec-4fd5-84a1-3e0293f3622b,quarterly_diluted_eps,2026-03-31
3376,3df22774-6aec-4fd5-84a1-3e0293f3622b,quarterly_diluted_eps,2025-12-31
3376,3df22774-6aec-4fd5-84a1-3e0293f3622b,quarterly_diluted_eps,2025-09-30
3376,3df22774-6aec-4fd5-84a1-3e0293f3622b,quarterly_diluted_eps,2025-06-30
3376,3df22774-6aec-4fd5-84a1-3e0293f3622b,quarterly_diluted_eps,2025-03-31
3376,3df22774-6aec-4fd5-84a1-3e0293f3622b,quarterly_diluted_eps,2024-12-31
3376,3df22774-6aec-4fd5-84a1-3e0293f3622b,quarterly_diluted_eps,2024-09-30
3376,3df22774-6aec-4fd5-84a1-3e0293f3622b,diluted_weighted_average_shares,2026-06-30
3376,3df22774-6aec-4fd5-84a1-3e0293f3622b,diluted_weighted_average_shares,2026-03-31
3376,3df22774-6aec-4fd5-84a1-3e0293f3622b,diluted_weighted_average_shares,2025-12-31
3376,3df22774-6aec-4fd5-84a1-3e0293f3622b,diluted_weighted_average_shares,2025-09-30
3376,3df22774-6aec-4fd5-84a1-3e0293f3622b,diluted_weighted_average_shares,2025-06-30
3376,3df22774-6aec-4fd5-84a1-3e0293f3622b,diluted_weighted_average_shares,2025-03-31
3376,3df22774-6aec-4fd5-84a1-3e0293f3622b,diluted_weighted_average_shares,2024-12-31
3376,3df22774-6aec-4fd5-84a1-3e0293f3622b,diluted_weighted_average_shares,2024-09-30
3430,99e4089a-19e8-4955-a54d-fb09a007db5d,quarterly_revenue,2026-06-30
3430,99e4089a-19e8-4955-a54d-fb09a007db5d,quarterly_revenue,2026-03-31
3430,99e4089a-19e8-4955-a54d-fb09a007db5d,quarterly_revenue,2025-12-31
3430,99e4089a-19e8-4955-a54d-fb09a007db5d,quarterly_revenue,2025-09-30
3430,99e4089a-19e8-4955-a54d-fb09a007db5d,quarterly_revenue,2025-06-30
3430,99e4089a-19e8-4955-a54d-fb09a007db5d,quarterly_revenue,2025-03-31
3430,99e4089a-19e8-4955-a54d-fb09a007db5d,quarterly_revenue,2024-12-31
3430,99e4089a-19e8-4955-a54d-fb09a007db5d,quarterly_revenue,2024-09-30
3430,99e4089a-19e8-4955-a54d-fb09a007db5d,quarterly_revenue,2024-06-30
3430,99e4089a-19e8-4955-a54d-fb09a007db5d,quarterly_revenue,2024-03-31
3430,99e4089a-19e8-4955-a54d-fb09a007db5d,quarterly_revenue,2023-12-31
3430,99e4089a-19e8-4955-a54d-fb09a007db5d,quarterly_revenue,2023-09-30
3430,99e4089a-19e8-4955-a54d-fb09a007db5d,quarterly_revenue,2023-06-30
3430,99e4089a-19e8-4955-a54d-fb09a007db5d,quarterly_revenue,2023-03-31
3430,99e4089a-19e8-4955-a54d-fb09a007db5d,quarterly_revenue,2022-12-31
3430,99e4089a-19e8-4955-a54d-fb09a007db5d,quarterly_revenue,2022-09-30
3430,99e4089a-19e8-4955-a54d-fb09a007db5d,quarterly_revenue,2022-06-30
3430,99e4089a-19e8-4955-a54d-fb09a007db5d,quarterly_revenue,2022-03-31
3430,99e4089a-19e8-4955-a54d-fb09a007db5d,quarterly_revenue,2021-12-31
3430,99e4089a-19e8-4955-a54d-fb09a007db5d,quarterly_revenue,2021-09-30
3430,99e4089a-19e8-4955-a54d-fb09a007db5d,quarterly_gross_profit,2026-06-30
3430,99e4089a-19e8-4955-a54d-fb09a007db5d,quarterly_gross_profit,2026-03-31
3430,99e4089a-19e8-4955-a54d-fb09a007db5d,quarterly_gross_profit,2025-12-31
3430,99e4089a-19e8-4955-a54d-fb09a007db5d,quarterly_gross_profit,2025-09-30
3430,99e4089a-19e8-4955-a54d-fb09a007db5d,quarterly_gross_profit,2025-06-30
3430,99e4089a-19e8-4955-a54d-fb09a007db5d,quarterly_gross_profit,2025-03-31
3430,99e4089a-19e8-4955-a54d-fb09a007db5d,quarterly_gross_profit,2024-12-31
3430,99e4089a-19e8-4955-a54d-fb09a007db5d,quarterly_gross_profit,2024-09-30
3430,99e4089a-19e8-4955-a54d-fb09a007db5d,quarterly_gross_profit,2024-06-30
3430,99e4089a-19e8-4955-a54d-fb09a007db5d,quarterly_gross_profit,2024-03-31
3430,99e4089a-19e8-4955-a54d-fb09a007db5d,quarterly_gross_profit,2023-12-31
3430,99e4089a-19e8-4955-a54d-fb09a007db5d,quarterly_gross_profit,2023-09-30
3430,99e4089a-19e8-4955-a54d-fb09a007db5d,quarterly_gross_profit,2023-06-30
3430,99e4089a-19e8-4955-a54d-fb09a007db5d,quarterly_gross_profit,2023-03-31
3430,99e4089a-19e8-4955-a54d-fb09a007db5d,quarterly_gross_profit,2022-12-31
3430,99e4089a-19e8-4955-a54d-fb09a007db5d,quarterly_gross_profit,2022-09-30
3430,99e4089a-19e8-4955-a54d-fb09a007db5d,quarterly_gross_profit,2022-06-30
3430,99e4089a-19e8-4955-a54d-fb09a007db5d,quarterly_gross_profit,2022-03-31
3430,99e4089a-19e8-4955-a54d-fb09a007db5d,quarterly_gross_profit,2021-12-31
3430,99e4089a-19e8-4955-a54d-fb09a007db5d,quarterly_gross_profit,2021-09-30
3430,99e4089a-19e8-4955-a54d-fb09a007db5d,quarterly_operating_income,2026-06-30
3430,99e4089a-19e8-4955-a54d-fb09a007db5d,quarterly_operating_income,2026-03-31
3430,99e4089a-19e8-4955-a54d-fb09a007db5d,quarterly_operating_income,2025-12-31
3430,99e4089a-19e8-4955-a54d-fb09a007db5d,quarterly_operating_income,2025-09-30
3430,99e4089a-19e8-4955-a54d-fb09a007db5d,quarterly_operating_income,2025-06-30
3430,99e4089a-19e8-4955-a54d-fb09a007db5d,quarterly_operating_income,2025-03-31
3430,99e4089a-19e8-4955-a54d-fb09a007db5d,quarterly_operating_income,2024-12-31
3430,99e4089a-19e8-4955-a54d-fb09a007db5d,quarterly_operating_income,2024-09-30
3430,99e4089a-19e8-4955-a54d-fb09a007db5d,quarterly_operating_income,2024-06-30
3430,99e4089a-19e8-4955-a54d-fb09a007db5d,quarterly_operating_income,2024-03-31
3430,99e4089a-19e8-4955-a54d-fb09a007db5d,quarterly_operating_income,2023-12-31
3430,99e4089a-19e8-4955-a54d-fb09a007db5d,quarterly_operating_income,2023-09-30
3430,99e4089a-19e8-4955-a54d-fb09a007db5d,quarterly_operating_income,2023-06-30
3430,99e4089a-19e8-4955-a54d-fb09a007db5d,quarterly_operating_income,2023-03-31
3430,99e4089a-19e8-4955-a54d-fb09a007db5d,quarterly_operating_income,2022-12-31
3430,99e4089a-19e8-4955-a54d-fb09a007db5d,quarterly_operating_income,2022-09-30
3430,99e4089a-19e8-4955-a54d-fb09a007db5d,quarterly_operating_income,2022-06-30
3430,99e4089a-19e8-4955-a54d-fb09a007db5d,quarterly_operating_income,2022-03-31
3430,99e4089a-19e8-4955-a54d-fb09a007db5d,quarterly_operating_income,2021-12-31
3430,99e4089a-19e8-4955-a54d-fb09a007db5d,quarterly_operating_income,2021-09-30
3430,99e4089a-19e8-4955-a54d-fb09a007db5d,quarterly_net_income_attributable_to_common,2026-06-30
3430,99e4089a-19e8-4955-a54d-fb09a007db5d,quarterly_net_income_attributable_to_common,2026-03-31
3430,99e4089a-19e8-4955-a54d-fb09a007db5d,quarterly_net_income_attributable_to_common,2025-12-31
3430,99e4089a-19e8-4955-a54d-fb09a007db5d,quarterly_net_income_attributable_to_common,2025-09-30
3430,99e4089a-19e8-4955-a54d-fb09a007db5d,quarterly_net_income_attributable_to_common,2025-06-30
3430,99e4089a-19e8-4955-a54d-fb09a007db5d,quarterly_net_income_attributable_to_common,2025-03-31
3430,99e4089a-19e8-4955-a54d-fb09a007db5d,quarterly_net_income_attributable_to_common,2024-12-31
3430,99e4089a-19e8-4955-a54d-fb09a007db5d,quarterly_net_income_attributable_to_common,2024-09-30
3430,99e4089a-19e8-4955-a54d-fb09a007db5d,quarterly_net_income_attributable_to_common,2024-06-30
3430,99e4089a-19e8-4955-a54d-fb09a007db5d,quarterly_net_income_attributable_to_common,2024-03-31
3430,99e4089a-19e8-4955-a54d-fb09a007db5d,quarterly_net_income_attributable_to_common,2023-12-31
3430,99e4089a-19e8-4955-a54d-fb09a007db5d,quarterly_net_income_attributable_to_common,2023-09-30
3430,99e4089a-19e8-4955-a54d-fb09a007db5d,quarterly_net_income_attributable_to_common,2023-06-30
3430,99e4089a-19e8-4955-a54d-fb09a007db5d,quarterly_net_income_attributable_to_common,2023-03-31
3430,99e4089a-19e8-4955-a54d-fb09a007db5d,quarterly_net_income_attributable_to_common,2022-12-31
3430,99e4089a-19e8-4955-a54d-fb09a007db5d,quarterly_net_income_attributable_to_common,2022-09-30
3430,99e4089a-19e8-4955-a54d-fb09a007db5d,quarterly_net_income_attributable_to_common,2022-06-30
3430,99e4089a-19e8-4955-a54d-fb09a007db5d,quarterly_net_income_attributable_to_common,2022-03-31
3430,99e4089a-19e8-4955-a54d-fb09a007db5d,quarterly_net_income_attributable_to_common,2021-12-31
3430,99e4089a-19e8-4955-a54d-fb09a007db5d,quarterly_net_income_attributable_to_common,2021-09-30
3430,99e4089a-19e8-4955-a54d-fb09a007db5d,quarterly_diluted_eps,2026-06-30
3430,99e4089a-19e8-4955-a54d-fb09a007db5d,quarterly_diluted_eps,2026-03-31
3430,99e4089a-19e8-4955-a54d-fb09a007db5d,quarterly_diluted_eps,2025-12-31
3430,99e4089a-19e8-4955-a54d-fb09a007db5d,quarterly_diluted_eps,2025-09-30
3430,99e4089a-19e8-4955-a54d-fb09a007db5d,quarterly_diluted_eps,2025-06-30
3430,99e4089a-19e8-4955-a54d-fb09a007db5d,quarterly_diluted_eps,2025-03-31
3430,99e4089a-19e8-4955-a54d-fb09a007db5d,quarterly_diluted_eps,2024-12-31
3430,99e4089a-19e8-4955-a54d-fb09a007db5d,quarterly_diluted_eps,2024-09-30
3430,99e4089a-19e8-4955-a54d-fb09a007db5d,quarterly_diluted_eps,2024-06-30
3430,99e4089a-19e8-4955-a54d-fb09a007db5d,quarterly_diluted_eps,2024-03-31
3430,99e4089a-19e8-4955-a54d-fb09a007db5d,quarterly_diluted_eps,2023-12-31
3430,99e4089a-19e8-4955-a54d-fb09a007db5d,quarterly_diluted_eps,2023-09-30
3430,99e4089a-19e8-4955-a54d-fb09a007db5d,quarterly_diluted_eps,2023-06-30
3430,99e4089a-19e8-4955-a54d-fb09a007db5d,quarterly_diluted_eps,2023-03-31
3430,99e4089a-19e8-4955-a54d-fb09a007db5d,quarterly_diluted_eps,2022-12-31
3430,99e4089a-19e8-4955-a54d-fb09a007db5d,quarterly_diluted_eps,2022-09-30
3430,99e4089a-19e8-4955-a54d-fb09a007db5d,quarterly_diluted_eps,2022-06-30
3430,99e4089a-19e8-4955-a54d-fb09a007db5d,quarterly_diluted_eps,2022-03-31
3430,99e4089a-19e8-4955-a54d-fb09a007db5d,quarterly_diluted_eps,2021-12-31
3430,99e4089a-19e8-4955-a54d-fb09a007db5d,quarterly_diluted_eps,2021-09-30
3430,99e4089a-19e8-4955-a54d-fb09a007db5d,diluted_weighted_average_shares,2026-06-30
3430,99e4089a-19e8-4955-a54d-fb09a007db5d,diluted_weighted_average_shares,2026-03-31
3430,99e4089a-19e8-4955-a54d-fb09a007db5d,diluted_weighted_average_shares,2025-12-31
3430,99e4089a-19e8-4955-a54d-fb09a007db5d,diluted_weighted_average_shares,2025-09-30
3430,99e4089a-19e8-4955-a54d-fb09a007db5d,diluted_weighted_average_shares,2025-06-30
3430,99e4089a-19e8-4955-a54d-fb09a007db5d,diluted_weighted_average_shares,2025-03-31
3430,99e4089a-19e8-4955-a54d-fb09a007db5d,diluted_weighted_average_shares,2024-12-31
3430,99e4089a-19e8-4955-a54d-fb09a007db5d,diluted_weighted_average_shares,2024-09-30
3430,99e4089a-19e8-4955-a54d-fb09a007db5d,diluted_weighted_average_shares,2024-06-30
3430,99e4089a-19e8-4955-a54d-fb09a007db5d,diluted_weighted_average_shares,2024-03-31
3430,99e4089a-19e8-4955-a54d-fb09a007db5d,diluted_weighted_average_shares,2023-12-31
3430,99e4089a-19e8-4955-a54d-fb09a007db5d,diluted_weighted_average_shares,2023-09-30
3430,99e4089a-19e8-4955-a54d-fb09a007db5d,diluted_weighted_average_shares,2023-06-30
3430,99e4089a-19e8-4955-a54d-fb09a007db5d,diluted_weighted_average_shares,2023-03-31
3430,99e4089a-19e8-4955-a54d-fb09a007db5d,diluted_weighted_average_shares,2022-12-31
3430,99e4089a-19e8-4955-a54d-fb09a007db5d,diluted_weighted_average_shares,2022-09-30
3430,99e4089a-19e8-4955-a54d-fb09a007db5d,diluted_weighted_average_shares,2022-06-30
3430,99e4089a-19e8-4955-a54d-fb09a007db5d,diluted_weighted_average_shares,2022-03-31
3430,99e4089a-19e8-4955-a54d-fb09a007db5d,diluted_weighted_average_shares,2021-12-31
3430,99e4089a-19e8-4955-a54d-fb09a007db5d,diluted_weighted_average_shares,2021-09-30
3441,bd2ba6f0-043f-4e0b-82ea-000d064e8cb1,quarterly_revenue,2026-06-30
3441,bd2ba6f0-043f-4e0b-82ea-000d064e8cb1,quarterly_revenue,2026-03-31
3441,bd2ba6f0-043f-4e0b-82ea-000d064e8cb1,quarterly_revenue,2025-12-31
3441,bd2ba6f0-043f-4e0b-82ea-000d064e8cb1,quarterly_revenue,2025-09-30
3441,bd2ba6f0-043f-4e0b-82ea-000d064e8cb1,quarterly_revenue,2025-06-30
3441,bd2ba6f0-043f-4e0b-82ea-000d064e8cb1,quarterly_revenue,2025-03-31
3441,bd2ba6f0-043f-4e0b-82ea-000d064e8cb1,quarterly_revenue,2024-12-31
3441,bd2ba6f0-043f-4e0b-82ea-000d064e8cb1,quarterly_revenue,2024-09-30
3441,bd2ba6f0-043f-4e0b-82ea-000d064e8cb1,quarterly_gross_profit,2026-06-30
3441,bd2ba6f0-043f-4e0b-82ea-000d064e8cb1,quarterly_gross_profit,2026-03-31
3441,bd2ba6f0-043f-4e0b-82ea-000d064e8cb1,quarterly_gross_profit,2025-12-31
3441,bd2ba6f0-043f-4e0b-82ea-000d064e8cb1,quarterly_gross_profit,2025-09-30
3441,bd2ba6f0-043f-4e0b-82ea-000d064e8cb1,quarterly_gross_profit,2025-06-30
3441,bd2ba6f0-043f-4e0b-82ea-000d064e8cb1,quarterly_gross_profit,2025-03-31
3441,bd2ba6f0-043f-4e0b-82ea-000d064e8cb1,quarterly_gross_profit,2024-12-31
3441,bd2ba6f0-043f-4e0b-82ea-000d064e8cb1,quarterly_gross_profit,2024-09-30
3441,bd2ba6f0-043f-4e0b-82ea-000d064e8cb1,quarterly_operating_income,2026-06-30
3441,bd2ba6f0-043f-4e0b-82ea-000d064e8cb1,quarterly_operating_income,2026-03-31
3441,bd2ba6f0-043f-4e0b-82ea-000d064e8cb1,quarterly_operating_income,2025-12-31
3441,bd2ba6f0-043f-4e0b-82ea-000d064e8cb1,quarterly_operating_income,2025-09-30
3441,bd2ba6f0-043f-4e0b-82ea-000d064e8cb1,quarterly_operating_income,2025-06-30
3441,bd2ba6f0-043f-4e0b-82ea-000d064e8cb1,quarterly_operating_income,2025-03-31
3441,bd2ba6f0-043f-4e0b-82ea-000d064e8cb1,quarterly_operating_income,2024-12-31
3441,bd2ba6f0-043f-4e0b-82ea-000d064e8cb1,quarterly_operating_income,2024-09-30
3441,bd2ba6f0-043f-4e0b-82ea-000d064e8cb1,quarterly_net_income_attributable_to_common,2026-06-30
3441,bd2ba6f0-043f-4e0b-82ea-000d064e8cb1,quarterly_net_income_attributable_to_common,2026-03-31
3441,bd2ba6f0-043f-4e0b-82ea-000d064e8cb1,quarterly_net_income_attributable_to_common,2025-12-31
3441,bd2ba6f0-043f-4e0b-82ea-000d064e8cb1,quarterly_net_income_attributable_to_common,2025-09-30
3441,bd2ba6f0-043f-4e0b-82ea-000d064e8cb1,quarterly_net_income_attributable_to_common,2025-06-30
3441,bd2ba6f0-043f-4e0b-82ea-000d064e8cb1,quarterly_net_income_attributable_to_common,2025-03-31
3441,bd2ba6f0-043f-4e0b-82ea-000d064e8cb1,quarterly_net_income_attributable_to_common,2024-12-31
3441,bd2ba6f0-043f-4e0b-82ea-000d064e8cb1,quarterly_net_income_attributable_to_common,2024-09-30
3441,bd2ba6f0-043f-4e0b-82ea-000d064e8cb1,quarterly_diluted_eps,2026-06-30
3441,bd2ba6f0-043f-4e0b-82ea-000d064e8cb1,quarterly_diluted_eps,2026-03-31
3441,bd2ba6f0-043f-4e0b-82ea-000d064e8cb1,quarterly_diluted_eps,2025-12-31
3441,bd2ba6f0-043f-4e0b-82ea-000d064e8cb1,quarterly_diluted_eps,2025-09-30
3441,bd2ba6f0-043f-4e0b-82ea-000d064e8cb1,quarterly_diluted_eps,2025-06-30
3441,bd2ba6f0-043f-4e0b-82ea-000d064e8cb1,quarterly_diluted_eps,2025-03-31
3441,bd2ba6f0-043f-4e0b-82ea-000d064e8cb1,quarterly_diluted_eps,2024-12-31
3441,bd2ba6f0-043f-4e0b-82ea-000d064e8cb1,quarterly_diluted_eps,2024-09-30
3441,bd2ba6f0-043f-4e0b-82ea-000d064e8cb1,diluted_weighted_average_shares,2026-06-30
3441,bd2ba6f0-043f-4e0b-82ea-000d064e8cb1,diluted_weighted_average_shares,2026-03-31
3441,bd2ba6f0-043f-4e0b-82ea-000d064e8cb1,diluted_weighted_average_shares,2025-12-31
3441,bd2ba6f0-043f-4e0b-82ea-000d064e8cb1,diluted_weighted_average_shares,2025-09-30
3441,bd2ba6f0-043f-4e0b-82ea-000d064e8cb1,diluted_weighted_average_shares,2025-06-30
3441,bd2ba6f0-043f-4e0b-82ea-000d064e8cb1,diluted_weighted_average_shares,2025-03-31
3441,bd2ba6f0-043f-4e0b-82ea-000d064e8cb1,diluted_weighted_average_shares,2024-12-31
3441,bd2ba6f0-043f-4e0b-82ea-000d064e8cb1,diluted_weighted_average_shares,2024-09-30
3443,ad84aec1-2ed4-48b9-b2b4-f0b0989dfc12,quarterly_revenue,2026-06-30
3443,ad84aec1-2ed4-48b9-b2b4-f0b0989dfc12,quarterly_revenue,2026-03-31
3443,ad84aec1-2ed4-48b9-b2b4-f0b0989dfc12,quarterly_revenue,2025-12-31
3443,ad84aec1-2ed4-48b9-b2b4-f0b0989dfc12,quarterly_revenue,2025-09-30
3443,ad84aec1-2ed4-48b9-b2b4-f0b0989dfc12,quarterly_revenue,2025-06-30
3443,ad84aec1-2ed4-48b9-b2b4-f0b0989dfc12,quarterly_revenue,2025-03-31
3443,ad84aec1-2ed4-48b9-b2b4-f0b0989dfc12,quarterly_revenue,2024-12-31
3443,ad84aec1-2ed4-48b9-b2b4-f0b0989dfc12,quarterly_revenue,2024-09-30
3443,ad84aec1-2ed4-48b9-b2b4-f0b0989dfc12,quarterly_gross_profit,2026-06-30
3443,ad84aec1-2ed4-48b9-b2b4-f0b0989dfc12,quarterly_gross_profit,2026-03-31
3443,ad84aec1-2ed4-48b9-b2b4-f0b0989dfc12,quarterly_gross_profit,2025-12-31
3443,ad84aec1-2ed4-48b9-b2b4-f0b0989dfc12,quarterly_gross_profit,2025-09-30
3443,ad84aec1-2ed4-48b9-b2b4-f0b0989dfc12,quarterly_gross_profit,2025-06-30
3443,ad84aec1-2ed4-48b9-b2b4-f0b0989dfc12,quarterly_gross_profit,2025-03-31
3443,ad84aec1-2ed4-48b9-b2b4-f0b0989dfc12,quarterly_gross_profit,2024-12-31
3443,ad84aec1-2ed4-48b9-b2b4-f0b0989dfc12,quarterly_gross_profit,2024-09-30
3443,ad84aec1-2ed4-48b9-b2b4-f0b0989dfc12,quarterly_operating_income,2026-06-30
3443,ad84aec1-2ed4-48b9-b2b4-f0b0989dfc12,quarterly_operating_income,2026-03-31
3443,ad84aec1-2ed4-48b9-b2b4-f0b0989dfc12,quarterly_operating_income,2025-12-31
3443,ad84aec1-2ed4-48b9-b2b4-f0b0989dfc12,quarterly_operating_income,2025-09-30
3443,ad84aec1-2ed4-48b9-b2b4-f0b0989dfc12,quarterly_operating_income,2025-06-30
3443,ad84aec1-2ed4-48b9-b2b4-f0b0989dfc12,quarterly_operating_income,2025-03-31
3443,ad84aec1-2ed4-48b9-b2b4-f0b0989dfc12,quarterly_operating_income,2024-12-31
3443,ad84aec1-2ed4-48b9-b2b4-f0b0989dfc12,quarterly_operating_income,2024-09-30
3443,ad84aec1-2ed4-48b9-b2b4-f0b0989dfc12,quarterly_net_income_attributable_to_common,2026-06-30
3443,ad84aec1-2ed4-48b9-b2b4-f0b0989dfc12,quarterly_net_income_attributable_to_common,2026-03-31
3443,ad84aec1-2ed4-48b9-b2b4-f0b0989dfc12,quarterly_net_income_attributable_to_common,2025-12-31
3443,ad84aec1-2ed4-48b9-b2b4-f0b0989dfc12,quarterly_net_income_attributable_to_common,2025-09-30
3443,ad84aec1-2ed4-48b9-b2b4-f0b0989dfc12,quarterly_net_income_attributable_to_common,2025-06-30
3443,ad84aec1-2ed4-48b9-b2b4-f0b0989dfc12,quarterly_net_income_attributable_to_common,2025-03-31
3443,ad84aec1-2ed4-48b9-b2b4-f0b0989dfc12,quarterly_net_income_attributable_to_common,2024-12-31
3443,ad84aec1-2ed4-48b9-b2b4-f0b0989dfc12,quarterly_net_income_attributable_to_common,2024-09-30
3443,ad84aec1-2ed4-48b9-b2b4-f0b0989dfc12,quarterly_diluted_eps,2026-06-30
3443,ad84aec1-2ed4-48b9-b2b4-f0b0989dfc12,quarterly_diluted_eps,2026-03-31
3443,ad84aec1-2ed4-48b9-b2b4-f0b0989dfc12,quarterly_diluted_eps,2025-12-31
3443,ad84aec1-2ed4-48b9-b2b4-f0b0989dfc12,quarterly_diluted_eps,2025-09-30
3443,ad84aec1-2ed4-48b9-b2b4-f0b0989dfc12,quarterly_diluted_eps,2025-06-30
3443,ad84aec1-2ed4-48b9-b2b4-f0b0989dfc12,quarterly_diluted_eps,2025-03-31
3443,ad84aec1-2ed4-48b9-b2b4-f0b0989dfc12,quarterly_diluted_eps,2024-12-31
3443,ad84aec1-2ed4-48b9-b2b4-f0b0989dfc12,quarterly_diluted_eps,2024-09-30
3443,ad84aec1-2ed4-48b9-b2b4-f0b0989dfc12,diluted_weighted_average_shares,2026-06-30
3443,ad84aec1-2ed4-48b9-b2b4-f0b0989dfc12,diluted_weighted_average_shares,2026-03-31
3443,ad84aec1-2ed4-48b9-b2b4-f0b0989dfc12,diluted_weighted_average_shares,2025-12-31
3443,ad84aec1-2ed4-48b9-b2b4-f0b0989dfc12,diluted_weighted_average_shares,2025-09-30
3443,ad84aec1-2ed4-48b9-b2b4-f0b0989dfc12,diluted_weighted_average_shares,2025-06-30
3443,ad84aec1-2ed4-48b9-b2b4-f0b0989dfc12,diluted_weighted_average_shares,2025-03-31
3443,ad84aec1-2ed4-48b9-b2b4-f0b0989dfc12,diluted_weighted_average_shares,2024-12-31
3443,ad84aec1-2ed4-48b9-b2b4-f0b0989dfc12,diluted_weighted_average_shares,2024-09-30
3450,21795cee-8191-4a19-9970-13fe9624276d,quarterly_revenue,2026-06-30
3450,21795cee-8191-4a19-9970-13fe9624276d,quarterly_revenue,2026-03-31
3450,21795cee-8191-4a19-9970-13fe9624276d,quarterly_revenue,2025-12-31
3450,21795cee-8191-4a19-9970-13fe9624276d,quarterly_revenue,2025-09-30
3450,21795cee-8191-4a19-9970-13fe9624276d,quarterly_revenue,2025-06-30
3450,21795cee-8191-4a19-9970-13fe9624276d,quarterly_revenue,2025-03-31
3450,21795cee-8191-4a19-9970-13fe9624276d,quarterly_revenue,2024-12-31
3450,21795cee-8191-4a19-9970-13fe9624276d,quarterly_revenue,2024-09-30
3450,21795cee-8191-4a19-9970-13fe9624276d,quarterly_gross_profit,2026-06-30
3450,21795cee-8191-4a19-9970-13fe9624276d,quarterly_gross_profit,2026-03-31
3450,21795cee-8191-4a19-9970-13fe9624276d,quarterly_gross_profit,2025-12-31
3450,21795cee-8191-4a19-9970-13fe9624276d,quarterly_gross_profit,2025-09-30
3450,21795cee-8191-4a19-9970-13fe9624276d,quarterly_gross_profit,2025-06-30
3450,21795cee-8191-4a19-9970-13fe9624276d,quarterly_gross_profit,2025-03-31
3450,21795cee-8191-4a19-9970-13fe9624276d,quarterly_gross_profit,2024-12-31
3450,21795cee-8191-4a19-9970-13fe9624276d,quarterly_gross_profit,2024-09-30
3450,21795cee-8191-4a19-9970-13fe9624276d,quarterly_operating_income,2026-06-30
3450,21795cee-8191-4a19-9970-13fe9624276d,quarterly_operating_income,2026-03-31
3450,21795cee-8191-4a19-9970-13fe9624276d,quarterly_operating_income,2025-12-31
3450,21795cee-8191-4a19-9970-13fe9624276d,quarterly_operating_income,2025-09-30
3450,21795cee-8191-4a19-9970-13fe9624276d,quarterly_operating_income,2025-06-30
3450,21795cee-8191-4a19-9970-13fe9624276d,quarterly_operating_income,2025-03-31
3450,21795cee-8191-4a19-9970-13fe9624276d,quarterly_operating_income,2024-12-31
3450,21795cee-8191-4a19-9970-13fe9624276d,quarterly_operating_income,2024-09-30
3450,21795cee-8191-4a19-9970-13fe9624276d,quarterly_net_income_attributable_to_common,2026-06-30
3450,21795cee-8191-4a19-9970-13fe9624276d,quarterly_net_income_attributable_to_common,2026-03-31
3450,21795cee-8191-4a19-9970-13fe9624276d,quarterly_net_income_attributable_to_common,2025-12-31
3450,21795cee-8191-4a19-9970-13fe9624276d,quarterly_net_income_attributable_to_common,2025-09-30
3450,21795cee-8191-4a19-9970-13fe9624276d,quarterly_net_income_attributable_to_common,2025-06-30
3450,21795cee-8191-4a19-9970-13fe9624276d,quarterly_net_income_attributable_to_common,2025-03-31
3450,21795cee-8191-4a19-9970-13fe9624276d,quarterly_net_income_attributable_to_common,2024-12-31
3450,21795cee-8191-4a19-9970-13fe9624276d,quarterly_net_income_attributable_to_common,2024-09-30
3450,21795cee-8191-4a19-9970-13fe9624276d,quarterly_diluted_eps,2026-06-30
3450,21795cee-8191-4a19-9970-13fe9624276d,quarterly_diluted_eps,2026-03-31
3450,21795cee-8191-4a19-9970-13fe9624276d,quarterly_diluted_eps,2025-12-31
3450,21795cee-8191-4a19-9970-13fe9624276d,quarterly_diluted_eps,2025-09-30
3450,21795cee-8191-4a19-9970-13fe9624276d,quarterly_diluted_eps,2025-06-30
3450,21795cee-8191-4a19-9970-13fe9624276d,quarterly_diluted_eps,2025-03-31
3450,21795cee-8191-4a19-9970-13fe9624276d,quarterly_diluted_eps,2024-12-31
3450,21795cee-8191-4a19-9970-13fe9624276d,quarterly_diluted_eps,2024-09-30
3450,21795cee-8191-4a19-9970-13fe9624276d,diluted_weighted_average_shares,2026-06-30
3450,21795cee-8191-4a19-9970-13fe9624276d,diluted_weighted_average_shares,2026-03-31
3450,21795cee-8191-4a19-9970-13fe9624276d,diluted_weighted_average_shares,2025-12-31
3450,21795cee-8191-4a19-9970-13fe9624276d,diluted_weighted_average_shares,2025-09-30
3450,21795cee-8191-4a19-9970-13fe9624276d,diluted_weighted_average_shares,2025-06-30
3450,21795cee-8191-4a19-9970-13fe9624276d,diluted_weighted_average_shares,2025-03-31
3450,21795cee-8191-4a19-9970-13fe9624276d,diluted_weighted_average_shares,2024-12-31
3450,21795cee-8191-4a19-9970-13fe9624276d,diluted_weighted_average_shares,2024-09-30
3467,0ea8f39e-9af8-455f-a253-e1fa03476f58,quarterly_revenue,2026-06-30
3467,0ea8f39e-9af8-455f-a253-e1fa03476f58,quarterly_revenue,2026-03-31
3467,0ea8f39e-9af8-455f-a253-e1fa03476f58,quarterly_revenue,2025-12-31
3467,0ea8f39e-9af8-455f-a253-e1fa03476f58,quarterly_revenue,2025-09-30
3467,0ea8f39e-9af8-455f-a253-e1fa03476f58,quarterly_revenue,2025-06-30
3467,0ea8f39e-9af8-455f-a253-e1fa03476f58,quarterly_revenue,2025-03-31
3467,0ea8f39e-9af8-455f-a253-e1fa03476f58,quarterly_revenue,2024-12-31
3467,0ea8f39e-9af8-455f-a253-e1fa03476f58,quarterly_revenue,2024-09-30
3467,0ea8f39e-9af8-455f-a253-e1fa03476f58,quarterly_gross_profit,2026-06-30
3467,0ea8f39e-9af8-455f-a253-e1fa03476f58,quarterly_gross_profit,2026-03-31
3467,0ea8f39e-9af8-455f-a253-e1fa03476f58,quarterly_gross_profit,2025-12-31
3467,0ea8f39e-9af8-455f-a253-e1fa03476f58,quarterly_gross_profit,2025-09-30
3467,0ea8f39e-9af8-455f-a253-e1fa03476f58,quarterly_gross_profit,2025-06-30
3467,0ea8f39e-9af8-455f-a253-e1fa03476f58,quarterly_gross_profit,2025-03-31
3467,0ea8f39e-9af8-455f-a253-e1fa03476f58,quarterly_gross_profit,2024-12-31
3467,0ea8f39e-9af8-455f-a253-e1fa03476f58,quarterly_gross_profit,2024-09-30
3467,0ea8f39e-9af8-455f-a253-e1fa03476f58,quarterly_operating_income,2026-06-30
3467,0ea8f39e-9af8-455f-a253-e1fa03476f58,quarterly_operating_income,2026-03-31
3467,0ea8f39e-9af8-455f-a253-e1fa03476f58,quarterly_operating_income,2025-12-31
3467,0ea8f39e-9af8-455f-a253-e1fa03476f58,quarterly_operating_income,2025-09-30
3467,0ea8f39e-9af8-455f-a253-e1fa03476f58,quarterly_operating_income,2025-06-30
3467,0ea8f39e-9af8-455f-a253-e1fa03476f58,quarterly_operating_income,2025-03-31
3467,0ea8f39e-9af8-455f-a253-e1fa03476f58,quarterly_operating_income,2024-12-31
3467,0ea8f39e-9af8-455f-a253-e1fa03476f58,quarterly_operating_income,2024-09-30
3467,0ea8f39e-9af8-455f-a253-e1fa03476f58,quarterly_net_income_attributable_to_common,2026-06-30
3467,0ea8f39e-9af8-455f-a253-e1fa03476f58,quarterly_net_income_attributable_to_common,2026-03-31
3467,0ea8f39e-9af8-455f-a253-e1fa03476f58,quarterly_net_income_attributable_to_common,2025-12-31
3467,0ea8f39e-9af8-455f-a253-e1fa03476f58,quarterly_net_income_attributable_to_common,2025-09-30
3467,0ea8f39e-9af8-455f-a253-e1fa03476f58,quarterly_net_income_attributable_to_common,2025-06-30
3467,0ea8f39e-9af8-455f-a253-e1fa03476f58,quarterly_net_income_attributable_to_common,2025-03-31
3467,0ea8f39e-9af8-455f-a253-e1fa03476f58,quarterly_net_income_attributable_to_common,2024-12-31
3467,0ea8f39e-9af8-455f-a253-e1fa03476f58,quarterly_net_income_attributable_to_common,2024-09-30
3467,0ea8f39e-9af8-455f-a253-e1fa03476f58,quarterly_diluted_eps,2026-06-30
3467,0ea8f39e-9af8-455f-a253-e1fa03476f58,quarterly_diluted_eps,2026-03-31
3467,0ea8f39e-9af8-455f-a253-e1fa03476f58,quarterly_diluted_eps,2025-12-31
3467,0ea8f39e-9af8-455f-a253-e1fa03476f58,quarterly_diluted_eps,2025-09-30
3467,0ea8f39e-9af8-455f-a253-e1fa03476f58,quarterly_diluted_eps,2025-06-30
3467,0ea8f39e-9af8-455f-a253-e1fa03476f58,quarterly_diluted_eps,2025-03-31
3467,0ea8f39e-9af8-455f-a253-e1fa03476f58,quarterly_diluted_eps,2024-12-31
3467,0ea8f39e-9af8-455f-a253-e1fa03476f58,quarterly_diluted_eps,2024-09-30
3467,0ea8f39e-9af8-455f-a253-e1fa03476f58,diluted_weighted_average_shares,2026-06-30
3467,0ea8f39e-9af8-455f-a253-e1fa03476f58,diluted_weighted_average_shares,2026-03-31
3467,0ea8f39e-9af8-455f-a253-e1fa03476f58,diluted_weighted_average_shares,2025-12-31
3467,0ea8f39e-9af8-455f-a253-e1fa03476f58,diluted_weighted_average_shares,2025-09-30
3467,0ea8f39e-9af8-455f-a253-e1fa03476f58,diluted_weighted_average_shares,2025-06-30
3467,0ea8f39e-9af8-455f-a253-e1fa03476f58,diluted_weighted_average_shares,2025-03-31
3467,0ea8f39e-9af8-455f-a253-e1fa03476f58,diluted_weighted_average_shares,2024-12-31
3467,0ea8f39e-9af8-455f-a253-e1fa03476f58,diluted_weighted_average_shares,2024-09-30
3481,8c5b30e7-d099-4ee0-b378-cc128a6f5f29,quarterly_revenue,2026-06-30
3481,8c5b30e7-d099-4ee0-b378-cc128a6f5f29,quarterly_revenue,2026-03-31
3481,8c5b30e7-d099-4ee0-b378-cc128a6f5f29,quarterly_revenue,2025-12-31
3481,8c5b30e7-d099-4ee0-b378-cc128a6f5f29,quarterly_revenue,2025-09-30
3481,8c5b30e7-d099-4ee0-b378-cc128a6f5f29,quarterly_revenue,2025-06-30
3481,8c5b30e7-d099-4ee0-b378-cc128a6f5f29,quarterly_revenue,2025-03-31
3481,8c5b30e7-d099-4ee0-b378-cc128a6f5f29,quarterly_revenue,2024-12-31
3481,8c5b30e7-d099-4ee0-b378-cc128a6f5f29,quarterly_revenue,2024-09-30
3481,8c5b30e7-d099-4ee0-b378-cc128a6f5f29,quarterly_gross_profit,2026-06-30
3481,8c5b30e7-d099-4ee0-b378-cc128a6f5f29,quarterly_gross_profit,2026-03-31
3481,8c5b30e7-d099-4ee0-b378-cc128a6f5f29,quarterly_gross_profit,2025-12-31
3481,8c5b30e7-d099-4ee0-b378-cc128a6f5f29,quarterly_gross_profit,2025-09-30
3481,8c5b30e7-d099-4ee0-b378-cc128a6f5f29,quarterly_gross_profit,2025-06-30
3481,8c5b30e7-d099-4ee0-b378-cc128a6f5f29,quarterly_gross_profit,2025-03-31
3481,8c5b30e7-d099-4ee0-b378-cc128a6f5f29,quarterly_gross_profit,2024-12-31
3481,8c5b30e7-d099-4ee0-b378-cc128a6f5f29,quarterly_gross_profit,2024-09-30
3481,8c5b30e7-d099-4ee0-b378-cc128a6f5f29,quarterly_operating_income,2026-06-30
3481,8c5b30e7-d099-4ee0-b378-cc128a6f5f29,quarterly_operating_income,2026-03-31
3481,8c5b30e7-d099-4ee0-b378-cc128a6f5f29,quarterly_operating_income,2025-12-31
3481,8c5b30e7-d099-4ee0-b378-cc128a6f5f29,quarterly_operating_income,2025-09-30
3481,8c5b30e7-d099-4ee0-b378-cc128a6f5f29,quarterly_operating_income,2025-06-30
3481,8c5b30e7-d099-4ee0-b378-cc128a6f5f29,quarterly_operating_income,2025-03-31
3481,8c5b30e7-d099-4ee0-b378-cc128a6f5f29,quarterly_operating_income,2024-12-31
3481,8c5b30e7-d099-4ee0-b378-cc128a6f5f29,quarterly_operating_income,2024-09-30
3481,8c5b30e7-d099-4ee0-b378-cc128a6f5f29,quarterly_net_income_attributable_to_common,2026-06-30
3481,8c5b30e7-d099-4ee0-b378-cc128a6f5f29,quarterly_net_income_attributable_to_common,2026-03-31
3481,8c5b30e7-d099-4ee0-b378-cc128a6f5f29,quarterly_net_income_attributable_to_common,2025-12-31
3481,8c5b30e7-d099-4ee0-b378-cc128a6f5f29,quarterly_net_income_attributable_to_common,2025-09-30
3481,8c5b30e7-d099-4ee0-b378-cc128a6f5f29,quarterly_net_income_attributable_to_common,2025-06-30
3481,8c5b30e7-d099-4ee0-b378-cc128a6f5f29,quarterly_net_income_attributable_to_common,2025-03-31
3481,8c5b30e7-d099-4ee0-b378-cc128a6f5f29,quarterly_net_income_attributable_to_common,2024-12-31
3481,8c5b30e7-d099-4ee0-b378-cc128a6f5f29,quarterly_net_income_attributable_to_common,2024-09-30
3481,8c5b30e7-d099-4ee0-b378-cc128a6f5f29,quarterly_diluted_eps,2026-06-30
3481,8c5b30e7-d099-4ee0-b378-cc128a6f5f29,quarterly_diluted_eps,2026-03-31
3481,8c5b30e7-d099-4ee0-b378-cc128a6f5f29,quarterly_diluted_eps,2025-12-31
3481,8c5b30e7-d099-4ee0-b378-cc128a6f5f29,quarterly_diluted_eps,2025-09-30
3481,8c5b30e7-d099-4ee0-b378-cc128a6f5f29,quarterly_diluted_eps,2025-06-30
3481,8c5b30e7-d099-4ee0-b378-cc128a6f5f29,quarterly_diluted_eps,2025-03-31
3481,8c5b30e7-d099-4ee0-b378-cc128a6f5f29,quarterly_diluted_eps,2024-12-31
3481,8c5b30e7-d099-4ee0-b378-cc128a6f5f29,quarterly_diluted_eps,2024-09-30
3481,8c5b30e7-d099-4ee0-b378-cc128a6f5f29,diluted_weighted_average_shares,2026-06-30
3481,8c5b30e7-d099-4ee0-b378-cc128a6f5f29,diluted_weighted_average_shares,2026-03-31
3481,8c5b30e7-d099-4ee0-b378-cc128a6f5f29,diluted_weighted_average_shares,2025-12-31
3481,8c5b30e7-d099-4ee0-b378-cc128a6f5f29,diluted_weighted_average_shares,2025-09-30
3481,8c5b30e7-d099-4ee0-b378-cc128a6f5f29,diluted_weighted_average_shares,2025-06-30
3481,8c5b30e7-d099-4ee0-b378-cc128a6f5f29,diluted_weighted_average_shares,2025-03-31
3481,8c5b30e7-d099-4ee0-b378-cc128a6f5f29,diluted_weighted_average_shares,2024-12-31
3481,8c5b30e7-d099-4ee0-b378-cc128a6f5f29,diluted_weighted_average_shares,2024-09-30
3529,524e39d3-1058-4ad6-9fe1-19bce7f3db5b,quarterly_revenue,2026-06-30
3529,524e39d3-1058-4ad6-9fe1-19bce7f3db5b,quarterly_revenue,2026-03-31
3529,524e39d3-1058-4ad6-9fe1-19bce7f3db5b,quarterly_revenue,2025-12-31
3529,524e39d3-1058-4ad6-9fe1-19bce7f3db5b,quarterly_revenue,2025-09-30
3529,524e39d3-1058-4ad6-9fe1-19bce7f3db5b,quarterly_revenue,2025-06-30
3529,524e39d3-1058-4ad6-9fe1-19bce7f3db5b,quarterly_revenue,2025-03-31
3529,524e39d3-1058-4ad6-9fe1-19bce7f3db5b,quarterly_revenue,2024-12-31
3529,524e39d3-1058-4ad6-9fe1-19bce7f3db5b,quarterly_revenue,2024-09-30
3529,524e39d3-1058-4ad6-9fe1-19bce7f3db5b,quarterly_gross_profit,2026-06-30
3529,524e39d3-1058-4ad6-9fe1-19bce7f3db5b,quarterly_gross_profit,2026-03-31
3529,524e39d3-1058-4ad6-9fe1-19bce7f3db5b,quarterly_gross_profit,2025-12-31
3529,524e39d3-1058-4ad6-9fe1-19bce7f3db5b,quarterly_gross_profit,2025-09-30
3529,524e39d3-1058-4ad6-9fe1-19bce7f3db5b,quarterly_gross_profit,2025-06-30
3529,524e39d3-1058-4ad6-9fe1-19bce7f3db5b,quarterly_gross_profit,2025-03-31
3529,524e39d3-1058-4ad6-9fe1-19bce7f3db5b,quarterly_gross_profit,2024-12-31
3529,524e39d3-1058-4ad6-9fe1-19bce7f3db5b,quarterly_gross_profit,2024-09-30
3529,524e39d3-1058-4ad6-9fe1-19bce7f3db5b,quarterly_operating_income,2026-06-30
3529,524e39d3-1058-4ad6-9fe1-19bce7f3db5b,quarterly_operating_income,2026-03-31
3529,524e39d3-1058-4ad6-9fe1-19bce7f3db5b,quarterly_operating_income,2025-12-31
3529,524e39d3-1058-4ad6-9fe1-19bce7f3db5b,quarterly_operating_income,2025-09-30
3529,524e39d3-1058-4ad6-9fe1-19bce7f3db5b,quarterly_operating_income,2025-06-30
3529,524e39d3-1058-4ad6-9fe1-19bce7f3db5b,quarterly_operating_income,2025-03-31
3529,524e39d3-1058-4ad6-9fe1-19bce7f3db5b,quarterly_operating_income,2024-12-31
3529,524e39d3-1058-4ad6-9fe1-19bce7f3db5b,quarterly_operating_income,2024-09-30
3529,524e39d3-1058-4ad6-9fe1-19bce7f3db5b,quarterly_net_income_attributable_to_common,2026-06-30
3529,524e39d3-1058-4ad6-9fe1-19bce7f3db5b,quarterly_net_income_attributable_to_common,2026-03-31
3529,524e39d3-1058-4ad6-9fe1-19bce7f3db5b,quarterly_net_income_attributable_to_common,2025-12-31
3529,524e39d3-1058-4ad6-9fe1-19bce7f3db5b,quarterly_net_income_attributable_to_common,2025-09-30
3529,524e39d3-1058-4ad6-9fe1-19bce7f3db5b,quarterly_net_income_attributable_to_common,2025-06-30
3529,524e39d3-1058-4ad6-9fe1-19bce7f3db5b,quarterly_net_income_attributable_to_common,2025-03-31
3529,524e39d3-1058-4ad6-9fe1-19bce7f3db5b,quarterly_net_income_attributable_to_common,2024-12-31
3529,524e39d3-1058-4ad6-9fe1-19bce7f3db5b,quarterly_net_income_attributable_to_common,2024-09-30
3529,524e39d3-1058-4ad6-9fe1-19bce7f3db5b,quarterly_diluted_eps,2026-06-30
3529,524e39d3-1058-4ad6-9fe1-19bce7f3db5b,quarterly_diluted_eps,2026-03-31
3529,524e39d3-1058-4ad6-9fe1-19bce7f3db5b,quarterly_diluted_eps,2025-12-31
3529,524e39d3-1058-4ad6-9fe1-19bce7f3db5b,quarterly_diluted_eps,2025-09-30
3529,524e39d3-1058-4ad6-9fe1-19bce7f3db5b,quarterly_diluted_eps,2025-06-30
3529,524e39d3-1058-4ad6-9fe1-19bce7f3db5b,quarterly_diluted_eps,2025-03-31
3529,524e39d3-1058-4ad6-9fe1-19bce7f3db5b,quarterly_diluted_eps,2024-12-31
3529,524e39d3-1058-4ad6-9fe1-19bce7f3db5b,quarterly_diluted_eps,2024-09-30
3529,524e39d3-1058-4ad6-9fe1-19bce7f3db5b,diluted_weighted_average_shares,2026-06-30
3529,524e39d3-1058-4ad6-9fe1-19bce7f3db5b,diluted_weighted_average_shares,2026-03-31
3529,524e39d3-1058-4ad6-9fe1-19bce7f3db5b,diluted_weighted_average_shares,2025-12-31
3529,524e39d3-1058-4ad6-9fe1-19bce7f3db5b,diluted_weighted_average_shares,2025-09-30
3529,524e39d3-1058-4ad6-9fe1-19bce7f3db5b,diluted_weighted_average_shares,2025-06-30
3529,524e39d3-1058-4ad6-9fe1-19bce7f3db5b,diluted_weighted_average_shares,2025-03-31
3529,524e39d3-1058-4ad6-9fe1-19bce7f3db5b,diluted_weighted_average_shares,2024-12-31
3529,524e39d3-1058-4ad6-9fe1-19bce7f3db5b,diluted_weighted_average_shares,2024-09-30
3532,0532b5a3-2498-4b11-94bb-343c70b3ca2a,quarterly_revenue,2026-06-30
3532,0532b5a3-2498-4b11-94bb-343c70b3ca2a,quarterly_revenue,2026-03-31
3532,0532b5a3-2498-4b11-94bb-343c70b3ca2a,quarterly_revenue,2025-12-31
3532,0532b5a3-2498-4b11-94bb-343c70b3ca2a,quarterly_revenue,2025-09-30
3532,0532b5a3-2498-4b11-94bb-343c70b3ca2a,quarterly_revenue,2025-06-30
3532,0532b5a3-2498-4b11-94bb-343c70b3ca2a,quarterly_revenue,2025-03-31
3532,0532b5a3-2498-4b11-94bb-343c70b3ca2a,quarterly_revenue,2024-12-31
3532,0532b5a3-2498-4b11-94bb-343c70b3ca2a,quarterly_revenue,2024-09-30
3532,0532b5a3-2498-4b11-94bb-343c70b3ca2a,quarterly_gross_profit,2026-06-30
3532,0532b5a3-2498-4b11-94bb-343c70b3ca2a,quarterly_gross_profit,2026-03-31
3532,0532b5a3-2498-4b11-94bb-343c70b3ca2a,quarterly_gross_profit,2025-12-31
3532,0532b5a3-2498-4b11-94bb-343c70b3ca2a,quarterly_gross_profit,2025-09-30
3532,0532b5a3-2498-4b11-94bb-343c70b3ca2a,quarterly_gross_profit,2025-06-30
3532,0532b5a3-2498-4b11-94bb-343c70b3ca2a,quarterly_gross_profit,2025-03-31
3532,0532b5a3-2498-4b11-94bb-343c70b3ca2a,quarterly_gross_profit,2024-12-31
3532,0532b5a3-2498-4b11-94bb-343c70b3ca2a,quarterly_gross_profit,2024-09-30
3532,0532b5a3-2498-4b11-94bb-343c70b3ca2a,quarterly_operating_income,2026-06-30
3532,0532b5a3-2498-4b11-94bb-343c70b3ca2a,quarterly_operating_income,2026-03-31
3532,0532b5a3-2498-4b11-94bb-343c70b3ca2a,quarterly_operating_income,2025-12-31
3532,0532b5a3-2498-4b11-94bb-343c70b3ca2a,quarterly_operating_income,2025-09-30
3532,0532b5a3-2498-4b11-94bb-343c70b3ca2a,quarterly_operating_income,2025-06-30
3532,0532b5a3-2498-4b11-94bb-343c70b3ca2a,quarterly_operating_income,2025-03-31
3532,0532b5a3-2498-4b11-94bb-343c70b3ca2a,quarterly_operating_income,2024-12-31
3532,0532b5a3-2498-4b11-94bb-343c70b3ca2a,quarterly_operating_income,2024-09-30
3532,0532b5a3-2498-4b11-94bb-343c70b3ca2a,quarterly_net_income_attributable_to_common,2026-06-30
3532,0532b5a3-2498-4b11-94bb-343c70b3ca2a,quarterly_net_income_attributable_to_common,2026-03-31
3532,0532b5a3-2498-4b11-94bb-343c70b3ca2a,quarterly_net_income_attributable_to_common,2025-12-31
3532,0532b5a3-2498-4b11-94bb-343c70b3ca2a,quarterly_net_income_attributable_to_common,2025-09-30
3532,0532b5a3-2498-4b11-94bb-343c70b3ca2a,quarterly_net_income_attributable_to_common,2025-06-30
3532,0532b5a3-2498-4b11-94bb-343c70b3ca2a,quarterly_net_income_attributable_to_common,2025-03-31
3532,0532b5a3-2498-4b11-94bb-343c70b3ca2a,quarterly_net_income_attributable_to_common,2024-12-31
3532,0532b5a3-2498-4b11-94bb-343c70b3ca2a,quarterly_net_income_attributable_to_common,2024-09-30
3532,0532b5a3-2498-4b11-94bb-343c70b3ca2a,quarterly_diluted_eps,2026-06-30
3532,0532b5a3-2498-4b11-94bb-343c70b3ca2a,quarterly_diluted_eps,2026-03-31
3532,0532b5a3-2498-4b11-94bb-343c70b3ca2a,quarterly_diluted_eps,2025-12-31
3532,0532b5a3-2498-4b11-94bb-343c70b3ca2a,quarterly_diluted_eps,2025-09-30
3532,0532b5a3-2498-4b11-94bb-343c70b3ca2a,quarterly_diluted_eps,2025-06-30
3532,0532b5a3-2498-4b11-94bb-343c70b3ca2a,quarterly_diluted_eps,2025-03-31
3532,0532b5a3-2498-4b11-94bb-343c70b3ca2a,quarterly_diluted_eps,2024-12-31
3532,0532b5a3-2498-4b11-94bb-343c70b3ca2a,quarterly_diluted_eps,2024-09-30
3532,0532b5a3-2498-4b11-94bb-343c70b3ca2a,diluted_weighted_average_shares,2026-06-30
3532,0532b5a3-2498-4b11-94bb-343c70b3ca2a,diluted_weighted_average_shares,2026-03-31
3532,0532b5a3-2498-4b11-94bb-343c70b3ca2a,diluted_weighted_average_shares,2025-12-31
3532,0532b5a3-2498-4b11-94bb-343c70b3ca2a,diluted_weighted_average_shares,2025-09-30
3532,0532b5a3-2498-4b11-94bb-343c70b3ca2a,diluted_weighted_average_shares,2025-06-30
3532,0532b5a3-2498-4b11-94bb-343c70b3ca2a,diluted_weighted_average_shares,2025-03-31
3532,0532b5a3-2498-4b11-94bb-343c70b3ca2a,diluted_weighted_average_shares,2024-12-31
3532,0532b5a3-2498-4b11-94bb-343c70b3ca2a,diluted_weighted_average_shares,2024-09-30
3533,4ed1535a-c1fa-4cee-a2fd-425531d4a88d,quarterly_revenue,2026-06-30
3533,4ed1535a-c1fa-4cee-a2fd-425531d4a88d,quarterly_revenue,2026-03-31
3533,4ed1535a-c1fa-4cee-a2fd-425531d4a88d,quarterly_revenue,2025-12-31
3533,4ed1535a-c1fa-4cee-a2fd-425531d4a88d,quarterly_revenue,2025-09-30
3533,4ed1535a-c1fa-4cee-a2fd-425531d4a88d,quarterly_revenue,2025-06-30
3533,4ed1535a-c1fa-4cee-a2fd-425531d4a88d,quarterly_revenue,2025-03-31
3533,4ed1535a-c1fa-4cee-a2fd-425531d4a88d,quarterly_revenue,2024-12-31
3533,4ed1535a-c1fa-4cee-a2fd-425531d4a88d,quarterly_revenue,2024-09-30
3533,4ed1535a-c1fa-4cee-a2fd-425531d4a88d,quarterly_gross_profit,2026-06-30
3533,4ed1535a-c1fa-4cee-a2fd-425531d4a88d,quarterly_gross_profit,2026-03-31
3533,4ed1535a-c1fa-4cee-a2fd-425531d4a88d,quarterly_gross_profit,2025-12-31
3533,4ed1535a-c1fa-4cee-a2fd-425531d4a88d,quarterly_gross_profit,2025-09-30
3533,4ed1535a-c1fa-4cee-a2fd-425531d4a88d,quarterly_gross_profit,2025-06-30
3533,4ed1535a-c1fa-4cee-a2fd-425531d4a88d,quarterly_gross_profit,2025-03-31
3533,4ed1535a-c1fa-4cee-a2fd-425531d4a88d,quarterly_gross_profit,2024-12-31
3533,4ed1535a-c1fa-4cee-a2fd-425531d4a88d,quarterly_gross_profit,2024-09-30
3533,4ed1535a-c1fa-4cee-a2fd-425531d4a88d,quarterly_operating_income,2026-06-30
3533,4ed1535a-c1fa-4cee-a2fd-425531d4a88d,quarterly_operating_income,2026-03-31
3533,4ed1535a-c1fa-4cee-a2fd-425531d4a88d,quarterly_operating_income,2025-12-31
3533,4ed1535a-c1fa-4cee-a2fd-425531d4a88d,quarterly_operating_income,2025-09-30
3533,4ed1535a-c1fa-4cee-a2fd-425531d4a88d,quarterly_operating_income,2025-06-30
3533,4ed1535a-c1fa-4cee-a2fd-425531d4a88d,quarterly_operating_income,2025-03-31
3533,4ed1535a-c1fa-4cee-a2fd-425531d4a88d,quarterly_operating_income,2024-12-31
3533,4ed1535a-c1fa-4cee-a2fd-425531d4a88d,quarterly_operating_income,2024-09-30
3533,4ed1535a-c1fa-4cee-a2fd-425531d4a88d,quarterly_net_income_attributable_to_common,2026-06-30
3533,4ed1535a-c1fa-4cee-a2fd-425531d4a88d,quarterly_net_income_attributable_to_common,2026-03-31
3533,4ed1535a-c1fa-4cee-a2fd-425531d4a88d,quarterly_net_income_attributable_to_common,2025-12-31
3533,4ed1535a-c1fa-4cee-a2fd-425531d4a88d,quarterly_net_income_attributable_to_common,2025-09-30
3533,4ed1535a-c1fa-4cee-a2fd-425531d4a88d,quarterly_net_income_attributable_to_common,2025-06-30
3533,4ed1535a-c1fa-4cee-a2fd-425531d4a88d,quarterly_net_income_attributable_to_common,2025-03-31
3533,4ed1535a-c1fa-4cee-a2fd-425531d4a88d,quarterly_net_income_attributable_to_common,2024-12-31
3533,4ed1535a-c1fa-4cee-a2fd-425531d4a88d,quarterly_net_income_attributable_to_common,2024-09-30
3533,4ed1535a-c1fa-4cee-a2fd-425531d4a88d,quarterly_diluted_eps,2026-06-30
3533,4ed1535a-c1fa-4cee-a2fd-425531d4a88d,quarterly_diluted_eps,2026-03-31
3533,4ed1535a-c1fa-4cee-a2fd-425531d4a88d,quarterly_diluted_eps,2025-12-31
3533,4ed1535a-c1fa-4cee-a2fd-425531d4a88d,quarterly_diluted_eps,2025-09-30
3533,4ed1535a-c1fa-4cee-a2fd-425531d4a88d,quarterly_diluted_eps,2025-06-30
3533,4ed1535a-c1fa-4cee-a2fd-425531d4a88d,quarterly_diluted_eps,2025-03-31
3533,4ed1535a-c1fa-4cee-a2fd-425531d4a88d,quarterly_diluted_eps,2024-12-31
3533,4ed1535a-c1fa-4cee-a2fd-425531d4a88d,quarterly_diluted_eps,2024-09-30
3533,4ed1535a-c1fa-4cee-a2fd-425531d4a88d,diluted_weighted_average_shares,2026-06-30
3533,4ed1535a-c1fa-4cee-a2fd-425531d4a88d,diluted_weighted_average_shares,2026-03-31
3533,4ed1535a-c1fa-4cee-a2fd-425531d4a88d,diluted_weighted_average_shares,2025-12-31
3533,4ed1535a-c1fa-4cee-a2fd-425531d4a88d,diluted_weighted_average_shares,2025-09-30
3533,4ed1535a-c1fa-4cee-a2fd-425531d4a88d,diluted_weighted_average_shares,2025-06-30
3533,4ed1535a-c1fa-4cee-a2fd-425531d4a88d,diluted_weighted_average_shares,2025-03-31
3533,4ed1535a-c1fa-4cee-a2fd-425531d4a88d,diluted_weighted_average_shares,2024-12-31
3533,4ed1535a-c1fa-4cee-a2fd-425531d4a88d,diluted_weighted_average_shares,2024-09-30
3535,15e9b4eb-2834-480a-b9b0-e218e460c133,quarterly_revenue,2026-06-30
3535,15e9b4eb-2834-480a-b9b0-e218e460c133,quarterly_revenue,2026-03-31
3535,15e9b4eb-2834-480a-b9b0-e218e460c133,quarterly_revenue,2025-12-31
3535,15e9b4eb-2834-480a-b9b0-e218e460c133,quarterly_revenue,2025-09-30
3535,15e9b4eb-2834-480a-b9b0-e218e460c133,quarterly_revenue,2025-06-30
3535,15e9b4eb-2834-480a-b9b0-e218e460c133,quarterly_revenue,2025-03-31
3535,15e9b4eb-2834-480a-b9b0-e218e460c133,quarterly_revenue,2024-12-31
3535,15e9b4eb-2834-480a-b9b0-e218e460c133,quarterly_revenue,2024-09-30
3535,15e9b4eb-2834-480a-b9b0-e218e460c133,quarterly_gross_profit,2026-06-30
3535,15e9b4eb-2834-480a-b9b0-e218e460c133,quarterly_gross_profit,2026-03-31
3535,15e9b4eb-2834-480a-b9b0-e218e460c133,quarterly_gross_profit,2025-12-31
3535,15e9b4eb-2834-480a-b9b0-e218e460c133,quarterly_gross_profit,2025-09-30
3535,15e9b4eb-2834-480a-b9b0-e218e460c133,quarterly_gross_profit,2025-06-30
3535,15e9b4eb-2834-480a-b9b0-e218e460c133,quarterly_gross_profit,2025-03-31
3535,15e9b4eb-2834-480a-b9b0-e218e460c133,quarterly_gross_profit,2024-12-31
3535,15e9b4eb-2834-480a-b9b0-e218e460c133,quarterly_gross_profit,2024-09-30
3535,15e9b4eb-2834-480a-b9b0-e218e460c133,quarterly_operating_income,2026-06-30
3535,15e9b4eb-2834-480a-b9b0-e218e460c133,quarterly_operating_income,2026-03-31
3535,15e9b4eb-2834-480a-b9b0-e218e460c133,quarterly_operating_income,2025-12-31
3535,15e9b4eb-2834-480a-b9b0-e218e460c133,quarterly_operating_income,2025-09-30
3535,15e9b4eb-2834-480a-b9b0-e218e460c133,quarterly_operating_income,2025-06-30
3535,15e9b4eb-2834-480a-b9b0-e218e460c133,quarterly_operating_income,2025-03-31
3535,15e9b4eb-2834-480a-b9b0-e218e460c133,quarterly_operating_income,2024-12-31
3535,15e9b4eb-2834-480a-b9b0-e218e460c133,quarterly_operating_income,2024-09-30
3535,15e9b4eb-2834-480a-b9b0-e218e460c133,quarterly_net_income_attributable_to_common,2026-06-30
3535,15e9b4eb-2834-480a-b9b0-e218e460c133,quarterly_net_income_attributable_to_common,2026-03-31
3535,15e9b4eb-2834-480a-b9b0-e218e460c133,quarterly_net_income_attributable_to_common,2025-12-31
3535,15e9b4eb-2834-480a-b9b0-e218e460c133,quarterly_net_income_attributable_to_common,2025-09-30
3535,15e9b4eb-2834-480a-b9b0-e218e460c133,quarterly_net_income_attributable_to_common,2025-06-30
3535,15e9b4eb-2834-480a-b9b0-e218e460c133,quarterly_net_income_attributable_to_common,2025-03-31
3535,15e9b4eb-2834-480a-b9b0-e218e460c133,quarterly_net_income_attributable_to_common,2024-12-31
3535,15e9b4eb-2834-480a-b9b0-e218e460c133,quarterly_net_income_attributable_to_common,2024-09-30
3535,15e9b4eb-2834-480a-b9b0-e218e460c133,quarterly_diluted_eps,2026-06-30
3535,15e9b4eb-2834-480a-b9b0-e218e460c133,quarterly_diluted_eps,2026-03-31
3535,15e9b4eb-2834-480a-b9b0-e218e460c133,quarterly_diluted_eps,2025-12-31
3535,15e9b4eb-2834-480a-b9b0-e218e460c133,quarterly_diluted_eps,2025-09-30
3535,15e9b4eb-2834-480a-b9b0-e218e460c133,quarterly_diluted_eps,2025-06-30
3535,15e9b4eb-2834-480a-b9b0-e218e460c133,quarterly_diluted_eps,2025-03-31
3535,15e9b4eb-2834-480a-b9b0-e218e460c133,quarterly_diluted_eps,2024-12-31
3535,15e9b4eb-2834-480a-b9b0-e218e460c133,quarterly_diluted_eps,2024-09-30
3535,15e9b4eb-2834-480a-b9b0-e218e460c133,diluted_weighted_average_shares,2026-06-30
3535,15e9b4eb-2834-480a-b9b0-e218e460c133,diluted_weighted_average_shares,2026-03-31
3535,15e9b4eb-2834-480a-b9b0-e218e460c133,diluted_weighted_average_shares,2025-12-31
3535,15e9b4eb-2834-480a-b9b0-e218e460c133,diluted_weighted_average_shares,2025-09-30
3535,15e9b4eb-2834-480a-b9b0-e218e460c133,diluted_weighted_average_shares,2025-06-30
3535,15e9b4eb-2834-480a-b9b0-e218e460c133,diluted_weighted_average_shares,2025-03-31
3535,15e9b4eb-2834-480a-b9b0-e218e460c133,diluted_weighted_average_shares,2024-12-31
3535,15e9b4eb-2834-480a-b9b0-e218e460c133,diluted_weighted_average_shares,2024-09-30
3605,2652e671-1219-40a3-b53b-85b37621d519,quarterly_revenue,2026-06-30
3605,2652e671-1219-40a3-b53b-85b37621d519,quarterly_revenue,2026-03-31
3605,2652e671-1219-40a3-b53b-85b37621d519,quarterly_revenue,2025-12-31
3605,2652e671-1219-40a3-b53b-85b37621d519,quarterly_revenue,2025-09-30
3605,2652e671-1219-40a3-b53b-85b37621d519,quarterly_revenue,2025-06-30
3605,2652e671-1219-40a3-b53b-85b37621d519,quarterly_revenue,2025-03-31
3605,2652e671-1219-40a3-b53b-85b37621d519,quarterly_revenue,2024-12-31
3605,2652e671-1219-40a3-b53b-85b37621d519,quarterly_revenue,2024-09-30
3605,2652e671-1219-40a3-b53b-85b37621d519,quarterly_gross_profit,2026-06-30
3605,2652e671-1219-40a3-b53b-85b37621d519,quarterly_gross_profit,2026-03-31
3605,2652e671-1219-40a3-b53b-85b37621d519,quarterly_gross_profit,2025-12-31
3605,2652e671-1219-40a3-b53b-85b37621d519,quarterly_gross_profit,2025-09-30
3605,2652e671-1219-40a3-b53b-85b37621d519,quarterly_gross_profit,2025-06-30
3605,2652e671-1219-40a3-b53b-85b37621d519,quarterly_gross_profit,2025-03-31
3605,2652e671-1219-40a3-b53b-85b37621d519,quarterly_gross_profit,2024-12-31
3605,2652e671-1219-40a3-b53b-85b37621d519,quarterly_gross_profit,2024-09-30
3605,2652e671-1219-40a3-b53b-85b37621d519,quarterly_operating_income,2026-06-30
3605,2652e671-1219-40a3-b53b-85b37621d519,quarterly_operating_income,2026-03-31
3605,2652e671-1219-40a3-b53b-85b37621d519,quarterly_operating_income,2025-12-31
3605,2652e671-1219-40a3-b53b-85b37621d519,quarterly_operating_income,2025-09-30
3605,2652e671-1219-40a3-b53b-85b37621d519,quarterly_operating_income,2025-06-30
3605,2652e671-1219-40a3-b53b-85b37621d519,quarterly_operating_income,2025-03-31
3605,2652e671-1219-40a3-b53b-85b37621d519,quarterly_operating_income,2024-12-31
3605,2652e671-1219-40a3-b53b-85b37621d519,quarterly_operating_income,2024-09-30
3605,2652e671-1219-40a3-b53b-85b37621d519,quarterly_net_income_attributable_to_common,2026-06-30
3605,2652e671-1219-40a3-b53b-85b37621d519,quarterly_net_income_attributable_to_common,2026-03-31
3605,2652e671-1219-40a3-b53b-85b37621d519,quarterly_net_income_attributable_to_common,2025-12-31
3605,2652e671-1219-40a3-b53b-85b37621d519,quarterly_net_income_attributable_to_common,2025-09-30
3605,2652e671-1219-40a3-b53b-85b37621d519,quarterly_net_income_attributable_to_common,2025-06-30
3605,2652e671-1219-40a3-b53b-85b37621d519,quarterly_net_income_attributable_to_common,2025-03-31
3605,2652e671-1219-40a3-b53b-85b37621d519,quarterly_net_income_attributable_to_common,2024-12-31
3605,2652e671-1219-40a3-b53b-85b37621d519,quarterly_net_income_attributable_to_common,2024-09-30
3605,2652e671-1219-40a3-b53b-85b37621d519,quarterly_diluted_eps,2026-06-30
3605,2652e671-1219-40a3-b53b-85b37621d519,quarterly_diluted_eps,2026-03-31
3605,2652e671-1219-40a3-b53b-85b37621d519,quarterly_diluted_eps,2025-12-31
3605,2652e671-1219-40a3-b53b-85b37621d519,quarterly_diluted_eps,2025-09-30
3605,2652e671-1219-40a3-b53b-85b37621d519,quarterly_diluted_eps,2025-06-30
3605,2652e671-1219-40a3-b53b-85b37621d519,quarterly_diluted_eps,2025-03-31
3605,2652e671-1219-40a3-b53b-85b37621d519,quarterly_diluted_eps,2024-12-31
3605,2652e671-1219-40a3-b53b-85b37621d519,quarterly_diluted_eps,2024-09-30
3605,2652e671-1219-40a3-b53b-85b37621d519,diluted_weighted_average_shares,2026-06-30
3605,2652e671-1219-40a3-b53b-85b37621d519,diluted_weighted_average_shares,2026-03-31
3605,2652e671-1219-40a3-b53b-85b37621d519,diluted_weighted_average_shares,2025-12-31
3605,2652e671-1219-40a3-b53b-85b37621d519,diluted_weighted_average_shares,2025-09-30
3605,2652e671-1219-40a3-b53b-85b37621d519,diluted_weighted_average_shares,2025-06-30
3605,2652e671-1219-40a3-b53b-85b37621d519,diluted_weighted_average_shares,2025-03-31
3605,2652e671-1219-40a3-b53b-85b37621d519,diluted_weighted_average_shares,2024-12-31
3605,2652e671-1219-40a3-b53b-85b37621d519,diluted_weighted_average_shares,2024-09-30
3624,2c83eca7-d82d-43b1-b83f-70564b83a0d2,quarterly_revenue,2026-06-30
3624,2c83eca7-d82d-43b1-b83f-70564b83a0d2,quarterly_revenue,2026-03-31
3624,2c83eca7-d82d-43b1-b83f-70564b83a0d2,quarterly_revenue,2025-12-31
3624,2c83eca7-d82d-43b1-b83f-70564b83a0d2,quarterly_revenue,2025-09-30
3624,2c83eca7-d82d-43b1-b83f-70564b83a0d2,quarterly_revenue,2025-06-30
3624,2c83eca7-d82d-43b1-b83f-70564b83a0d2,quarterly_revenue,2025-03-31
3624,2c83eca7-d82d-43b1-b83f-70564b83a0d2,quarterly_revenue,2024-12-31
3624,2c83eca7-d82d-43b1-b83f-70564b83a0d2,quarterly_revenue,2024-09-30
3624,2c83eca7-d82d-43b1-b83f-70564b83a0d2,quarterly_gross_profit,2026-06-30
3624,2c83eca7-d82d-43b1-b83f-70564b83a0d2,quarterly_gross_profit,2026-03-31
3624,2c83eca7-d82d-43b1-b83f-70564b83a0d2,quarterly_gross_profit,2025-12-31
3624,2c83eca7-d82d-43b1-b83f-70564b83a0d2,quarterly_gross_profit,2025-09-30
3624,2c83eca7-d82d-43b1-b83f-70564b83a0d2,quarterly_gross_profit,2025-06-30
3624,2c83eca7-d82d-43b1-b83f-70564b83a0d2,quarterly_gross_profit,2025-03-31
3624,2c83eca7-d82d-43b1-b83f-70564b83a0d2,quarterly_gross_profit,2024-12-31
3624,2c83eca7-d82d-43b1-b83f-70564b83a0d2,quarterly_gross_profit,2024-09-30
3624,2c83eca7-d82d-43b1-b83f-70564b83a0d2,quarterly_operating_income,2026-06-30
3624,2c83eca7-d82d-43b1-b83f-70564b83a0d2,quarterly_operating_income,2026-03-31
3624,2c83eca7-d82d-43b1-b83f-70564b83a0d2,quarterly_operating_income,2025-12-31
3624,2c83eca7-d82d-43b1-b83f-70564b83a0d2,quarterly_operating_income,2025-09-30
3624,2c83eca7-d82d-43b1-b83f-70564b83a0d2,quarterly_operating_income,2025-06-30
3624,2c83eca7-d82d-43b1-b83f-70564b83a0d2,quarterly_operating_income,2025-03-31
3624,2c83eca7-d82d-43b1-b83f-70564b83a0d2,quarterly_operating_income,2024-12-31
3624,2c83eca7-d82d-43b1-b83f-70564b83a0d2,quarterly_operating_income,2024-09-30
3624,2c83eca7-d82d-43b1-b83f-70564b83a0d2,quarterly_net_income_attributable_to_common,2026-06-30
3624,2c83eca7-d82d-43b1-b83f-70564b83a0d2,quarterly_net_income_attributable_to_common,2026-03-31
3624,2c83eca7-d82d-43b1-b83f-70564b83a0d2,quarterly_net_income_attributable_to_common,2025-12-31
3624,2c83eca7-d82d-43b1-b83f-70564b83a0d2,quarterly_net_income_attributable_to_common,2025-09-30
3624,2c83eca7-d82d-43b1-b83f-70564b83a0d2,quarterly_net_income_attributable_to_common,2025-06-30
3624,2c83eca7-d82d-43b1-b83f-70564b83a0d2,quarterly_net_income_attributable_to_common,2025-03-31
3624,2c83eca7-d82d-43b1-b83f-70564b83a0d2,quarterly_net_income_attributable_to_common,2024-12-31
3624,2c83eca7-d82d-43b1-b83f-70564b83a0d2,quarterly_net_income_attributable_to_common,2024-09-30
3624,2c83eca7-d82d-43b1-b83f-70564b83a0d2,quarterly_diluted_eps,2026-06-30
3624,2c83eca7-d82d-43b1-b83f-70564b83a0d2,quarterly_diluted_eps,2026-03-31
3624,2c83eca7-d82d-43b1-b83f-70564b83a0d2,quarterly_diluted_eps,2025-12-31
3624,2c83eca7-d82d-43b1-b83f-70564b83a0d2,quarterly_diluted_eps,2025-09-30
3624,2c83eca7-d82d-43b1-b83f-70564b83a0d2,quarterly_diluted_eps,2025-06-30
3624,2c83eca7-d82d-43b1-b83f-70564b83a0d2,quarterly_diluted_eps,2025-03-31
3624,2c83eca7-d82d-43b1-b83f-70564b83a0d2,quarterly_diluted_eps,2024-12-31
3624,2c83eca7-d82d-43b1-b83f-70564b83a0d2,quarterly_diluted_eps,2024-09-30
3624,2c83eca7-d82d-43b1-b83f-70564b83a0d2,diluted_weighted_average_shares,2026-06-30
3624,2c83eca7-d82d-43b1-b83f-70564b83a0d2,diluted_weighted_average_shares,2026-03-31
3624,2c83eca7-d82d-43b1-b83f-70564b83a0d2,diluted_weighted_average_shares,2025-12-31
3624,2c83eca7-d82d-43b1-b83f-70564b83a0d2,diluted_weighted_average_shares,2025-09-30
3624,2c83eca7-d82d-43b1-b83f-70564b83a0d2,diluted_weighted_average_shares,2025-06-30
3624,2c83eca7-d82d-43b1-b83f-70564b83a0d2,diluted_weighted_average_shares,2025-03-31
3624,2c83eca7-d82d-43b1-b83f-70564b83a0d2,diluted_weighted_average_shares,2024-12-31
3624,2c83eca7-d82d-43b1-b83f-70564b83a0d2,diluted_weighted_average_shares,2024-09-30
3629,a683e3dc-14ee-4533-b1e5-ef6fb3c28554,quarterly_revenue,2026-06-30
3629,a683e3dc-14ee-4533-b1e5-ef6fb3c28554,quarterly_revenue,2026-03-31
3629,a683e3dc-14ee-4533-b1e5-ef6fb3c28554,quarterly_revenue,2025-12-31
3629,a683e3dc-14ee-4533-b1e5-ef6fb3c28554,quarterly_revenue,2025-09-30
3629,a683e3dc-14ee-4533-b1e5-ef6fb3c28554,quarterly_revenue,2025-06-30
3629,a683e3dc-14ee-4533-b1e5-ef6fb3c28554,quarterly_revenue,2025-03-31
3629,a683e3dc-14ee-4533-b1e5-ef6fb3c28554,quarterly_revenue,2024-12-31
3629,a683e3dc-14ee-4533-b1e5-ef6fb3c28554,quarterly_revenue,2024-09-30
3629,a683e3dc-14ee-4533-b1e5-ef6fb3c28554,quarterly_gross_profit,2026-06-30
3629,a683e3dc-14ee-4533-b1e5-ef6fb3c28554,quarterly_gross_profit,2026-03-31
3629,a683e3dc-14ee-4533-b1e5-ef6fb3c28554,quarterly_gross_profit,2025-12-31
3629,a683e3dc-14ee-4533-b1e5-ef6fb3c28554,quarterly_gross_profit,2025-09-30
3629,a683e3dc-14ee-4533-b1e5-ef6fb3c28554,quarterly_gross_profit,2025-06-30
3629,a683e3dc-14ee-4533-b1e5-ef6fb3c28554,quarterly_gross_profit,2025-03-31
3629,a683e3dc-14ee-4533-b1e5-ef6fb3c28554,quarterly_gross_profit,2024-12-31
3629,a683e3dc-14ee-4533-b1e5-ef6fb3c28554,quarterly_gross_profit,2024-09-30
3629,a683e3dc-14ee-4533-b1e5-ef6fb3c28554,quarterly_operating_income,2026-06-30
3629,a683e3dc-14ee-4533-b1e5-ef6fb3c28554,quarterly_operating_income,2026-03-31
3629,a683e3dc-14ee-4533-b1e5-ef6fb3c28554,quarterly_operating_income,2025-12-31
3629,a683e3dc-14ee-4533-b1e5-ef6fb3c28554,quarterly_operating_income,2025-09-30
3629,a683e3dc-14ee-4533-b1e5-ef6fb3c28554,quarterly_operating_income,2025-06-30
3629,a683e3dc-14ee-4533-b1e5-ef6fb3c28554,quarterly_operating_income,2025-03-31
3629,a683e3dc-14ee-4533-b1e5-ef6fb3c28554,quarterly_operating_income,2024-12-31
3629,a683e3dc-14ee-4533-b1e5-ef6fb3c28554,quarterly_operating_income,2024-09-30
3629,a683e3dc-14ee-4533-b1e5-ef6fb3c28554,quarterly_net_income_attributable_to_common,2026-06-30
3629,a683e3dc-14ee-4533-b1e5-ef6fb3c28554,quarterly_net_income_attributable_to_common,2026-03-31
3629,a683e3dc-14ee-4533-b1e5-ef6fb3c28554,quarterly_net_income_attributable_to_common,2025-12-31
3629,a683e3dc-14ee-4533-b1e5-ef6fb3c28554,quarterly_net_income_attributable_to_common,2025-09-30
3629,a683e3dc-14ee-4533-b1e5-ef6fb3c28554,quarterly_net_income_attributable_to_common,2025-06-30
3629,a683e3dc-14ee-4533-b1e5-ef6fb3c28554,quarterly_net_income_attributable_to_common,2025-03-31
3629,a683e3dc-14ee-4533-b1e5-ef6fb3c28554,quarterly_net_income_attributable_to_common,2024-12-31
3629,a683e3dc-14ee-4533-b1e5-ef6fb3c28554,quarterly_net_income_attributable_to_common,2024-09-30
3629,a683e3dc-14ee-4533-b1e5-ef6fb3c28554,quarterly_diluted_eps,2026-06-30
3629,a683e3dc-14ee-4533-b1e5-ef6fb3c28554,quarterly_diluted_eps,2026-03-31
3629,a683e3dc-14ee-4533-b1e5-ef6fb3c28554,quarterly_diluted_eps,2025-12-31
3629,a683e3dc-14ee-4533-b1e5-ef6fb3c28554,quarterly_diluted_eps,2025-09-30
3629,a683e3dc-14ee-4533-b1e5-ef6fb3c28554,quarterly_diluted_eps,2025-06-30
3629,a683e3dc-14ee-4533-b1e5-ef6fb3c28554,quarterly_diluted_eps,2025-03-31
3629,a683e3dc-14ee-4533-b1e5-ef6fb3c28554,quarterly_diluted_eps,2024-12-31
3629,a683e3dc-14ee-4533-b1e5-ef6fb3c28554,quarterly_diluted_eps,2024-09-30
3629,a683e3dc-14ee-4533-b1e5-ef6fb3c28554,diluted_weighted_average_shares,2026-06-30
3629,a683e3dc-14ee-4533-b1e5-ef6fb3c28554,diluted_weighted_average_shares,2026-03-31
3629,a683e3dc-14ee-4533-b1e5-ef6fb3c28554,diluted_weighted_average_shares,2025-12-31
3629,a683e3dc-14ee-4533-b1e5-ef6fb3c28554,diluted_weighted_average_shares,2025-09-30
3629,a683e3dc-14ee-4533-b1e5-ef6fb3c28554,diluted_weighted_average_shares,2025-06-30
3629,a683e3dc-14ee-4533-b1e5-ef6fb3c28554,diluted_weighted_average_shares,2025-03-31
3629,a683e3dc-14ee-4533-b1e5-ef6fb3c28554,diluted_weighted_average_shares,2024-12-31
3629,a683e3dc-14ee-4533-b1e5-ef6fb3c28554,diluted_weighted_average_shares,2024-09-30
3653,78381949-a444-4a93-83d3-66f0be720572,quarterly_revenue,2026-06-30
3653,78381949-a444-4a93-83d3-66f0be720572,quarterly_revenue,2026-03-31
3653,78381949-a444-4a93-83d3-66f0be720572,quarterly_revenue,2025-12-31
3653,78381949-a444-4a93-83d3-66f0be720572,quarterly_revenue,2025-09-30
3653,78381949-a444-4a93-83d3-66f0be720572,quarterly_revenue,2025-06-30
3653,78381949-a444-4a93-83d3-66f0be720572,quarterly_revenue,2025-03-31
3653,78381949-a444-4a93-83d3-66f0be720572,quarterly_revenue,2024-12-31
3653,78381949-a444-4a93-83d3-66f0be720572,quarterly_revenue,2024-09-30
3653,78381949-a444-4a93-83d3-66f0be720572,quarterly_gross_profit,2026-06-30
3653,78381949-a444-4a93-83d3-66f0be720572,quarterly_gross_profit,2026-03-31
3653,78381949-a444-4a93-83d3-66f0be720572,quarterly_gross_profit,2025-12-31
3653,78381949-a444-4a93-83d3-66f0be720572,quarterly_gross_profit,2025-09-30
3653,78381949-a444-4a93-83d3-66f0be720572,quarterly_gross_profit,2025-06-30
3653,78381949-a444-4a93-83d3-66f0be720572,quarterly_gross_profit,2025-03-31
3653,78381949-a444-4a93-83d3-66f0be720572,quarterly_gross_profit,2024-12-31
3653,78381949-a444-4a93-83d3-66f0be720572,quarterly_gross_profit,2024-09-30
3653,78381949-a444-4a93-83d3-66f0be720572,quarterly_operating_income,2026-06-30
3653,78381949-a444-4a93-83d3-66f0be720572,quarterly_operating_income,2026-03-31
3653,78381949-a444-4a93-83d3-66f0be720572,quarterly_operating_income,2025-12-31
3653,78381949-a444-4a93-83d3-66f0be720572,quarterly_operating_income,2025-09-30
3653,78381949-a444-4a93-83d3-66f0be720572,quarterly_operating_income,2025-06-30
3653,78381949-a444-4a93-83d3-66f0be720572,quarterly_operating_income,2025-03-31
3653,78381949-a444-4a93-83d3-66f0be720572,quarterly_operating_income,2024-12-31
3653,78381949-a444-4a93-83d3-66f0be720572,quarterly_operating_income,2024-09-30
3653,78381949-a444-4a93-83d3-66f0be720572,quarterly_net_income_attributable_to_common,2026-06-30
3653,78381949-a444-4a93-83d3-66f0be720572,quarterly_net_income_attributable_to_common,2026-03-31
3653,78381949-a444-4a93-83d3-66f0be720572,quarterly_net_income_attributable_to_common,2025-12-31
3653,78381949-a444-4a93-83d3-66f0be720572,quarterly_net_income_attributable_to_common,2025-09-30
3653,78381949-a444-4a93-83d3-66f0be720572,quarterly_net_income_attributable_to_common,2025-06-30
3653,78381949-a444-4a93-83d3-66f0be720572,quarterly_net_income_attributable_to_common,2025-03-31
3653,78381949-a444-4a93-83d3-66f0be720572,quarterly_net_income_attributable_to_common,2024-12-31
3653,78381949-a444-4a93-83d3-66f0be720572,quarterly_net_income_attributable_to_common,2024-09-30
3653,78381949-a444-4a93-83d3-66f0be720572,quarterly_diluted_eps,2026-06-30
3653,78381949-a444-4a93-83d3-66f0be720572,quarterly_diluted_eps,2026-03-31
3653,78381949-a444-4a93-83d3-66f0be720572,quarterly_diluted_eps,2025-12-31
3653,78381949-a444-4a93-83d3-66f0be720572,quarterly_diluted_eps,2025-09-30
3653,78381949-a444-4a93-83d3-66f0be720572,quarterly_diluted_eps,2025-06-30
3653,78381949-a444-4a93-83d3-66f0be720572,quarterly_diluted_eps,2025-03-31
3653,78381949-a444-4a93-83d3-66f0be720572,quarterly_diluted_eps,2024-12-31
3653,78381949-a444-4a93-83d3-66f0be720572,quarterly_diluted_eps,2024-09-30
3653,78381949-a444-4a93-83d3-66f0be720572,diluted_weighted_average_shares,2026-06-30
3653,78381949-a444-4a93-83d3-66f0be720572,diluted_weighted_average_shares,2026-03-31
3653,78381949-a444-4a93-83d3-66f0be720572,diluted_weighted_average_shares,2025-12-31
3653,78381949-a444-4a93-83d3-66f0be720572,diluted_weighted_average_shares,2025-09-30
3653,78381949-a444-4a93-83d3-66f0be720572,diluted_weighted_average_shares,2025-06-30
3653,78381949-a444-4a93-83d3-66f0be720572,diluted_weighted_average_shares,2025-03-31
3653,78381949-a444-4a93-83d3-66f0be720572,diluted_weighted_average_shares,2024-12-31
3653,78381949-a444-4a93-83d3-66f0be720572,diluted_weighted_average_shares,2024-09-30
3661,a5953226-1bb5-420a-b1cb-11d55124767e,quarterly_revenue,2026-06-30
3661,a5953226-1bb5-420a-b1cb-11d55124767e,quarterly_revenue,2026-03-31
3661,a5953226-1bb5-420a-b1cb-11d55124767e,quarterly_revenue,2025-12-31
3661,a5953226-1bb5-420a-b1cb-11d55124767e,quarterly_revenue,2025-09-30
3661,a5953226-1bb5-420a-b1cb-11d55124767e,quarterly_revenue,2025-06-30
3661,a5953226-1bb5-420a-b1cb-11d55124767e,quarterly_revenue,2025-03-31
3661,a5953226-1bb5-420a-b1cb-11d55124767e,quarterly_revenue,2024-12-31
3661,a5953226-1bb5-420a-b1cb-11d55124767e,quarterly_revenue,2024-09-30
3661,a5953226-1bb5-420a-b1cb-11d55124767e,quarterly_gross_profit,2026-06-30
3661,a5953226-1bb5-420a-b1cb-11d55124767e,quarterly_gross_profit,2026-03-31
3661,a5953226-1bb5-420a-b1cb-11d55124767e,quarterly_gross_profit,2025-12-31
3661,a5953226-1bb5-420a-b1cb-11d55124767e,quarterly_gross_profit,2025-09-30
3661,a5953226-1bb5-420a-b1cb-11d55124767e,quarterly_gross_profit,2025-06-30
3661,a5953226-1bb5-420a-b1cb-11d55124767e,quarterly_gross_profit,2025-03-31
3661,a5953226-1bb5-420a-b1cb-11d55124767e,quarterly_gross_profit,2024-12-31
3661,a5953226-1bb5-420a-b1cb-11d55124767e,quarterly_gross_profit,2024-09-30
3661,a5953226-1bb5-420a-b1cb-11d55124767e,quarterly_operating_income,2026-06-30
3661,a5953226-1bb5-420a-b1cb-11d55124767e,quarterly_operating_income,2026-03-31
3661,a5953226-1bb5-420a-b1cb-11d55124767e,quarterly_operating_income,2025-12-31
3661,a5953226-1bb5-420a-b1cb-11d55124767e,quarterly_operating_income,2025-09-30
3661,a5953226-1bb5-420a-b1cb-11d55124767e,quarterly_operating_income,2025-06-30
3661,a5953226-1bb5-420a-b1cb-11d55124767e,quarterly_operating_income,2025-03-31
3661,a5953226-1bb5-420a-b1cb-11d55124767e,quarterly_operating_income,2024-12-31
3661,a5953226-1bb5-420a-b1cb-11d55124767e,quarterly_operating_income,2024-09-30
3661,a5953226-1bb5-420a-b1cb-11d55124767e,quarterly_net_income_attributable_to_common,2026-06-30
3661,a5953226-1bb5-420a-b1cb-11d55124767e,quarterly_net_income_attributable_to_common,2026-03-31
3661,a5953226-1bb5-420a-b1cb-11d55124767e,quarterly_net_income_attributable_to_common,2025-12-31
3661,a5953226-1bb5-420a-b1cb-11d55124767e,quarterly_net_income_attributable_to_common,2025-09-30
3661,a5953226-1bb5-420a-b1cb-11d55124767e,quarterly_net_income_attributable_to_common,2025-06-30
3661,a5953226-1bb5-420a-b1cb-11d55124767e,quarterly_net_income_attributable_to_common,2025-03-31
3661,a5953226-1bb5-420a-b1cb-11d55124767e,quarterly_net_income_attributable_to_common,2024-12-31
3661,a5953226-1bb5-420a-b1cb-11d55124767e,quarterly_net_income_attributable_to_common,2024-09-30
3661,a5953226-1bb5-420a-b1cb-11d55124767e,quarterly_diluted_eps,2026-06-30
3661,a5953226-1bb5-420a-b1cb-11d55124767e,quarterly_diluted_eps,2026-03-31
3661,a5953226-1bb5-420a-b1cb-11d55124767e,quarterly_diluted_eps,2025-12-31
3661,a5953226-1bb5-420a-b1cb-11d55124767e,quarterly_diluted_eps,2025-09-30
3661,a5953226-1bb5-420a-b1cb-11d55124767e,quarterly_diluted_eps,2025-06-30
3661,a5953226-1bb5-420a-b1cb-11d55124767e,quarterly_diluted_eps,2025-03-31
3661,a5953226-1bb5-420a-b1cb-11d55124767e,quarterly_diluted_eps,2024-12-31
3661,a5953226-1bb5-420a-b1cb-11d55124767e,quarterly_diluted_eps,2024-09-30
3661,a5953226-1bb5-420a-b1cb-11d55124767e,diluted_weighted_average_shares,2026-06-30
3661,a5953226-1bb5-420a-b1cb-11d55124767e,diluted_weighted_average_shares,2026-03-31
3661,a5953226-1bb5-420a-b1cb-11d55124767e,diluted_weighted_average_shares,2025-12-31
3661,a5953226-1bb5-420a-b1cb-11d55124767e,diluted_weighted_average_shares,2025-09-30
3661,a5953226-1bb5-420a-b1cb-11d55124767e,diluted_weighted_average_shares,2025-06-30
3661,a5953226-1bb5-420a-b1cb-11d55124767e,diluted_weighted_average_shares,2025-03-31
3661,a5953226-1bb5-420a-b1cb-11d55124767e,diluted_weighted_average_shares,2024-12-31
3661,a5953226-1bb5-420a-b1cb-11d55124767e,diluted_weighted_average_shares,2024-09-30
3665,24042139-db4b-4047-afd2-8904bdf3245d,quarterly_revenue,2026-06-30
3665,24042139-db4b-4047-afd2-8904bdf3245d,quarterly_revenue,2026-03-31
3665,24042139-db4b-4047-afd2-8904bdf3245d,quarterly_revenue,2025-12-31
3665,24042139-db4b-4047-afd2-8904bdf3245d,quarterly_revenue,2025-09-30
3665,24042139-db4b-4047-afd2-8904bdf3245d,quarterly_revenue,2025-06-30
3665,24042139-db4b-4047-afd2-8904bdf3245d,quarterly_revenue,2025-03-31
3665,24042139-db4b-4047-afd2-8904bdf3245d,quarterly_revenue,2024-12-31
3665,24042139-db4b-4047-afd2-8904bdf3245d,quarterly_revenue,2024-09-30
3665,24042139-db4b-4047-afd2-8904bdf3245d,quarterly_gross_profit,2026-06-30
3665,24042139-db4b-4047-afd2-8904bdf3245d,quarterly_gross_profit,2026-03-31
3665,24042139-db4b-4047-afd2-8904bdf3245d,quarterly_gross_profit,2025-12-31
3665,24042139-db4b-4047-afd2-8904bdf3245d,quarterly_gross_profit,2025-09-30
3665,24042139-db4b-4047-afd2-8904bdf3245d,quarterly_gross_profit,2025-06-30
3665,24042139-db4b-4047-afd2-8904bdf3245d,quarterly_gross_profit,2025-03-31
3665,24042139-db4b-4047-afd2-8904bdf3245d,quarterly_gross_profit,2024-12-31
3665,24042139-db4b-4047-afd2-8904bdf3245d,quarterly_gross_profit,2024-09-30
3665,24042139-db4b-4047-afd2-8904bdf3245d,quarterly_operating_income,2026-06-30
3665,24042139-db4b-4047-afd2-8904bdf3245d,quarterly_operating_income,2026-03-31
3665,24042139-db4b-4047-afd2-8904bdf3245d,quarterly_operating_income,2025-12-31
3665,24042139-db4b-4047-afd2-8904bdf3245d,quarterly_operating_income,2025-09-30
3665,24042139-db4b-4047-afd2-8904bdf3245d,quarterly_operating_income,2025-06-30
3665,24042139-db4b-4047-afd2-8904bdf3245d,quarterly_operating_income,2025-03-31
3665,24042139-db4b-4047-afd2-8904bdf3245d,quarterly_operating_income,2024-12-31
3665,24042139-db4b-4047-afd2-8904bdf3245d,quarterly_operating_income,2024-09-30
3665,24042139-db4b-4047-afd2-8904bdf3245d,quarterly_net_income_attributable_to_common,2026-06-30
3665,24042139-db4b-4047-afd2-8904bdf3245d,quarterly_net_income_attributable_to_common,2026-03-31
3665,24042139-db4b-4047-afd2-8904bdf3245d,quarterly_net_income_attributable_to_common,2025-12-31
3665,24042139-db4b-4047-afd2-8904bdf3245d,quarterly_net_income_attributable_to_common,2025-09-30
3665,24042139-db4b-4047-afd2-8904bdf3245d,quarterly_net_income_attributable_to_common,2025-06-30
3665,24042139-db4b-4047-afd2-8904bdf3245d,quarterly_net_income_attributable_to_common,2025-03-31
3665,24042139-db4b-4047-afd2-8904bdf3245d,quarterly_net_income_attributable_to_common,2024-12-31
3665,24042139-db4b-4047-afd2-8904bdf3245d,quarterly_net_income_attributable_to_common,2024-09-30
3665,24042139-db4b-4047-afd2-8904bdf3245d,quarterly_diluted_eps,2026-06-30
3665,24042139-db4b-4047-afd2-8904bdf3245d,quarterly_diluted_eps,2026-03-31
3665,24042139-db4b-4047-afd2-8904bdf3245d,quarterly_diluted_eps,2025-12-31
3665,24042139-db4b-4047-afd2-8904bdf3245d,quarterly_diluted_eps,2025-09-30
3665,24042139-db4b-4047-afd2-8904bdf3245d,quarterly_diluted_eps,2025-06-30
3665,24042139-db4b-4047-afd2-8904bdf3245d,quarterly_diluted_eps,2025-03-31
3665,24042139-db4b-4047-afd2-8904bdf3245d,quarterly_diluted_eps,2024-12-31
3665,24042139-db4b-4047-afd2-8904bdf3245d,quarterly_diluted_eps,2024-09-30
3665,24042139-db4b-4047-afd2-8904bdf3245d,diluted_weighted_average_shares,2026-06-30
3665,24042139-db4b-4047-afd2-8904bdf3245d,diluted_weighted_average_shares,2026-03-31
3665,24042139-db4b-4047-afd2-8904bdf3245d,diluted_weighted_average_shares,2025-12-31
3665,24042139-db4b-4047-afd2-8904bdf3245d,diluted_weighted_average_shares,2025-09-30
3665,24042139-db4b-4047-afd2-8904bdf3245d,diluted_weighted_average_shares,2025-06-30
3665,24042139-db4b-4047-afd2-8904bdf3245d,diluted_weighted_average_shares,2025-03-31
3665,24042139-db4b-4047-afd2-8904bdf3245d,diluted_weighted_average_shares,2024-12-31
3665,24042139-db4b-4047-afd2-8904bdf3245d,diluted_weighted_average_shares,2024-09-30
3707,125f0fa5-cf72-4775-9a63-154290991f02,quarterly_revenue,2026-06-30
3707,125f0fa5-cf72-4775-9a63-154290991f02,quarterly_revenue,2026-03-31
3707,125f0fa5-cf72-4775-9a63-154290991f02,quarterly_revenue,2025-12-31
3707,125f0fa5-cf72-4775-9a63-154290991f02,quarterly_revenue,2025-09-30
3707,125f0fa5-cf72-4775-9a63-154290991f02,quarterly_revenue,2025-06-30
3707,125f0fa5-cf72-4775-9a63-154290991f02,quarterly_revenue,2025-03-31
3707,125f0fa5-cf72-4775-9a63-154290991f02,quarterly_revenue,2024-12-31
3707,125f0fa5-cf72-4775-9a63-154290991f02,quarterly_revenue,2024-09-30
3707,125f0fa5-cf72-4775-9a63-154290991f02,quarterly_gross_profit,2026-06-30
3707,125f0fa5-cf72-4775-9a63-154290991f02,quarterly_gross_profit,2026-03-31
3707,125f0fa5-cf72-4775-9a63-154290991f02,quarterly_gross_profit,2025-12-31
3707,125f0fa5-cf72-4775-9a63-154290991f02,quarterly_gross_profit,2025-09-30
3707,125f0fa5-cf72-4775-9a63-154290991f02,quarterly_gross_profit,2025-06-30
3707,125f0fa5-cf72-4775-9a63-154290991f02,quarterly_gross_profit,2025-03-31
3707,125f0fa5-cf72-4775-9a63-154290991f02,quarterly_gross_profit,2024-12-31
3707,125f0fa5-cf72-4775-9a63-154290991f02,quarterly_gross_profit,2024-09-30
3707,125f0fa5-cf72-4775-9a63-154290991f02,quarterly_operating_income,2026-06-30
3707,125f0fa5-cf72-4775-9a63-154290991f02,quarterly_operating_income,2026-03-31
3707,125f0fa5-cf72-4775-9a63-154290991f02,quarterly_operating_income,2025-12-31
3707,125f0fa5-cf72-4775-9a63-154290991f02,quarterly_operating_income,2025-09-30
3707,125f0fa5-cf72-4775-9a63-154290991f02,quarterly_operating_income,2025-06-30
3707,125f0fa5-cf72-4775-9a63-154290991f02,quarterly_operating_income,2025-03-31
3707,125f0fa5-cf72-4775-9a63-154290991f02,quarterly_operating_income,2024-12-31
3707,125f0fa5-cf72-4775-9a63-154290991f02,quarterly_operating_income,2024-09-30
3707,125f0fa5-cf72-4775-9a63-154290991f02,quarterly_net_income_attributable_to_common,2026-06-30
3707,125f0fa5-cf72-4775-9a63-154290991f02,quarterly_net_income_attributable_to_common,2026-03-31
3707,125f0fa5-cf72-4775-9a63-154290991f02,quarterly_net_income_attributable_to_common,2025-12-31
3707,125f0fa5-cf72-4775-9a63-154290991f02,quarterly_net_income_attributable_to_common,2025-09-30
3707,125f0fa5-cf72-4775-9a63-154290991f02,quarterly_net_income_attributable_to_common,2025-06-30
3707,125f0fa5-cf72-4775-9a63-154290991f02,quarterly_net_income_attributable_to_common,2025-03-31
3707,125f0fa5-cf72-4775-9a63-154290991f02,quarterly_net_income_attributable_to_common,2024-12-31
3707,125f0fa5-cf72-4775-9a63-154290991f02,quarterly_net_income_attributable_to_common,2024-09-30
3707,125f0fa5-cf72-4775-9a63-154290991f02,quarterly_diluted_eps,2026-06-30
3707,125f0fa5-cf72-4775-9a63-154290991f02,quarterly_diluted_eps,2026-03-31
3707,125f0fa5-cf72-4775-9a63-154290991f02,quarterly_diluted_eps,2025-12-31
3707,125f0fa5-cf72-4775-9a63-154290991f02,quarterly_diluted_eps,2025-09-30
3707,125f0fa5-cf72-4775-9a63-154290991f02,quarterly_diluted_eps,2025-06-30
3707,125f0fa5-cf72-4775-9a63-154290991f02,quarterly_diluted_eps,2025-03-31
3707,125f0fa5-cf72-4775-9a63-154290991f02,quarterly_diluted_eps,2024-12-31
3707,125f0fa5-cf72-4775-9a63-154290991f02,quarterly_diluted_eps,2024-09-30
3707,125f0fa5-cf72-4775-9a63-154290991f02,diluted_weighted_average_shares,2026-06-30
3707,125f0fa5-cf72-4775-9a63-154290991f02,diluted_weighted_average_shares,2026-03-31
3707,125f0fa5-cf72-4775-9a63-154290991f02,diluted_weighted_average_shares,2025-12-31
3707,125f0fa5-cf72-4775-9a63-154290991f02,diluted_weighted_average_shares,2025-09-30
3707,125f0fa5-cf72-4775-9a63-154290991f02,diluted_weighted_average_shares,2025-06-30
3707,125f0fa5-cf72-4775-9a63-154290991f02,diluted_weighted_average_shares,2025-03-31
3707,125f0fa5-cf72-4775-9a63-154290991f02,diluted_weighted_average_shares,2024-12-31
3707,125f0fa5-cf72-4775-9a63-154290991f02,diluted_weighted_average_shares,2024-09-30
3708,2803afbb-b1c3-43cd-821a-d091721347a5,quarterly_revenue,2026-06-30
3708,2803afbb-b1c3-43cd-821a-d091721347a5,quarterly_revenue,2026-03-31
3708,2803afbb-b1c3-43cd-821a-d091721347a5,quarterly_revenue,2025-12-31
3708,2803afbb-b1c3-43cd-821a-d091721347a5,quarterly_revenue,2025-09-30
3708,2803afbb-b1c3-43cd-821a-d091721347a5,quarterly_revenue,2025-06-30
3708,2803afbb-b1c3-43cd-821a-d091721347a5,quarterly_revenue,2025-03-31
3708,2803afbb-b1c3-43cd-821a-d091721347a5,quarterly_revenue,2024-12-31
3708,2803afbb-b1c3-43cd-821a-d091721347a5,quarterly_revenue,2024-09-30
3708,2803afbb-b1c3-43cd-821a-d091721347a5,quarterly_gross_profit,2026-06-30
3708,2803afbb-b1c3-43cd-821a-d091721347a5,quarterly_gross_profit,2026-03-31
3708,2803afbb-b1c3-43cd-821a-d091721347a5,quarterly_gross_profit,2025-12-31
3708,2803afbb-b1c3-43cd-821a-d091721347a5,quarterly_gross_profit,2025-09-30
3708,2803afbb-b1c3-43cd-821a-d091721347a5,quarterly_gross_profit,2025-06-30
3708,2803afbb-b1c3-43cd-821a-d091721347a5,quarterly_gross_profit,2025-03-31
3708,2803afbb-b1c3-43cd-821a-d091721347a5,quarterly_gross_profit,2024-12-31
3708,2803afbb-b1c3-43cd-821a-d091721347a5,quarterly_gross_profit,2024-09-30
3708,2803afbb-b1c3-43cd-821a-d091721347a5,quarterly_operating_income,2026-06-30
3708,2803afbb-b1c3-43cd-821a-d091721347a5,quarterly_operating_income,2026-03-31
3708,2803afbb-b1c3-43cd-821a-d091721347a5,quarterly_operating_income,2025-12-31
3708,2803afbb-b1c3-43cd-821a-d091721347a5,quarterly_operating_income,2025-09-30
3708,2803afbb-b1c3-43cd-821a-d091721347a5,quarterly_operating_income,2025-06-30
3708,2803afbb-b1c3-43cd-821a-d091721347a5,quarterly_operating_income,2025-03-31
3708,2803afbb-b1c3-43cd-821a-d091721347a5,quarterly_operating_income,2024-12-31
3708,2803afbb-b1c3-43cd-821a-d091721347a5,quarterly_operating_income,2024-09-30
3708,2803afbb-b1c3-43cd-821a-d091721347a5,quarterly_net_income_attributable_to_common,2026-06-30
3708,2803afbb-b1c3-43cd-821a-d091721347a5,quarterly_net_income_attributable_to_common,2026-03-31
3708,2803afbb-b1c3-43cd-821a-d091721347a5,quarterly_net_income_attributable_to_common,2025-12-31
3708,2803afbb-b1c3-43cd-821a-d091721347a5,quarterly_net_income_attributable_to_common,2025-09-30
3708,2803afbb-b1c3-43cd-821a-d091721347a5,quarterly_net_income_attributable_to_common,2025-06-30
3708,2803afbb-b1c3-43cd-821a-d091721347a5,quarterly_net_income_attributable_to_common,2025-03-31
3708,2803afbb-b1c3-43cd-821a-d091721347a5,quarterly_net_income_attributable_to_common,2024-12-31
3708,2803afbb-b1c3-43cd-821a-d091721347a5,quarterly_net_income_attributable_to_common,2024-09-30
3708,2803afbb-b1c3-43cd-821a-d091721347a5,quarterly_diluted_eps,2026-06-30
3708,2803afbb-b1c3-43cd-821a-d091721347a5,quarterly_diluted_eps,2026-03-31
3708,2803afbb-b1c3-43cd-821a-d091721347a5,quarterly_diluted_eps,2025-12-31
3708,2803afbb-b1c3-43cd-821a-d091721347a5,quarterly_diluted_eps,2025-09-30
3708,2803afbb-b1c3-43cd-821a-d091721347a5,quarterly_diluted_eps,2025-06-30
3708,2803afbb-b1c3-43cd-821a-d091721347a5,quarterly_diluted_eps,2025-03-31
3708,2803afbb-b1c3-43cd-821a-d091721347a5,quarterly_diluted_eps,2024-12-31
3708,2803afbb-b1c3-43cd-821a-d091721347a5,quarterly_diluted_eps,2024-09-30
3708,2803afbb-b1c3-43cd-821a-d091721347a5,diluted_weighted_average_shares,2026-06-30
3708,2803afbb-b1c3-43cd-821a-d091721347a5,diluted_weighted_average_shares,2026-03-31
3708,2803afbb-b1c3-43cd-821a-d091721347a5,diluted_weighted_average_shares,2025-12-31
3708,2803afbb-b1c3-43cd-821a-d091721347a5,diluted_weighted_average_shares,2025-09-30
3708,2803afbb-b1c3-43cd-821a-d091721347a5,diluted_weighted_average_shares,2025-06-30
3708,2803afbb-b1c3-43cd-821a-d091721347a5,diluted_weighted_average_shares,2025-03-31
3708,2803afbb-b1c3-43cd-821a-d091721347a5,diluted_weighted_average_shares,2024-12-31
3708,2803afbb-b1c3-43cd-821a-d091721347a5,diluted_weighted_average_shares,2024-09-30
3711,7b53c365-3104-4e72-a52b-d4815c53bc3a,quarterly_revenue,2026-06-30
3711,7b53c365-3104-4e72-a52b-d4815c53bc3a,quarterly_revenue,2026-03-31
3711,7b53c365-3104-4e72-a52b-d4815c53bc3a,quarterly_revenue,2025-12-31
3711,7b53c365-3104-4e72-a52b-d4815c53bc3a,quarterly_revenue,2025-09-30
3711,7b53c365-3104-4e72-a52b-d4815c53bc3a,quarterly_revenue,2025-06-30
3711,7b53c365-3104-4e72-a52b-d4815c53bc3a,quarterly_revenue,2025-03-31
3711,7b53c365-3104-4e72-a52b-d4815c53bc3a,quarterly_revenue,2024-12-31
3711,7b53c365-3104-4e72-a52b-d4815c53bc3a,quarterly_revenue,2024-09-30
3711,7b53c365-3104-4e72-a52b-d4815c53bc3a,quarterly_gross_profit,2026-06-30
3711,7b53c365-3104-4e72-a52b-d4815c53bc3a,quarterly_gross_profit,2026-03-31
3711,7b53c365-3104-4e72-a52b-d4815c53bc3a,quarterly_gross_profit,2025-12-31
3711,7b53c365-3104-4e72-a52b-d4815c53bc3a,quarterly_gross_profit,2025-09-30
3711,7b53c365-3104-4e72-a52b-d4815c53bc3a,quarterly_gross_profit,2025-06-30
3711,7b53c365-3104-4e72-a52b-d4815c53bc3a,quarterly_gross_profit,2025-03-31
3711,7b53c365-3104-4e72-a52b-d4815c53bc3a,quarterly_gross_profit,2024-12-31
3711,7b53c365-3104-4e72-a52b-d4815c53bc3a,quarterly_gross_profit,2024-09-30
3711,7b53c365-3104-4e72-a52b-d4815c53bc3a,quarterly_operating_income,2026-06-30
3711,7b53c365-3104-4e72-a52b-d4815c53bc3a,quarterly_operating_income,2026-03-31
3711,7b53c365-3104-4e72-a52b-d4815c53bc3a,quarterly_operating_income,2025-12-31
3711,7b53c365-3104-4e72-a52b-d4815c53bc3a,quarterly_operating_income,2025-09-30
3711,7b53c365-3104-4e72-a52b-d4815c53bc3a,quarterly_operating_income,2025-06-30
3711,7b53c365-3104-4e72-a52b-d4815c53bc3a,quarterly_operating_income,2025-03-31
3711,7b53c365-3104-4e72-a52b-d4815c53bc3a,quarterly_operating_income,2024-12-31
3711,7b53c365-3104-4e72-a52b-d4815c53bc3a,quarterly_operating_income,2024-09-30
3711,7b53c365-3104-4e72-a52b-d4815c53bc3a,quarterly_net_income_attributable_to_common,2026-06-30
3711,7b53c365-3104-4e72-a52b-d4815c53bc3a,quarterly_net_income_attributable_to_common,2026-03-31
3711,7b53c365-3104-4e72-a52b-d4815c53bc3a,quarterly_net_income_attributable_to_common,2025-12-31
3711,7b53c365-3104-4e72-a52b-d4815c53bc3a,quarterly_net_income_attributable_to_common,2025-09-30
3711,7b53c365-3104-4e72-a52b-d4815c53bc3a,quarterly_net_income_attributable_to_common,2025-06-30
3711,7b53c365-3104-4e72-a52b-d4815c53bc3a,quarterly_net_income_attributable_to_common,2025-03-31
3711,7b53c365-3104-4e72-a52b-d4815c53bc3a,quarterly_net_income_attributable_to_common,2024-12-31
3711,7b53c365-3104-4e72-a52b-d4815c53bc3a,quarterly_net_income_attributable_to_common,2024-09-30
3711,7b53c365-3104-4e72-a52b-d4815c53bc3a,quarterly_diluted_eps,2026-06-30
3711,7b53c365-3104-4e72-a52b-d4815c53bc3a,quarterly_diluted_eps,2026-03-31
3711,7b53c365-3104-4e72-a52b-d4815c53bc3a,quarterly_diluted_eps,2025-12-31
3711,7b53c365-3104-4e72-a52b-d4815c53bc3a,quarterly_diluted_eps,2025-09-30
3711,7b53c365-3104-4e72-a52b-d4815c53bc3a,quarterly_diluted_eps,2025-06-30
3711,7b53c365-3104-4e72-a52b-d4815c53bc3a,quarterly_diluted_eps,2025-03-31
3711,7b53c365-3104-4e72-a52b-d4815c53bc3a,quarterly_diluted_eps,2024-12-31
3711,7b53c365-3104-4e72-a52b-d4815c53bc3a,quarterly_diluted_eps,2024-09-30
3711,7b53c365-3104-4e72-a52b-d4815c53bc3a,diluted_weighted_average_shares,2026-06-30
3711,7b53c365-3104-4e72-a52b-d4815c53bc3a,diluted_weighted_average_shares,2026-03-31
3711,7b53c365-3104-4e72-a52b-d4815c53bc3a,diluted_weighted_average_shares,2025-12-31
3711,7b53c365-3104-4e72-a52b-d4815c53bc3a,diluted_weighted_average_shares,2025-09-30
3711,7b53c365-3104-4e72-a52b-d4815c53bc3a,diluted_weighted_average_shares,2025-06-30
3711,7b53c365-3104-4e72-a52b-d4815c53bc3a,diluted_weighted_average_shares,2025-03-31
3711,7b53c365-3104-4e72-a52b-d4815c53bc3a,diluted_weighted_average_shares,2024-12-31
3711,7b53c365-3104-4e72-a52b-d4815c53bc3a,diluted_weighted_average_shares,2024-09-30
3715,cd434d79-1204-4e97-b341-e289b31df45b,quarterly_revenue,2026-06-30
3715,cd434d79-1204-4e97-b341-e289b31df45b,quarterly_revenue,2026-03-31
3715,cd434d79-1204-4e97-b341-e289b31df45b,quarterly_revenue,2025-12-31
3715,cd434d79-1204-4e97-b341-e289b31df45b,quarterly_revenue,2025-09-30
3715,cd434d79-1204-4e97-b341-e289b31df45b,quarterly_revenue,2025-06-30
3715,cd434d79-1204-4e97-b341-e289b31df45b,quarterly_revenue,2025-03-31
3715,cd434d79-1204-4e97-b341-e289b31df45b,quarterly_revenue,2024-12-31
3715,cd434d79-1204-4e97-b341-e289b31df45b,quarterly_revenue,2024-09-30
3715,cd434d79-1204-4e97-b341-e289b31df45b,quarterly_gross_profit,2026-06-30
3715,cd434d79-1204-4e97-b341-e289b31df45b,quarterly_gross_profit,2026-03-31
3715,cd434d79-1204-4e97-b341-e289b31df45b,quarterly_gross_profit,2025-12-31
3715,cd434d79-1204-4e97-b341-e289b31df45b,quarterly_gross_profit,2025-09-30
3715,cd434d79-1204-4e97-b341-e289b31df45b,quarterly_gross_profit,2025-06-30
3715,cd434d79-1204-4e97-b341-e289b31df45b,quarterly_gross_profit,2025-03-31
3715,cd434d79-1204-4e97-b341-e289b31df45b,quarterly_gross_profit,2024-12-31
3715,cd434d79-1204-4e97-b341-e289b31df45b,quarterly_gross_profit,2024-09-30
3715,cd434d79-1204-4e97-b341-e289b31df45b,quarterly_operating_income,2026-06-30
3715,cd434d79-1204-4e97-b341-e289b31df45b,quarterly_operating_income,2026-03-31
3715,cd434d79-1204-4e97-b341-e289b31df45b,quarterly_operating_income,2025-12-31
3715,cd434d79-1204-4e97-b341-e289b31df45b,quarterly_operating_income,2025-09-30
3715,cd434d79-1204-4e97-b341-e289b31df45b,quarterly_operating_income,2025-06-30
3715,cd434d79-1204-4e97-b341-e289b31df45b,quarterly_operating_income,2025-03-31
3715,cd434d79-1204-4e97-b341-e289b31df45b,quarterly_operating_income,2024-12-31
3715,cd434d79-1204-4e97-b341-e289b31df45b,quarterly_operating_income,2024-09-30
3715,cd434d79-1204-4e97-b341-e289b31df45b,quarterly_net_income_attributable_to_common,2026-06-30
3715,cd434d79-1204-4e97-b341-e289b31df45b,quarterly_net_income_attributable_to_common,2026-03-31
3715,cd434d79-1204-4e97-b341-e289b31df45b,quarterly_net_income_attributable_to_common,2025-12-31
3715,cd434d79-1204-4e97-b341-e289b31df45b,quarterly_net_income_attributable_to_common,2025-09-30
3715,cd434d79-1204-4e97-b341-e289b31df45b,quarterly_net_income_attributable_to_common,2025-06-30
3715,cd434d79-1204-4e97-b341-e289b31df45b,quarterly_net_income_attributable_to_common,2025-03-31
3715,cd434d79-1204-4e97-b341-e289b31df45b,quarterly_net_income_attributable_to_common,2024-12-31
3715,cd434d79-1204-4e97-b341-e289b31df45b,quarterly_net_income_attributable_to_common,2024-09-30
3715,cd434d79-1204-4e97-b341-e289b31df45b,quarterly_diluted_eps,2026-06-30
3715,cd434d79-1204-4e97-b341-e289b31df45b,quarterly_diluted_eps,2026-03-31
3715,cd434d79-1204-4e97-b341-e289b31df45b,quarterly_diluted_eps,2025-12-31
3715,cd434d79-1204-4e97-b341-e289b31df45b,quarterly_diluted_eps,2025-09-30
3715,cd434d79-1204-4e97-b341-e289b31df45b,quarterly_diluted_eps,2025-06-30
3715,cd434d79-1204-4e97-b341-e289b31df45b,quarterly_diluted_eps,2025-03-31
3715,cd434d79-1204-4e97-b341-e289b31df45b,quarterly_diluted_eps,2024-12-31
3715,cd434d79-1204-4e97-b341-e289b31df45b,quarterly_diluted_eps,2024-09-30
3715,cd434d79-1204-4e97-b341-e289b31df45b,diluted_weighted_average_shares,2026-06-30
3715,cd434d79-1204-4e97-b341-e289b31df45b,diluted_weighted_average_shares,2026-03-31
3715,cd434d79-1204-4e97-b341-e289b31df45b,diluted_weighted_average_shares,2025-12-31
3715,cd434d79-1204-4e97-b341-e289b31df45b,diluted_weighted_average_shares,2025-09-30
3715,cd434d79-1204-4e97-b341-e289b31df45b,diluted_weighted_average_shares,2025-06-30
3715,cd434d79-1204-4e97-b341-e289b31df45b,diluted_weighted_average_shares,2025-03-31
3715,cd434d79-1204-4e97-b341-e289b31df45b,diluted_weighted_average_shares,2024-12-31
3715,cd434d79-1204-4e97-b341-e289b31df45b,diluted_weighted_average_shares,2024-09-30
3717,2bbde370-f153-4858-956a-0787ab994e4a,quarterly_revenue,2026-06-30
3717,2bbde370-f153-4858-956a-0787ab994e4a,quarterly_revenue,2026-03-31
3717,2bbde370-f153-4858-956a-0787ab994e4a,quarterly_revenue,2025-12-31
3717,2bbde370-f153-4858-956a-0787ab994e4a,quarterly_revenue,2025-09-30
3717,2bbde370-f153-4858-956a-0787ab994e4a,quarterly_revenue,2025-06-30
3717,2bbde370-f153-4858-956a-0787ab994e4a,quarterly_revenue,2025-03-31
3717,2bbde370-f153-4858-956a-0787ab994e4a,quarterly_revenue,2024-12-31
3717,2bbde370-f153-4858-956a-0787ab994e4a,quarterly_revenue,2024-09-30
3717,2bbde370-f153-4858-956a-0787ab994e4a,quarterly_gross_profit,2026-06-30
3717,2bbde370-f153-4858-956a-0787ab994e4a,quarterly_gross_profit,2026-03-31
3717,2bbde370-f153-4858-956a-0787ab994e4a,quarterly_gross_profit,2025-12-31
3717,2bbde370-f153-4858-956a-0787ab994e4a,quarterly_gross_profit,2025-09-30
3717,2bbde370-f153-4858-956a-0787ab994e4a,quarterly_gross_profit,2025-06-30
3717,2bbde370-f153-4858-956a-0787ab994e4a,quarterly_gross_profit,2025-03-31
3717,2bbde370-f153-4858-956a-0787ab994e4a,quarterly_gross_profit,2024-12-31
3717,2bbde370-f153-4858-956a-0787ab994e4a,quarterly_gross_profit,2024-09-30
3717,2bbde370-f153-4858-956a-0787ab994e4a,quarterly_operating_income,2026-06-30
3717,2bbde370-f153-4858-956a-0787ab994e4a,quarterly_operating_income,2026-03-31
3717,2bbde370-f153-4858-956a-0787ab994e4a,quarterly_operating_income,2025-12-31
3717,2bbde370-f153-4858-956a-0787ab994e4a,quarterly_operating_income,2025-09-30
3717,2bbde370-f153-4858-956a-0787ab994e4a,quarterly_operating_income,2025-06-30
3717,2bbde370-f153-4858-956a-0787ab994e4a,quarterly_operating_income,2025-03-31
3717,2bbde370-f153-4858-956a-0787ab994e4a,quarterly_operating_income,2024-12-31
3717,2bbde370-f153-4858-956a-0787ab994e4a,quarterly_operating_income,2024-09-30
3717,2bbde370-f153-4858-956a-0787ab994e4a,quarterly_net_income_attributable_to_common,2026-06-30
3717,2bbde370-f153-4858-956a-0787ab994e4a,quarterly_net_income_attributable_to_common,2026-03-31
3717,2bbde370-f153-4858-956a-0787ab994e4a,quarterly_net_income_attributable_to_common,2025-12-31
3717,2bbde370-f153-4858-956a-0787ab994e4a,quarterly_net_income_attributable_to_common,2025-09-30
3717,2bbde370-f153-4858-956a-0787ab994e4a,quarterly_net_income_attributable_to_common,2025-06-30
3717,2bbde370-f153-4858-956a-0787ab994e4a,quarterly_net_income_attributable_to_common,2025-03-31
3717,2bbde370-f153-4858-956a-0787ab994e4a,quarterly_net_income_attributable_to_common,2024-12-31
3717,2bbde370-f153-4858-956a-0787ab994e4a,quarterly_net_income_attributable_to_common,2024-09-30
3717,2bbde370-f153-4858-956a-0787ab994e4a,quarterly_diluted_eps,2026-06-30
3717,2bbde370-f153-4858-956a-0787ab994e4a,quarterly_diluted_eps,2026-03-31
3717,2bbde370-f153-4858-956a-0787ab994e4a,quarterly_diluted_eps,2025-12-31
3717,2bbde370-f153-4858-956a-0787ab994e4a,quarterly_diluted_eps,2025-09-30
3717,2bbde370-f153-4858-956a-0787ab994e4a,quarterly_diluted_eps,2025-06-30
3717,2bbde370-f153-4858-956a-0787ab994e4a,quarterly_diluted_eps,2025-03-31
3717,2bbde370-f153-4858-956a-0787ab994e4a,quarterly_diluted_eps,2024-12-31
3717,2bbde370-f153-4858-956a-0787ab994e4a,quarterly_diluted_eps,2024-09-30
3717,2bbde370-f153-4858-956a-0787ab994e4a,diluted_weighted_average_shares,2026-06-30
3717,2bbde370-f153-4858-956a-0787ab994e4a,diluted_weighted_average_shares,2026-03-31
3717,2bbde370-f153-4858-956a-0787ab994e4a,diluted_weighted_average_shares,2025-12-31
3717,2bbde370-f153-4858-956a-0787ab994e4a,diluted_weighted_average_shares,2025-09-30
3717,2bbde370-f153-4858-956a-0787ab994e4a,diluted_weighted_average_shares,2025-06-30
3717,2bbde370-f153-4858-956a-0787ab994e4a,diluted_weighted_average_shares,2025-03-31
3717,2bbde370-f153-4858-956a-0787ab994e4a,diluted_weighted_average_shares,2024-12-31
3717,2bbde370-f153-4858-956a-0787ab994e4a,diluted_weighted_average_shares,2024-09-30
4739,e938e574-33b7-483e-8132-c27078892b75,quarterly_revenue,2026-06-30
4739,e938e574-33b7-483e-8132-c27078892b75,quarterly_revenue,2026-03-31
4739,e938e574-33b7-483e-8132-c27078892b75,quarterly_revenue,2025-12-31
4739,e938e574-33b7-483e-8132-c27078892b75,quarterly_revenue,2025-09-30
4739,e938e574-33b7-483e-8132-c27078892b75,quarterly_revenue,2025-06-30
4739,e938e574-33b7-483e-8132-c27078892b75,quarterly_revenue,2025-03-31
4739,e938e574-33b7-483e-8132-c27078892b75,quarterly_revenue,2024-12-31
4739,e938e574-33b7-483e-8132-c27078892b75,quarterly_revenue,2024-09-30
4739,e938e574-33b7-483e-8132-c27078892b75,quarterly_revenue,2024-06-30
4739,e938e574-33b7-483e-8132-c27078892b75,quarterly_revenue,2024-03-31
4739,e938e574-33b7-483e-8132-c27078892b75,quarterly_revenue,2023-12-31
4739,e938e574-33b7-483e-8132-c27078892b75,quarterly_revenue,2023-09-30
4739,e938e574-33b7-483e-8132-c27078892b75,quarterly_revenue,2023-06-30
4739,e938e574-33b7-483e-8132-c27078892b75,quarterly_revenue,2023-03-31
4739,e938e574-33b7-483e-8132-c27078892b75,quarterly_revenue,2022-12-31
4739,e938e574-33b7-483e-8132-c27078892b75,quarterly_revenue,2022-09-30
4739,e938e574-33b7-483e-8132-c27078892b75,quarterly_revenue,2022-06-30
4739,e938e574-33b7-483e-8132-c27078892b75,quarterly_revenue,2022-03-31
4739,e938e574-33b7-483e-8132-c27078892b75,quarterly_revenue,2021-12-31
4739,e938e574-33b7-483e-8132-c27078892b75,quarterly_revenue,2021-09-30
4739,e938e574-33b7-483e-8132-c27078892b75,quarterly_gross_profit,2026-06-30
4739,e938e574-33b7-483e-8132-c27078892b75,quarterly_gross_profit,2026-03-31
4739,e938e574-33b7-483e-8132-c27078892b75,quarterly_gross_profit,2025-12-31
4739,e938e574-33b7-483e-8132-c27078892b75,quarterly_gross_profit,2025-09-30
4739,e938e574-33b7-483e-8132-c27078892b75,quarterly_gross_profit,2025-06-30
4739,e938e574-33b7-483e-8132-c27078892b75,quarterly_gross_profit,2025-03-31
4739,e938e574-33b7-483e-8132-c27078892b75,quarterly_gross_profit,2024-12-31
4739,e938e574-33b7-483e-8132-c27078892b75,quarterly_gross_profit,2024-09-30
4739,e938e574-33b7-483e-8132-c27078892b75,quarterly_gross_profit,2024-06-30
4739,e938e574-33b7-483e-8132-c27078892b75,quarterly_gross_profit,2024-03-31
4739,e938e574-33b7-483e-8132-c27078892b75,quarterly_gross_profit,2023-12-31
4739,e938e574-33b7-483e-8132-c27078892b75,quarterly_gross_profit,2023-09-30
4739,e938e574-33b7-483e-8132-c27078892b75,quarterly_gross_profit,2023-06-30
4739,e938e574-33b7-483e-8132-c27078892b75,quarterly_gross_profit,2023-03-31
4739,e938e574-33b7-483e-8132-c27078892b75,quarterly_gross_profit,2022-12-31
4739,e938e574-33b7-483e-8132-c27078892b75,quarterly_gross_profit,2022-09-30
4739,e938e574-33b7-483e-8132-c27078892b75,quarterly_gross_profit,2022-06-30
4739,e938e574-33b7-483e-8132-c27078892b75,quarterly_gross_profit,2022-03-31
4739,e938e574-33b7-483e-8132-c27078892b75,quarterly_gross_profit,2021-12-31
4739,e938e574-33b7-483e-8132-c27078892b75,quarterly_gross_profit,2021-09-30
4739,e938e574-33b7-483e-8132-c27078892b75,quarterly_operating_income,2026-06-30
4739,e938e574-33b7-483e-8132-c27078892b75,quarterly_operating_income,2026-03-31
4739,e938e574-33b7-483e-8132-c27078892b75,quarterly_operating_income,2025-12-31
4739,e938e574-33b7-483e-8132-c27078892b75,quarterly_operating_income,2025-09-30
4739,e938e574-33b7-483e-8132-c27078892b75,quarterly_operating_income,2025-06-30
4739,e938e574-33b7-483e-8132-c27078892b75,quarterly_operating_income,2025-03-31
4739,e938e574-33b7-483e-8132-c27078892b75,quarterly_operating_income,2024-12-31
4739,e938e574-33b7-483e-8132-c27078892b75,quarterly_operating_income,2024-09-30
4739,e938e574-33b7-483e-8132-c27078892b75,quarterly_operating_income,2024-06-30
4739,e938e574-33b7-483e-8132-c27078892b75,quarterly_operating_income,2024-03-31
4739,e938e574-33b7-483e-8132-c27078892b75,quarterly_operating_income,2023-12-31
4739,e938e574-33b7-483e-8132-c27078892b75,quarterly_operating_income,2023-09-30
4739,e938e574-33b7-483e-8132-c27078892b75,quarterly_operating_income,2023-06-30
4739,e938e574-33b7-483e-8132-c27078892b75,quarterly_operating_income,2023-03-31
4739,e938e574-33b7-483e-8132-c27078892b75,quarterly_operating_income,2022-12-31
4739,e938e574-33b7-483e-8132-c27078892b75,quarterly_operating_income,2022-09-30
4739,e938e574-33b7-483e-8132-c27078892b75,quarterly_operating_income,2022-06-30
4739,e938e574-33b7-483e-8132-c27078892b75,quarterly_operating_income,2022-03-31
4739,e938e574-33b7-483e-8132-c27078892b75,quarterly_operating_income,2021-12-31
4739,e938e574-33b7-483e-8132-c27078892b75,quarterly_operating_income,2021-09-30
4739,e938e574-33b7-483e-8132-c27078892b75,quarterly_net_income_attributable_to_common,2026-06-30
4739,e938e574-33b7-483e-8132-c27078892b75,quarterly_net_income_attributable_to_common,2026-03-31
4739,e938e574-33b7-483e-8132-c27078892b75,quarterly_net_income_attributable_to_common,2025-12-31
4739,e938e574-33b7-483e-8132-c27078892b75,quarterly_net_income_attributable_to_common,2025-09-30
4739,e938e574-33b7-483e-8132-c27078892b75,quarterly_net_income_attributable_to_common,2025-06-30
4739,e938e574-33b7-483e-8132-c27078892b75,quarterly_net_income_attributable_to_common,2025-03-31
4739,e938e574-33b7-483e-8132-c27078892b75,quarterly_net_income_attributable_to_common,2024-12-31
4739,e938e574-33b7-483e-8132-c27078892b75,quarterly_net_income_attributable_to_common,2024-09-30
4739,e938e574-33b7-483e-8132-c27078892b75,quarterly_net_income_attributable_to_common,2024-06-30
4739,e938e574-33b7-483e-8132-c27078892b75,quarterly_net_income_attributable_to_common,2024-03-31
4739,e938e574-33b7-483e-8132-c27078892b75,quarterly_net_income_attributable_to_common,2023-12-31
4739,e938e574-33b7-483e-8132-c27078892b75,quarterly_net_income_attributable_to_common,2023-09-30
4739,e938e574-33b7-483e-8132-c27078892b75,quarterly_net_income_attributable_to_common,2023-06-30
4739,e938e574-33b7-483e-8132-c27078892b75,quarterly_net_income_attributable_to_common,2023-03-31
4739,e938e574-33b7-483e-8132-c27078892b75,quarterly_net_income_attributable_to_common,2022-12-31
4739,e938e574-33b7-483e-8132-c27078892b75,quarterly_net_income_attributable_to_common,2022-09-30
4739,e938e574-33b7-483e-8132-c27078892b75,quarterly_net_income_attributable_to_common,2022-06-30
4739,e938e574-33b7-483e-8132-c27078892b75,quarterly_net_income_attributable_to_common,2022-03-31
4739,e938e574-33b7-483e-8132-c27078892b75,quarterly_net_income_attributable_to_common,2021-12-31
4739,e938e574-33b7-483e-8132-c27078892b75,quarterly_net_income_attributable_to_common,2021-09-30
4739,e938e574-33b7-483e-8132-c27078892b75,quarterly_diluted_eps,2026-06-30
4739,e938e574-33b7-483e-8132-c27078892b75,quarterly_diluted_eps,2026-03-31
4739,e938e574-33b7-483e-8132-c27078892b75,quarterly_diluted_eps,2025-12-31
4739,e938e574-33b7-483e-8132-c27078892b75,quarterly_diluted_eps,2025-09-30
4739,e938e574-33b7-483e-8132-c27078892b75,quarterly_diluted_eps,2025-06-30
4739,e938e574-33b7-483e-8132-c27078892b75,quarterly_diluted_eps,2025-03-31
4739,e938e574-33b7-483e-8132-c27078892b75,quarterly_diluted_eps,2024-12-31
4739,e938e574-33b7-483e-8132-c27078892b75,quarterly_diluted_eps,2024-09-30
4739,e938e574-33b7-483e-8132-c27078892b75,quarterly_diluted_eps,2024-06-30
4739,e938e574-33b7-483e-8132-c27078892b75,quarterly_diluted_eps,2024-03-31
4739,e938e574-33b7-483e-8132-c27078892b75,quarterly_diluted_eps,2023-12-31
4739,e938e574-33b7-483e-8132-c27078892b75,quarterly_diluted_eps,2023-09-30
4739,e938e574-33b7-483e-8132-c27078892b75,quarterly_diluted_eps,2023-06-30
4739,e938e574-33b7-483e-8132-c27078892b75,quarterly_diluted_eps,2023-03-31
4739,e938e574-33b7-483e-8132-c27078892b75,quarterly_diluted_eps,2022-12-31
4739,e938e574-33b7-483e-8132-c27078892b75,quarterly_diluted_eps,2022-09-30
4739,e938e574-33b7-483e-8132-c27078892b75,quarterly_diluted_eps,2022-06-30
4739,e938e574-33b7-483e-8132-c27078892b75,quarterly_diluted_eps,2022-03-31
4739,e938e574-33b7-483e-8132-c27078892b75,quarterly_diluted_eps,2021-12-31
4739,e938e574-33b7-483e-8132-c27078892b75,quarterly_diluted_eps,2021-09-30
4739,e938e574-33b7-483e-8132-c27078892b75,diluted_weighted_average_shares,2026-06-30
4739,e938e574-33b7-483e-8132-c27078892b75,diluted_weighted_average_shares,2026-03-31
4739,e938e574-33b7-483e-8132-c27078892b75,diluted_weighted_average_shares,2025-12-31
4739,e938e574-33b7-483e-8132-c27078892b75,diluted_weighted_average_shares,2025-09-30
4739,e938e574-33b7-483e-8132-c27078892b75,diluted_weighted_average_shares,2025-06-30
4739,e938e574-33b7-483e-8132-c27078892b75,diluted_weighted_average_shares,2025-03-31
4739,e938e574-33b7-483e-8132-c27078892b75,diluted_weighted_average_shares,2024-12-31
4739,e938e574-33b7-483e-8132-c27078892b75,diluted_weighted_average_shares,2024-09-30
4739,e938e574-33b7-483e-8132-c27078892b75,diluted_weighted_average_shares,2024-06-30
4739,e938e574-33b7-483e-8132-c27078892b75,diluted_weighted_average_shares,2024-03-31
4739,e938e574-33b7-483e-8132-c27078892b75,diluted_weighted_average_shares,2023-12-31
4739,e938e574-33b7-483e-8132-c27078892b75,diluted_weighted_average_shares,2023-09-30
4739,e938e574-33b7-483e-8132-c27078892b75,diluted_weighted_average_shares,2023-06-30
4739,e938e574-33b7-483e-8132-c27078892b75,diluted_weighted_average_shares,2023-03-31
4739,e938e574-33b7-483e-8132-c27078892b75,diluted_weighted_average_shares,2022-12-31
4739,e938e574-33b7-483e-8132-c27078892b75,diluted_weighted_average_shares,2022-09-30
4739,e938e574-33b7-483e-8132-c27078892b75,diluted_weighted_average_shares,2022-06-30
4739,e938e574-33b7-483e-8132-c27078892b75,diluted_weighted_average_shares,2022-03-31
4739,e938e574-33b7-483e-8132-c27078892b75,diluted_weighted_average_shares,2021-12-31
4739,e938e574-33b7-483e-8132-c27078892b75,diluted_weighted_average_shares,2021-09-30
4770,a1039919-be75-4c71-acbc-4fef3aa0ff13,quarterly_revenue,2026-06-30
4770,a1039919-be75-4c71-acbc-4fef3aa0ff13,quarterly_revenue,2026-03-31
4770,a1039919-be75-4c71-acbc-4fef3aa0ff13,quarterly_revenue,2025-12-31
4770,a1039919-be75-4c71-acbc-4fef3aa0ff13,quarterly_revenue,2025-09-30
4770,a1039919-be75-4c71-acbc-4fef3aa0ff13,quarterly_revenue,2025-06-30
4770,a1039919-be75-4c71-acbc-4fef3aa0ff13,quarterly_revenue,2025-03-31
4770,a1039919-be75-4c71-acbc-4fef3aa0ff13,quarterly_revenue,2024-12-31
4770,a1039919-be75-4c71-acbc-4fef3aa0ff13,quarterly_revenue,2024-09-30
4770,a1039919-be75-4c71-acbc-4fef3aa0ff13,quarterly_revenue,2024-06-30
4770,a1039919-be75-4c71-acbc-4fef3aa0ff13,quarterly_revenue,2024-03-31
4770,a1039919-be75-4c71-acbc-4fef3aa0ff13,quarterly_revenue,2023-12-31
4770,a1039919-be75-4c71-acbc-4fef3aa0ff13,quarterly_revenue,2023-09-30
4770,a1039919-be75-4c71-acbc-4fef3aa0ff13,quarterly_revenue,2023-06-30
4770,a1039919-be75-4c71-acbc-4fef3aa0ff13,quarterly_revenue,2023-03-31
4770,a1039919-be75-4c71-acbc-4fef3aa0ff13,quarterly_revenue,2022-12-31
4770,a1039919-be75-4c71-acbc-4fef3aa0ff13,quarterly_revenue,2022-09-30
4770,a1039919-be75-4c71-acbc-4fef3aa0ff13,quarterly_revenue,2022-06-30
4770,a1039919-be75-4c71-acbc-4fef3aa0ff13,quarterly_revenue,2022-03-31
4770,a1039919-be75-4c71-acbc-4fef3aa0ff13,quarterly_revenue,2021-12-31
4770,a1039919-be75-4c71-acbc-4fef3aa0ff13,quarterly_revenue,2021-09-30
4770,a1039919-be75-4c71-acbc-4fef3aa0ff13,quarterly_gross_profit,2026-06-30
4770,a1039919-be75-4c71-acbc-4fef3aa0ff13,quarterly_gross_profit,2026-03-31
4770,a1039919-be75-4c71-acbc-4fef3aa0ff13,quarterly_gross_profit,2025-12-31
4770,a1039919-be75-4c71-acbc-4fef3aa0ff13,quarterly_gross_profit,2025-09-30
4770,a1039919-be75-4c71-acbc-4fef3aa0ff13,quarterly_gross_profit,2025-06-30
4770,a1039919-be75-4c71-acbc-4fef3aa0ff13,quarterly_gross_profit,2025-03-31
4770,a1039919-be75-4c71-acbc-4fef3aa0ff13,quarterly_gross_profit,2024-12-31
4770,a1039919-be75-4c71-acbc-4fef3aa0ff13,quarterly_gross_profit,2024-09-30
4770,a1039919-be75-4c71-acbc-4fef3aa0ff13,quarterly_gross_profit,2024-06-30
4770,a1039919-be75-4c71-acbc-4fef3aa0ff13,quarterly_gross_profit,2024-03-31
4770,a1039919-be75-4c71-acbc-4fef3aa0ff13,quarterly_gross_profit,2023-12-31
4770,a1039919-be75-4c71-acbc-4fef3aa0ff13,quarterly_gross_profit,2023-09-30
4770,a1039919-be75-4c71-acbc-4fef3aa0ff13,quarterly_gross_profit,2023-06-30
4770,a1039919-be75-4c71-acbc-4fef3aa0ff13,quarterly_gross_profit,2023-03-31
4770,a1039919-be75-4c71-acbc-4fef3aa0ff13,quarterly_gross_profit,2022-12-31
4770,a1039919-be75-4c71-acbc-4fef3aa0ff13,quarterly_gross_profit,2022-09-30
4770,a1039919-be75-4c71-acbc-4fef3aa0ff13,quarterly_gross_profit,2022-06-30
4770,a1039919-be75-4c71-acbc-4fef3aa0ff13,quarterly_gross_profit,2022-03-31
4770,a1039919-be75-4c71-acbc-4fef3aa0ff13,quarterly_gross_profit,2021-12-31
4770,a1039919-be75-4c71-acbc-4fef3aa0ff13,quarterly_gross_profit,2021-09-30
4770,a1039919-be75-4c71-acbc-4fef3aa0ff13,quarterly_operating_income,2026-06-30
4770,a1039919-be75-4c71-acbc-4fef3aa0ff13,quarterly_operating_income,2026-03-31
4770,a1039919-be75-4c71-acbc-4fef3aa0ff13,quarterly_operating_income,2025-12-31
4770,a1039919-be75-4c71-acbc-4fef3aa0ff13,quarterly_operating_income,2025-09-30
4770,a1039919-be75-4c71-acbc-4fef3aa0ff13,quarterly_operating_income,2025-06-30
4770,a1039919-be75-4c71-acbc-4fef3aa0ff13,quarterly_operating_income,2025-03-31
4770,a1039919-be75-4c71-acbc-4fef3aa0ff13,quarterly_operating_income,2024-12-31
4770,a1039919-be75-4c71-acbc-4fef3aa0ff13,quarterly_operating_income,2024-09-30
4770,a1039919-be75-4c71-acbc-4fef3aa0ff13,quarterly_operating_income,2024-06-30
4770,a1039919-be75-4c71-acbc-4fef3aa0ff13,quarterly_operating_income,2024-03-31
4770,a1039919-be75-4c71-acbc-4fef3aa0ff13,quarterly_operating_income,2023-12-31
4770,a1039919-be75-4c71-acbc-4fef3aa0ff13,quarterly_operating_income,2023-09-30
4770,a1039919-be75-4c71-acbc-4fef3aa0ff13,quarterly_operating_income,2023-06-30
4770,a1039919-be75-4c71-acbc-4fef3aa0ff13,quarterly_operating_income,2023-03-31
4770,a1039919-be75-4c71-acbc-4fef3aa0ff13,quarterly_operating_income,2022-12-31
4770,a1039919-be75-4c71-acbc-4fef3aa0ff13,quarterly_operating_income,2022-09-30
4770,a1039919-be75-4c71-acbc-4fef3aa0ff13,quarterly_operating_income,2022-06-30
4770,a1039919-be75-4c71-acbc-4fef3aa0ff13,quarterly_operating_income,2022-03-31
4770,a1039919-be75-4c71-acbc-4fef3aa0ff13,quarterly_operating_income,2021-12-31
4770,a1039919-be75-4c71-acbc-4fef3aa0ff13,quarterly_operating_income,2021-09-30
4770,a1039919-be75-4c71-acbc-4fef3aa0ff13,quarterly_net_income_attributable_to_common,2026-06-30
4770,a1039919-be75-4c71-acbc-4fef3aa0ff13,quarterly_net_income_attributable_to_common,2026-03-31
4770,a1039919-be75-4c71-acbc-4fef3aa0ff13,quarterly_net_income_attributable_to_common,2025-12-31
4770,a1039919-be75-4c71-acbc-4fef3aa0ff13,quarterly_net_income_attributable_to_common,2025-09-30
4770,a1039919-be75-4c71-acbc-4fef3aa0ff13,quarterly_net_income_attributable_to_common,2025-06-30
4770,a1039919-be75-4c71-acbc-4fef3aa0ff13,quarterly_net_income_attributable_to_common,2025-03-31
4770,a1039919-be75-4c71-acbc-4fef3aa0ff13,quarterly_net_income_attributable_to_common,2024-12-31
4770,a1039919-be75-4c71-acbc-4fef3aa0ff13,quarterly_net_income_attributable_to_common,2024-09-30
4770,a1039919-be75-4c71-acbc-4fef3aa0ff13,quarterly_net_income_attributable_to_common,2024-06-30
4770,a1039919-be75-4c71-acbc-4fef3aa0ff13,quarterly_net_income_attributable_to_common,2024-03-31
4770,a1039919-be75-4c71-acbc-4fef3aa0ff13,quarterly_net_income_attributable_to_common,2023-12-31
4770,a1039919-be75-4c71-acbc-4fef3aa0ff13,quarterly_net_income_attributable_to_common,2023-09-30
4770,a1039919-be75-4c71-acbc-4fef3aa0ff13,quarterly_net_income_attributable_to_common,2023-06-30
4770,a1039919-be75-4c71-acbc-4fef3aa0ff13,quarterly_net_income_attributable_to_common,2023-03-31
4770,a1039919-be75-4c71-acbc-4fef3aa0ff13,quarterly_net_income_attributable_to_common,2022-12-31
4770,a1039919-be75-4c71-acbc-4fef3aa0ff13,quarterly_net_income_attributable_to_common,2022-09-30
4770,a1039919-be75-4c71-acbc-4fef3aa0ff13,quarterly_net_income_attributable_to_common,2022-06-30
4770,a1039919-be75-4c71-acbc-4fef3aa0ff13,quarterly_net_income_attributable_to_common,2022-03-31
4770,a1039919-be75-4c71-acbc-4fef3aa0ff13,quarterly_net_income_attributable_to_common,2021-12-31
4770,a1039919-be75-4c71-acbc-4fef3aa0ff13,quarterly_net_income_attributable_to_common,2021-09-30
4770,a1039919-be75-4c71-acbc-4fef3aa0ff13,quarterly_diluted_eps,2026-06-30
4770,a1039919-be75-4c71-acbc-4fef3aa0ff13,quarterly_diluted_eps,2026-03-31
4770,a1039919-be75-4c71-acbc-4fef3aa0ff13,quarterly_diluted_eps,2025-12-31
4770,a1039919-be75-4c71-acbc-4fef3aa0ff13,quarterly_diluted_eps,2025-09-30
4770,a1039919-be75-4c71-acbc-4fef3aa0ff13,quarterly_diluted_eps,2025-06-30
4770,a1039919-be75-4c71-acbc-4fef3aa0ff13,quarterly_diluted_eps,2025-03-31
4770,a1039919-be75-4c71-acbc-4fef3aa0ff13,quarterly_diluted_eps,2024-12-31
4770,a1039919-be75-4c71-acbc-4fef3aa0ff13,quarterly_diluted_eps,2024-09-30
4770,a1039919-be75-4c71-acbc-4fef3aa0ff13,quarterly_diluted_eps,2024-06-30
4770,a1039919-be75-4c71-acbc-4fef3aa0ff13,quarterly_diluted_eps,2024-03-31
4770,a1039919-be75-4c71-acbc-4fef3aa0ff13,quarterly_diluted_eps,2023-12-31
4770,a1039919-be75-4c71-acbc-4fef3aa0ff13,quarterly_diluted_eps,2023-09-30
4770,a1039919-be75-4c71-acbc-4fef3aa0ff13,quarterly_diluted_eps,2023-06-30
4770,a1039919-be75-4c71-acbc-4fef3aa0ff13,quarterly_diluted_eps,2023-03-31
4770,a1039919-be75-4c71-acbc-4fef3aa0ff13,quarterly_diluted_eps,2022-12-31
4770,a1039919-be75-4c71-acbc-4fef3aa0ff13,quarterly_diluted_eps,2022-09-30
4770,a1039919-be75-4c71-acbc-4fef3aa0ff13,quarterly_diluted_eps,2022-06-30
4770,a1039919-be75-4c71-acbc-4fef3aa0ff13,quarterly_diluted_eps,2022-03-31
4770,a1039919-be75-4c71-acbc-4fef3aa0ff13,quarterly_diluted_eps,2021-12-31
4770,a1039919-be75-4c71-acbc-4fef3aa0ff13,quarterly_diluted_eps,2021-09-30
4770,a1039919-be75-4c71-acbc-4fef3aa0ff13,diluted_weighted_average_shares,2026-06-30
4770,a1039919-be75-4c71-acbc-4fef3aa0ff13,diluted_weighted_average_shares,2026-03-31
4770,a1039919-be75-4c71-acbc-4fef3aa0ff13,diluted_weighted_average_shares,2025-12-31
4770,a1039919-be75-4c71-acbc-4fef3aa0ff13,diluted_weighted_average_shares,2025-09-30
4770,a1039919-be75-4c71-acbc-4fef3aa0ff13,diluted_weighted_average_shares,2025-06-30
4770,a1039919-be75-4c71-acbc-4fef3aa0ff13,diluted_weighted_average_shares,2025-03-31
4770,a1039919-be75-4c71-acbc-4fef3aa0ff13,diluted_weighted_average_shares,2024-12-31
4770,a1039919-be75-4c71-acbc-4fef3aa0ff13,diluted_weighted_average_shares,2024-09-30
4770,a1039919-be75-4c71-acbc-4fef3aa0ff13,diluted_weighted_average_shares,2024-06-30
4770,a1039919-be75-4c71-acbc-4fef3aa0ff13,diluted_weighted_average_shares,2024-03-31
4770,a1039919-be75-4c71-acbc-4fef3aa0ff13,diluted_weighted_average_shares,2023-12-31
4770,a1039919-be75-4c71-acbc-4fef3aa0ff13,diluted_weighted_average_shares,2023-09-30
4770,a1039919-be75-4c71-acbc-4fef3aa0ff13,diluted_weighted_average_shares,2023-06-30
4770,a1039919-be75-4c71-acbc-4fef3aa0ff13,diluted_weighted_average_shares,2023-03-31
4770,a1039919-be75-4c71-acbc-4fef3aa0ff13,diluted_weighted_average_shares,2022-12-31
4770,a1039919-be75-4c71-acbc-4fef3aa0ff13,diluted_weighted_average_shares,2022-09-30
4770,a1039919-be75-4c71-acbc-4fef3aa0ff13,diluted_weighted_average_shares,2022-06-30
4770,a1039919-be75-4c71-acbc-4fef3aa0ff13,diluted_weighted_average_shares,2022-03-31
4770,a1039919-be75-4c71-acbc-4fef3aa0ff13,diluted_weighted_average_shares,2021-12-31
4770,a1039919-be75-4c71-acbc-4fef3aa0ff13,diluted_weighted_average_shares,2021-09-30
4804,0c1371f1-b03f-4820-a67f-61e2bafc8d5a,quarterly_revenue,2026-06-30
4804,0c1371f1-b03f-4820-a67f-61e2bafc8d5a,quarterly_revenue,2026-03-31
4804,0c1371f1-b03f-4820-a67f-61e2bafc8d5a,quarterly_revenue,2025-12-31
4804,0c1371f1-b03f-4820-a67f-61e2bafc8d5a,quarterly_revenue,2025-09-30
4804,0c1371f1-b03f-4820-a67f-61e2bafc8d5a,quarterly_revenue,2025-06-30
4804,0c1371f1-b03f-4820-a67f-61e2bafc8d5a,quarterly_revenue,2025-03-31
4804,0c1371f1-b03f-4820-a67f-61e2bafc8d5a,quarterly_revenue,2024-12-31
4804,0c1371f1-b03f-4820-a67f-61e2bafc8d5a,quarterly_revenue,2024-09-30
4804,0c1371f1-b03f-4820-a67f-61e2bafc8d5a,quarterly_gross_profit,2026-06-30
4804,0c1371f1-b03f-4820-a67f-61e2bafc8d5a,quarterly_gross_profit,2026-03-31
4804,0c1371f1-b03f-4820-a67f-61e2bafc8d5a,quarterly_gross_profit,2025-12-31
4804,0c1371f1-b03f-4820-a67f-61e2bafc8d5a,quarterly_gross_profit,2025-09-30
4804,0c1371f1-b03f-4820-a67f-61e2bafc8d5a,quarterly_gross_profit,2025-06-30
4804,0c1371f1-b03f-4820-a67f-61e2bafc8d5a,quarterly_gross_profit,2025-03-31
4804,0c1371f1-b03f-4820-a67f-61e2bafc8d5a,quarterly_gross_profit,2024-12-31
4804,0c1371f1-b03f-4820-a67f-61e2bafc8d5a,quarterly_gross_profit,2024-09-30
4804,0c1371f1-b03f-4820-a67f-61e2bafc8d5a,quarterly_operating_income,2026-06-30
4804,0c1371f1-b03f-4820-a67f-61e2bafc8d5a,quarterly_operating_income,2026-03-31
4804,0c1371f1-b03f-4820-a67f-61e2bafc8d5a,quarterly_operating_income,2025-12-31
4804,0c1371f1-b03f-4820-a67f-61e2bafc8d5a,quarterly_operating_income,2025-09-30
4804,0c1371f1-b03f-4820-a67f-61e2bafc8d5a,quarterly_operating_income,2025-06-30
4804,0c1371f1-b03f-4820-a67f-61e2bafc8d5a,quarterly_operating_income,2025-03-31
4804,0c1371f1-b03f-4820-a67f-61e2bafc8d5a,quarterly_operating_income,2024-12-31
4804,0c1371f1-b03f-4820-a67f-61e2bafc8d5a,quarterly_operating_income,2024-09-30
4804,0c1371f1-b03f-4820-a67f-61e2bafc8d5a,quarterly_net_income_attributable_to_common,2026-06-30
4804,0c1371f1-b03f-4820-a67f-61e2bafc8d5a,quarterly_net_income_attributable_to_common,2026-03-31
4804,0c1371f1-b03f-4820-a67f-61e2bafc8d5a,quarterly_net_income_attributable_to_common,2025-12-31
4804,0c1371f1-b03f-4820-a67f-61e2bafc8d5a,quarterly_net_income_attributable_to_common,2025-09-30
4804,0c1371f1-b03f-4820-a67f-61e2bafc8d5a,quarterly_net_income_attributable_to_common,2025-06-30
4804,0c1371f1-b03f-4820-a67f-61e2bafc8d5a,quarterly_net_income_attributable_to_common,2025-03-31
4804,0c1371f1-b03f-4820-a67f-61e2bafc8d5a,quarterly_net_income_attributable_to_common,2024-12-31
4804,0c1371f1-b03f-4820-a67f-61e2bafc8d5a,quarterly_net_income_attributable_to_common,2024-09-30
4804,0c1371f1-b03f-4820-a67f-61e2bafc8d5a,quarterly_diluted_eps,2026-06-30
4804,0c1371f1-b03f-4820-a67f-61e2bafc8d5a,quarterly_diluted_eps,2026-03-31
4804,0c1371f1-b03f-4820-a67f-61e2bafc8d5a,quarterly_diluted_eps,2025-12-31
4804,0c1371f1-b03f-4820-a67f-61e2bafc8d5a,quarterly_diluted_eps,2025-09-30
4804,0c1371f1-b03f-4820-a67f-61e2bafc8d5a,quarterly_diluted_eps,2025-06-30
4804,0c1371f1-b03f-4820-a67f-61e2bafc8d5a,quarterly_diluted_eps,2025-03-31
4804,0c1371f1-b03f-4820-a67f-61e2bafc8d5a,quarterly_diluted_eps,2024-12-31
4804,0c1371f1-b03f-4820-a67f-61e2bafc8d5a,quarterly_diluted_eps,2024-09-30
4804,0c1371f1-b03f-4820-a67f-61e2bafc8d5a,diluted_weighted_average_shares,2026-06-30
4804,0c1371f1-b03f-4820-a67f-61e2bafc8d5a,diluted_weighted_average_shares,2026-03-31
4804,0c1371f1-b03f-4820-a67f-61e2bafc8d5a,diluted_weighted_average_shares,2025-12-31
4804,0c1371f1-b03f-4820-a67f-61e2bafc8d5a,diluted_weighted_average_shares,2025-09-30
4804,0c1371f1-b03f-4820-a67f-61e2bafc8d5a,diluted_weighted_average_shares,2025-06-30
4804,0c1371f1-b03f-4820-a67f-61e2bafc8d5a,diluted_weighted_average_shares,2025-03-31
4804,0c1371f1-b03f-4820-a67f-61e2bafc8d5a,diluted_weighted_average_shares,2024-12-31
4804,0c1371f1-b03f-4820-a67f-61e2bafc8d5a,diluted_weighted_average_shares,2024-09-30
4903,026bc2b9-afce-46d2-979a-e6144c204f20,quarterly_revenue,2026-06-30
4903,026bc2b9-afce-46d2-979a-e6144c204f20,quarterly_revenue,2026-03-31
4903,026bc2b9-afce-46d2-979a-e6144c204f20,quarterly_revenue,2025-12-31
4903,026bc2b9-afce-46d2-979a-e6144c204f20,quarterly_revenue,2025-09-30
4903,026bc2b9-afce-46d2-979a-e6144c204f20,quarterly_revenue,2025-06-30
4903,026bc2b9-afce-46d2-979a-e6144c204f20,quarterly_revenue,2025-03-31
4903,026bc2b9-afce-46d2-979a-e6144c204f20,quarterly_revenue,2024-12-31
4903,026bc2b9-afce-46d2-979a-e6144c204f20,quarterly_revenue,2024-09-30
4903,026bc2b9-afce-46d2-979a-e6144c204f20,quarterly_gross_profit,2026-06-30
4903,026bc2b9-afce-46d2-979a-e6144c204f20,quarterly_gross_profit,2026-03-31
4903,026bc2b9-afce-46d2-979a-e6144c204f20,quarterly_gross_profit,2025-12-31
4903,026bc2b9-afce-46d2-979a-e6144c204f20,quarterly_gross_profit,2025-09-30
4903,026bc2b9-afce-46d2-979a-e6144c204f20,quarterly_gross_profit,2025-06-30
4903,026bc2b9-afce-46d2-979a-e6144c204f20,quarterly_gross_profit,2025-03-31
4903,026bc2b9-afce-46d2-979a-e6144c204f20,quarterly_gross_profit,2024-12-31
4903,026bc2b9-afce-46d2-979a-e6144c204f20,quarterly_gross_profit,2024-09-30
4903,026bc2b9-afce-46d2-979a-e6144c204f20,quarterly_operating_income,2026-06-30
4903,026bc2b9-afce-46d2-979a-e6144c204f20,quarterly_operating_income,2026-03-31
4903,026bc2b9-afce-46d2-979a-e6144c204f20,quarterly_operating_income,2025-12-31
4903,026bc2b9-afce-46d2-979a-e6144c204f20,quarterly_operating_income,2025-09-30
4903,026bc2b9-afce-46d2-979a-e6144c204f20,quarterly_operating_income,2025-06-30
4903,026bc2b9-afce-46d2-979a-e6144c204f20,quarterly_operating_income,2025-03-31
4903,026bc2b9-afce-46d2-979a-e6144c204f20,quarterly_operating_income,2024-12-31
4903,026bc2b9-afce-46d2-979a-e6144c204f20,quarterly_operating_income,2024-09-30
4903,026bc2b9-afce-46d2-979a-e6144c204f20,quarterly_net_income_attributable_to_common,2026-06-30
4903,026bc2b9-afce-46d2-979a-e6144c204f20,quarterly_net_income_attributable_to_common,2026-03-31
4903,026bc2b9-afce-46d2-979a-e6144c204f20,quarterly_net_income_attributable_to_common,2025-12-31
4903,026bc2b9-afce-46d2-979a-e6144c204f20,quarterly_net_income_attributable_to_common,2025-09-30
4903,026bc2b9-afce-46d2-979a-e6144c204f20,quarterly_net_income_attributable_to_common,2025-06-30
4903,026bc2b9-afce-46d2-979a-e6144c204f20,quarterly_net_income_attributable_to_common,2025-03-31
4903,026bc2b9-afce-46d2-979a-e6144c204f20,quarterly_net_income_attributable_to_common,2024-12-31
4903,026bc2b9-afce-46d2-979a-e6144c204f20,quarterly_net_income_attributable_to_common,2024-09-30
4903,026bc2b9-afce-46d2-979a-e6144c204f20,quarterly_diluted_eps,2026-06-30
4903,026bc2b9-afce-46d2-979a-e6144c204f20,quarterly_diluted_eps,2026-03-31
4903,026bc2b9-afce-46d2-979a-e6144c204f20,quarterly_diluted_eps,2025-12-31
4903,026bc2b9-afce-46d2-979a-e6144c204f20,quarterly_diluted_eps,2025-09-30
4903,026bc2b9-afce-46d2-979a-e6144c204f20,quarterly_diluted_eps,2025-06-30
4903,026bc2b9-afce-46d2-979a-e6144c204f20,quarterly_diluted_eps,2025-03-31
4903,026bc2b9-afce-46d2-979a-e6144c204f20,quarterly_diluted_eps,2024-12-31
4903,026bc2b9-afce-46d2-979a-e6144c204f20,quarterly_diluted_eps,2024-09-30
4903,026bc2b9-afce-46d2-979a-e6144c204f20,diluted_weighted_average_shares,2026-06-30
4903,026bc2b9-afce-46d2-979a-e6144c204f20,diluted_weighted_average_shares,2026-03-31
4903,026bc2b9-afce-46d2-979a-e6144c204f20,diluted_weighted_average_shares,2025-12-31
4903,026bc2b9-afce-46d2-979a-e6144c204f20,diluted_weighted_average_shares,2025-09-30
4903,026bc2b9-afce-46d2-979a-e6144c204f20,diluted_weighted_average_shares,2025-06-30
4903,026bc2b9-afce-46d2-979a-e6144c204f20,diluted_weighted_average_shares,2025-03-31
4903,026bc2b9-afce-46d2-979a-e6144c204f20,diluted_weighted_average_shares,2024-12-31
4903,026bc2b9-afce-46d2-979a-e6144c204f20,diluted_weighted_average_shares,2024-09-30
4908,7ef647e1-5935-41d1-a7c9-6827375357f2,quarterly_revenue,2026-06-30
4908,7ef647e1-5935-41d1-a7c9-6827375357f2,quarterly_revenue,2026-03-31
4908,7ef647e1-5935-41d1-a7c9-6827375357f2,quarterly_revenue,2025-12-31
4908,7ef647e1-5935-41d1-a7c9-6827375357f2,quarterly_revenue,2025-09-30
4908,7ef647e1-5935-41d1-a7c9-6827375357f2,quarterly_revenue,2025-06-30
4908,7ef647e1-5935-41d1-a7c9-6827375357f2,quarterly_revenue,2025-03-31
4908,7ef647e1-5935-41d1-a7c9-6827375357f2,quarterly_revenue,2024-12-31
4908,7ef647e1-5935-41d1-a7c9-6827375357f2,quarterly_revenue,2024-09-30
4908,7ef647e1-5935-41d1-a7c9-6827375357f2,quarterly_gross_profit,2026-06-30
4908,7ef647e1-5935-41d1-a7c9-6827375357f2,quarterly_gross_profit,2026-03-31
4908,7ef647e1-5935-41d1-a7c9-6827375357f2,quarterly_gross_profit,2025-12-31
4908,7ef647e1-5935-41d1-a7c9-6827375357f2,quarterly_gross_profit,2025-09-30
4908,7ef647e1-5935-41d1-a7c9-6827375357f2,quarterly_gross_profit,2025-06-30
4908,7ef647e1-5935-41d1-a7c9-6827375357f2,quarterly_gross_profit,2025-03-31
4908,7ef647e1-5935-41d1-a7c9-6827375357f2,quarterly_gross_profit,2024-12-31
4908,7ef647e1-5935-41d1-a7c9-6827375357f2,quarterly_gross_profit,2024-09-30
4908,7ef647e1-5935-41d1-a7c9-6827375357f2,quarterly_operating_income,2026-06-30
4908,7ef647e1-5935-41d1-a7c9-6827375357f2,quarterly_operating_income,2026-03-31
4908,7ef647e1-5935-41d1-a7c9-6827375357f2,quarterly_operating_income,2025-12-31
4908,7ef647e1-5935-41d1-a7c9-6827375357f2,quarterly_operating_income,2025-09-30
4908,7ef647e1-5935-41d1-a7c9-6827375357f2,quarterly_operating_income,2025-06-30
4908,7ef647e1-5935-41d1-a7c9-6827375357f2,quarterly_operating_income,2025-03-31
4908,7ef647e1-5935-41d1-a7c9-6827375357f2,quarterly_operating_income,2024-12-31
4908,7ef647e1-5935-41d1-a7c9-6827375357f2,quarterly_operating_income,2024-09-30
4908,7ef647e1-5935-41d1-a7c9-6827375357f2,quarterly_net_income_attributable_to_common,2026-06-30
4908,7ef647e1-5935-41d1-a7c9-6827375357f2,quarterly_net_income_attributable_to_common,2026-03-31
4908,7ef647e1-5935-41d1-a7c9-6827375357f2,quarterly_net_income_attributable_to_common,2025-12-31
4908,7ef647e1-5935-41d1-a7c9-6827375357f2,quarterly_net_income_attributable_to_common,2025-09-30
4908,7ef647e1-5935-41d1-a7c9-6827375357f2,quarterly_net_income_attributable_to_common,2025-06-30
4908,7ef647e1-5935-41d1-a7c9-6827375357f2,quarterly_net_income_attributable_to_common,2025-03-31
4908,7ef647e1-5935-41d1-a7c9-6827375357f2,quarterly_net_income_attributable_to_common,2024-12-31
4908,7ef647e1-5935-41d1-a7c9-6827375357f2,quarterly_net_income_attributable_to_common,2024-09-30
4908,7ef647e1-5935-41d1-a7c9-6827375357f2,quarterly_diluted_eps,2026-06-30
4908,7ef647e1-5935-41d1-a7c9-6827375357f2,quarterly_diluted_eps,2026-03-31
4908,7ef647e1-5935-41d1-a7c9-6827375357f2,quarterly_diluted_eps,2025-12-31
4908,7ef647e1-5935-41d1-a7c9-6827375357f2,quarterly_diluted_eps,2025-09-30
4908,7ef647e1-5935-41d1-a7c9-6827375357f2,quarterly_diluted_eps,2025-06-30
4908,7ef647e1-5935-41d1-a7c9-6827375357f2,quarterly_diluted_eps,2025-03-31
4908,7ef647e1-5935-41d1-a7c9-6827375357f2,quarterly_diluted_eps,2024-12-31
4908,7ef647e1-5935-41d1-a7c9-6827375357f2,quarterly_diluted_eps,2024-09-30
4908,7ef647e1-5935-41d1-a7c9-6827375357f2,diluted_weighted_average_shares,2026-06-30
4908,7ef647e1-5935-41d1-a7c9-6827375357f2,diluted_weighted_average_shares,2026-03-31
4908,7ef647e1-5935-41d1-a7c9-6827375357f2,diluted_weighted_average_shares,2025-12-31
4908,7ef647e1-5935-41d1-a7c9-6827375357f2,diluted_weighted_average_shares,2025-09-30
4908,7ef647e1-5935-41d1-a7c9-6827375357f2,diluted_weighted_average_shares,2025-06-30
4908,7ef647e1-5935-41d1-a7c9-6827375357f2,diluted_weighted_average_shares,2025-03-31
4908,7ef647e1-5935-41d1-a7c9-6827375357f2,diluted_weighted_average_shares,2024-12-31
4908,7ef647e1-5935-41d1-a7c9-6827375357f2,diluted_weighted_average_shares,2024-09-30
4916,573ab4c7-e042-406e-b540-73f6e07cb782,quarterly_revenue,2026-06-30
4916,573ab4c7-e042-406e-b540-73f6e07cb782,quarterly_revenue,2026-03-31
4916,573ab4c7-e042-406e-b540-73f6e07cb782,quarterly_revenue,2025-12-31
4916,573ab4c7-e042-406e-b540-73f6e07cb782,quarterly_revenue,2025-09-30
4916,573ab4c7-e042-406e-b540-73f6e07cb782,quarterly_revenue,2025-06-30
4916,573ab4c7-e042-406e-b540-73f6e07cb782,quarterly_revenue,2025-03-31
4916,573ab4c7-e042-406e-b540-73f6e07cb782,quarterly_revenue,2024-12-31
4916,573ab4c7-e042-406e-b540-73f6e07cb782,quarterly_revenue,2024-09-30
4916,573ab4c7-e042-406e-b540-73f6e07cb782,quarterly_gross_profit,2026-06-30
4916,573ab4c7-e042-406e-b540-73f6e07cb782,quarterly_gross_profit,2026-03-31
4916,573ab4c7-e042-406e-b540-73f6e07cb782,quarterly_gross_profit,2025-12-31
4916,573ab4c7-e042-406e-b540-73f6e07cb782,quarterly_gross_profit,2025-09-30
4916,573ab4c7-e042-406e-b540-73f6e07cb782,quarterly_gross_profit,2025-06-30
4916,573ab4c7-e042-406e-b540-73f6e07cb782,quarterly_gross_profit,2025-03-31
4916,573ab4c7-e042-406e-b540-73f6e07cb782,quarterly_gross_profit,2024-12-31
4916,573ab4c7-e042-406e-b540-73f6e07cb782,quarterly_gross_profit,2024-09-30
4916,573ab4c7-e042-406e-b540-73f6e07cb782,quarterly_operating_income,2026-06-30
4916,573ab4c7-e042-406e-b540-73f6e07cb782,quarterly_operating_income,2026-03-31
4916,573ab4c7-e042-406e-b540-73f6e07cb782,quarterly_operating_income,2025-12-31
4916,573ab4c7-e042-406e-b540-73f6e07cb782,quarterly_operating_income,2025-09-30
4916,573ab4c7-e042-406e-b540-73f6e07cb782,quarterly_operating_income,2025-06-30
4916,573ab4c7-e042-406e-b540-73f6e07cb782,quarterly_operating_income,2025-03-31
4916,573ab4c7-e042-406e-b540-73f6e07cb782,quarterly_operating_income,2024-12-31
4916,573ab4c7-e042-406e-b540-73f6e07cb782,quarterly_operating_income,2024-09-30
4916,573ab4c7-e042-406e-b540-73f6e07cb782,quarterly_net_income_attributable_to_common,2026-06-30
4916,573ab4c7-e042-406e-b540-73f6e07cb782,quarterly_net_income_attributable_to_common,2026-03-31
4916,573ab4c7-e042-406e-b540-73f6e07cb782,quarterly_net_income_attributable_to_common,2025-12-31
4916,573ab4c7-e042-406e-b540-73f6e07cb782,quarterly_net_income_attributable_to_common,2025-09-30
4916,573ab4c7-e042-406e-b540-73f6e07cb782,quarterly_net_income_attributable_to_common,2025-06-30
4916,573ab4c7-e042-406e-b540-73f6e07cb782,quarterly_net_income_attributable_to_common,2025-03-31
4916,573ab4c7-e042-406e-b540-73f6e07cb782,quarterly_net_income_attributable_to_common,2024-12-31
4916,573ab4c7-e042-406e-b540-73f6e07cb782,quarterly_net_income_attributable_to_common,2024-09-30
4916,573ab4c7-e042-406e-b540-73f6e07cb782,quarterly_diluted_eps,2026-06-30
4916,573ab4c7-e042-406e-b540-73f6e07cb782,quarterly_diluted_eps,2026-03-31
4916,573ab4c7-e042-406e-b540-73f6e07cb782,quarterly_diluted_eps,2025-12-31
4916,573ab4c7-e042-406e-b540-73f6e07cb782,quarterly_diluted_eps,2025-09-30
4916,573ab4c7-e042-406e-b540-73f6e07cb782,quarterly_diluted_eps,2025-06-30
4916,573ab4c7-e042-406e-b540-73f6e07cb782,quarterly_diluted_eps,2025-03-31
4916,573ab4c7-e042-406e-b540-73f6e07cb782,quarterly_diluted_eps,2024-12-31
4916,573ab4c7-e042-406e-b540-73f6e07cb782,quarterly_diluted_eps,2024-09-30
4916,573ab4c7-e042-406e-b540-73f6e07cb782,diluted_weighted_average_shares,2026-06-30
4916,573ab4c7-e042-406e-b540-73f6e07cb782,diluted_weighted_average_shares,2026-03-31
4916,573ab4c7-e042-406e-b540-73f6e07cb782,diluted_weighted_average_shares,2025-12-31
4916,573ab4c7-e042-406e-b540-73f6e07cb782,diluted_weighted_average_shares,2025-09-30
4916,573ab4c7-e042-406e-b540-73f6e07cb782,diluted_weighted_average_shares,2025-06-30
4916,573ab4c7-e042-406e-b540-73f6e07cb782,diluted_weighted_average_shares,2025-03-31
4916,573ab4c7-e042-406e-b540-73f6e07cb782,diluted_weighted_average_shares,2024-12-31
4916,573ab4c7-e042-406e-b540-73f6e07cb782,diluted_weighted_average_shares,2024-09-30
4919,f60ac3b8-8232-4941-83bd-fe9ad436174f,quarterly_revenue,2026-06-30
4919,f60ac3b8-8232-4941-83bd-fe9ad436174f,quarterly_revenue,2026-03-31
4919,f60ac3b8-8232-4941-83bd-fe9ad436174f,quarterly_revenue,2025-12-31
4919,f60ac3b8-8232-4941-83bd-fe9ad436174f,quarterly_revenue,2025-09-30
4919,f60ac3b8-8232-4941-83bd-fe9ad436174f,quarterly_revenue,2025-06-30
4919,f60ac3b8-8232-4941-83bd-fe9ad436174f,quarterly_revenue,2025-03-31
4919,f60ac3b8-8232-4941-83bd-fe9ad436174f,quarterly_revenue,2024-12-31
4919,f60ac3b8-8232-4941-83bd-fe9ad436174f,quarterly_revenue,2024-09-30
4919,f60ac3b8-8232-4941-83bd-fe9ad436174f,quarterly_gross_profit,2026-06-30
4919,f60ac3b8-8232-4941-83bd-fe9ad436174f,quarterly_gross_profit,2026-03-31
4919,f60ac3b8-8232-4941-83bd-fe9ad436174f,quarterly_gross_profit,2025-12-31
4919,f60ac3b8-8232-4941-83bd-fe9ad436174f,quarterly_gross_profit,2025-09-30
4919,f60ac3b8-8232-4941-83bd-fe9ad436174f,quarterly_gross_profit,2025-06-30
4919,f60ac3b8-8232-4941-83bd-fe9ad436174f,quarterly_gross_profit,2025-03-31
4919,f60ac3b8-8232-4941-83bd-fe9ad436174f,quarterly_gross_profit,2024-12-31
4919,f60ac3b8-8232-4941-83bd-fe9ad436174f,quarterly_gross_profit,2024-09-30
4919,f60ac3b8-8232-4941-83bd-fe9ad436174f,quarterly_operating_income,2026-06-30
4919,f60ac3b8-8232-4941-83bd-fe9ad436174f,quarterly_operating_income,2026-03-31
4919,f60ac3b8-8232-4941-83bd-fe9ad436174f,quarterly_operating_income,2025-12-31
4919,f60ac3b8-8232-4941-83bd-fe9ad436174f,quarterly_operating_income,2025-09-30
4919,f60ac3b8-8232-4941-83bd-fe9ad436174f,quarterly_operating_income,2025-06-30
4919,f60ac3b8-8232-4941-83bd-fe9ad436174f,quarterly_operating_income,2025-03-31
4919,f60ac3b8-8232-4941-83bd-fe9ad436174f,quarterly_operating_income,2024-12-31
4919,f60ac3b8-8232-4941-83bd-fe9ad436174f,quarterly_operating_income,2024-09-30
4919,f60ac3b8-8232-4941-83bd-fe9ad436174f,quarterly_net_income_attributable_to_common,2026-06-30
4919,f60ac3b8-8232-4941-83bd-fe9ad436174f,quarterly_net_income_attributable_to_common,2026-03-31
4919,f60ac3b8-8232-4941-83bd-fe9ad436174f,quarterly_net_income_attributable_to_common,2025-12-31
4919,f60ac3b8-8232-4941-83bd-fe9ad436174f,quarterly_net_income_attributable_to_common,2025-09-30
4919,f60ac3b8-8232-4941-83bd-fe9ad436174f,quarterly_net_income_attributable_to_common,2025-06-30
4919,f60ac3b8-8232-4941-83bd-fe9ad436174f,quarterly_net_income_attributable_to_common,2025-03-31
4919,f60ac3b8-8232-4941-83bd-fe9ad436174f,quarterly_net_income_attributable_to_common,2024-12-31
4919,f60ac3b8-8232-4941-83bd-fe9ad436174f,quarterly_net_income_attributable_to_common,2024-09-30
4919,f60ac3b8-8232-4941-83bd-fe9ad436174f,quarterly_diluted_eps,2026-06-30
4919,f60ac3b8-8232-4941-83bd-fe9ad436174f,quarterly_diluted_eps,2026-03-31
4919,f60ac3b8-8232-4941-83bd-fe9ad436174f,quarterly_diluted_eps,2025-12-31
4919,f60ac3b8-8232-4941-83bd-fe9ad436174f,quarterly_diluted_eps,2025-09-30
4919,f60ac3b8-8232-4941-83bd-fe9ad436174f,quarterly_diluted_eps,2025-06-30
4919,f60ac3b8-8232-4941-83bd-fe9ad436174f,quarterly_diluted_eps,2025-03-31
4919,f60ac3b8-8232-4941-83bd-fe9ad436174f,quarterly_diluted_eps,2024-12-31
4919,f60ac3b8-8232-4941-83bd-fe9ad436174f,quarterly_diluted_eps,2024-09-30
4919,f60ac3b8-8232-4941-83bd-fe9ad436174f,diluted_weighted_average_shares,2026-06-30
4919,f60ac3b8-8232-4941-83bd-fe9ad436174f,diluted_weighted_average_shares,2026-03-31
4919,f60ac3b8-8232-4941-83bd-fe9ad436174f,diluted_weighted_average_shares,2025-12-31
4919,f60ac3b8-8232-4941-83bd-fe9ad436174f,diluted_weighted_average_shares,2025-09-30
4919,f60ac3b8-8232-4941-83bd-fe9ad436174f,diluted_weighted_average_shares,2025-06-30
4919,f60ac3b8-8232-4941-83bd-fe9ad436174f,diluted_weighted_average_shares,2025-03-31
4919,f60ac3b8-8232-4941-83bd-fe9ad436174f,diluted_weighted_average_shares,2024-12-31
4919,f60ac3b8-8232-4941-83bd-fe9ad436174f,diluted_weighted_average_shares,2024-09-30
4923,dabe96c5-500e-4080-aa87-3be52026c384,quarterly_revenue,2026-06-30
4923,dabe96c5-500e-4080-aa87-3be52026c384,quarterly_revenue,2026-03-31
4923,dabe96c5-500e-4080-aa87-3be52026c384,quarterly_revenue,2025-12-31
4923,dabe96c5-500e-4080-aa87-3be52026c384,quarterly_revenue,2025-09-30
4923,dabe96c5-500e-4080-aa87-3be52026c384,quarterly_revenue,2025-06-30
4923,dabe96c5-500e-4080-aa87-3be52026c384,quarterly_revenue,2025-03-31
4923,dabe96c5-500e-4080-aa87-3be52026c384,quarterly_revenue,2024-12-31
4923,dabe96c5-500e-4080-aa87-3be52026c384,quarterly_revenue,2024-09-30
4923,dabe96c5-500e-4080-aa87-3be52026c384,quarterly_gross_profit,2026-06-30
4923,dabe96c5-500e-4080-aa87-3be52026c384,quarterly_gross_profit,2026-03-31
4923,dabe96c5-500e-4080-aa87-3be52026c384,quarterly_gross_profit,2025-12-31
4923,dabe96c5-500e-4080-aa87-3be52026c384,quarterly_gross_profit,2025-09-30
4923,dabe96c5-500e-4080-aa87-3be52026c384,quarterly_gross_profit,2025-06-30
4923,dabe96c5-500e-4080-aa87-3be52026c384,quarterly_gross_profit,2025-03-31
4923,dabe96c5-500e-4080-aa87-3be52026c384,quarterly_gross_profit,2024-12-31
4923,dabe96c5-500e-4080-aa87-3be52026c384,quarterly_gross_profit,2024-09-30
4923,dabe96c5-500e-4080-aa87-3be52026c384,quarterly_operating_income,2026-06-30
4923,dabe96c5-500e-4080-aa87-3be52026c384,quarterly_operating_income,2026-03-31
4923,dabe96c5-500e-4080-aa87-3be52026c384,quarterly_operating_income,2025-12-31
4923,dabe96c5-500e-4080-aa87-3be52026c384,quarterly_operating_income,2025-09-30
4923,dabe96c5-500e-4080-aa87-3be52026c384,quarterly_operating_income,2025-06-30
4923,dabe96c5-500e-4080-aa87-3be52026c384,quarterly_operating_income,2025-03-31
4923,dabe96c5-500e-4080-aa87-3be52026c384,quarterly_operating_income,2024-12-31
4923,dabe96c5-500e-4080-aa87-3be52026c384,quarterly_operating_income,2024-09-30
4923,dabe96c5-500e-4080-aa87-3be52026c384,quarterly_net_income_attributable_to_common,2026-06-30
4923,dabe96c5-500e-4080-aa87-3be52026c384,quarterly_net_income_attributable_to_common,2026-03-31
4923,dabe96c5-500e-4080-aa87-3be52026c384,quarterly_net_income_attributable_to_common,2025-12-31
4923,dabe96c5-500e-4080-aa87-3be52026c384,quarterly_net_income_attributable_to_common,2025-09-30
4923,dabe96c5-500e-4080-aa87-3be52026c384,quarterly_net_income_attributable_to_common,2025-06-30
4923,dabe96c5-500e-4080-aa87-3be52026c384,quarterly_net_income_attributable_to_common,2025-03-31
4923,dabe96c5-500e-4080-aa87-3be52026c384,quarterly_net_income_attributable_to_common,2024-12-31
4923,dabe96c5-500e-4080-aa87-3be52026c384,quarterly_net_income_attributable_to_common,2024-09-30
4923,dabe96c5-500e-4080-aa87-3be52026c384,quarterly_diluted_eps,2026-06-30
4923,dabe96c5-500e-4080-aa87-3be52026c384,quarterly_diluted_eps,2026-03-31
4923,dabe96c5-500e-4080-aa87-3be52026c384,quarterly_diluted_eps,2025-12-31
4923,dabe96c5-500e-4080-aa87-3be52026c384,quarterly_diluted_eps,2025-09-30
4923,dabe96c5-500e-4080-aa87-3be52026c384,quarterly_diluted_eps,2025-06-30
4923,dabe96c5-500e-4080-aa87-3be52026c384,quarterly_diluted_eps,2025-03-31
4923,dabe96c5-500e-4080-aa87-3be52026c384,quarterly_diluted_eps,2024-12-31
4923,dabe96c5-500e-4080-aa87-3be52026c384,quarterly_diluted_eps,2024-09-30
4923,dabe96c5-500e-4080-aa87-3be52026c384,diluted_weighted_average_shares,2026-06-30
4923,dabe96c5-500e-4080-aa87-3be52026c384,diluted_weighted_average_shares,2026-03-31
4923,dabe96c5-500e-4080-aa87-3be52026c384,diluted_weighted_average_shares,2025-12-31
4923,dabe96c5-500e-4080-aa87-3be52026c384,diluted_weighted_average_shares,2025-09-30
4923,dabe96c5-500e-4080-aa87-3be52026c384,diluted_weighted_average_shares,2025-06-30
4923,dabe96c5-500e-4080-aa87-3be52026c384,diluted_weighted_average_shares,2025-03-31
4923,dabe96c5-500e-4080-aa87-3be52026c384,diluted_weighted_average_shares,2024-12-31
4923,dabe96c5-500e-4080-aa87-3be52026c384,diluted_weighted_average_shares,2024-09-30
4950,3e288066-2ab6-4458-9a6c-ac96233fa8f3,quarterly_revenue,2026-06-30
4950,3e288066-2ab6-4458-9a6c-ac96233fa8f3,quarterly_revenue,2026-03-31
4950,3e288066-2ab6-4458-9a6c-ac96233fa8f3,quarterly_revenue,2025-12-31
4950,3e288066-2ab6-4458-9a6c-ac96233fa8f3,quarterly_revenue,2025-09-30
4950,3e288066-2ab6-4458-9a6c-ac96233fa8f3,quarterly_revenue,2025-06-30
4950,3e288066-2ab6-4458-9a6c-ac96233fa8f3,quarterly_revenue,2025-03-31
4950,3e288066-2ab6-4458-9a6c-ac96233fa8f3,quarterly_revenue,2024-12-31
4950,3e288066-2ab6-4458-9a6c-ac96233fa8f3,quarterly_revenue,2024-09-30
4950,3e288066-2ab6-4458-9a6c-ac96233fa8f3,quarterly_revenue,2024-06-30
4950,3e288066-2ab6-4458-9a6c-ac96233fa8f3,quarterly_revenue,2024-03-31
4950,3e288066-2ab6-4458-9a6c-ac96233fa8f3,quarterly_revenue,2023-12-31
4950,3e288066-2ab6-4458-9a6c-ac96233fa8f3,quarterly_revenue,2023-09-30
4950,3e288066-2ab6-4458-9a6c-ac96233fa8f3,quarterly_revenue,2023-06-30
4950,3e288066-2ab6-4458-9a6c-ac96233fa8f3,quarterly_revenue,2023-03-31
4950,3e288066-2ab6-4458-9a6c-ac96233fa8f3,quarterly_revenue,2022-12-31
4950,3e288066-2ab6-4458-9a6c-ac96233fa8f3,quarterly_revenue,2022-09-30
4950,3e288066-2ab6-4458-9a6c-ac96233fa8f3,quarterly_revenue,2022-06-30
4950,3e288066-2ab6-4458-9a6c-ac96233fa8f3,quarterly_revenue,2022-03-31
4950,3e288066-2ab6-4458-9a6c-ac96233fa8f3,quarterly_revenue,2021-12-31
4950,3e288066-2ab6-4458-9a6c-ac96233fa8f3,quarterly_revenue,2021-09-30
4950,3e288066-2ab6-4458-9a6c-ac96233fa8f3,quarterly_gross_profit,2026-06-30
4950,3e288066-2ab6-4458-9a6c-ac96233fa8f3,quarterly_gross_profit,2026-03-31
4950,3e288066-2ab6-4458-9a6c-ac96233fa8f3,quarterly_gross_profit,2025-12-31
4950,3e288066-2ab6-4458-9a6c-ac96233fa8f3,quarterly_gross_profit,2025-09-30
4950,3e288066-2ab6-4458-9a6c-ac96233fa8f3,quarterly_gross_profit,2025-06-30
4950,3e288066-2ab6-4458-9a6c-ac96233fa8f3,quarterly_gross_profit,2025-03-31
4950,3e288066-2ab6-4458-9a6c-ac96233fa8f3,quarterly_gross_profit,2024-12-31
4950,3e288066-2ab6-4458-9a6c-ac96233fa8f3,quarterly_gross_profit,2024-09-30
4950,3e288066-2ab6-4458-9a6c-ac96233fa8f3,quarterly_gross_profit,2024-06-30
4950,3e288066-2ab6-4458-9a6c-ac96233fa8f3,quarterly_gross_profit,2024-03-31
4950,3e288066-2ab6-4458-9a6c-ac96233fa8f3,quarterly_gross_profit,2023-12-31
4950,3e288066-2ab6-4458-9a6c-ac96233fa8f3,quarterly_gross_profit,2023-09-30
4950,3e288066-2ab6-4458-9a6c-ac96233fa8f3,quarterly_gross_profit,2023-06-30
4950,3e288066-2ab6-4458-9a6c-ac96233fa8f3,quarterly_gross_profit,2023-03-31
4950,3e288066-2ab6-4458-9a6c-ac96233fa8f3,quarterly_gross_profit,2022-12-31
4950,3e288066-2ab6-4458-9a6c-ac96233fa8f3,quarterly_gross_profit,2022-09-30
4950,3e288066-2ab6-4458-9a6c-ac96233fa8f3,quarterly_gross_profit,2022-06-30
4950,3e288066-2ab6-4458-9a6c-ac96233fa8f3,quarterly_gross_profit,2022-03-31
4950,3e288066-2ab6-4458-9a6c-ac96233fa8f3,quarterly_gross_profit,2021-12-31
4950,3e288066-2ab6-4458-9a6c-ac96233fa8f3,quarterly_gross_profit,2021-09-30
4950,3e288066-2ab6-4458-9a6c-ac96233fa8f3,quarterly_operating_income,2026-06-30
4950,3e288066-2ab6-4458-9a6c-ac96233fa8f3,quarterly_operating_income,2026-03-31
4950,3e288066-2ab6-4458-9a6c-ac96233fa8f3,quarterly_operating_income,2025-12-31
4950,3e288066-2ab6-4458-9a6c-ac96233fa8f3,quarterly_operating_income,2025-09-30
4950,3e288066-2ab6-4458-9a6c-ac96233fa8f3,quarterly_operating_income,2025-06-30
4950,3e288066-2ab6-4458-9a6c-ac96233fa8f3,quarterly_operating_income,2025-03-31
4950,3e288066-2ab6-4458-9a6c-ac96233fa8f3,quarterly_operating_income,2024-12-31
4950,3e288066-2ab6-4458-9a6c-ac96233fa8f3,quarterly_operating_income,2024-09-30
4950,3e288066-2ab6-4458-9a6c-ac96233fa8f3,quarterly_operating_income,2024-06-30
4950,3e288066-2ab6-4458-9a6c-ac96233fa8f3,quarterly_operating_income,2024-03-31
4950,3e288066-2ab6-4458-9a6c-ac96233fa8f3,quarterly_operating_income,2023-12-31
4950,3e288066-2ab6-4458-9a6c-ac96233fa8f3,quarterly_operating_income,2023-09-30
4950,3e288066-2ab6-4458-9a6c-ac96233fa8f3,quarterly_operating_income,2023-06-30
4950,3e288066-2ab6-4458-9a6c-ac96233fa8f3,quarterly_operating_income,2023-03-31
4950,3e288066-2ab6-4458-9a6c-ac96233fa8f3,quarterly_operating_income,2022-12-31
4950,3e288066-2ab6-4458-9a6c-ac96233fa8f3,quarterly_operating_income,2022-09-30
4950,3e288066-2ab6-4458-9a6c-ac96233fa8f3,quarterly_operating_income,2022-06-30
4950,3e288066-2ab6-4458-9a6c-ac96233fa8f3,quarterly_operating_income,2022-03-31
4950,3e288066-2ab6-4458-9a6c-ac96233fa8f3,quarterly_operating_income,2021-12-31
4950,3e288066-2ab6-4458-9a6c-ac96233fa8f3,quarterly_operating_income,2021-09-30
4950,3e288066-2ab6-4458-9a6c-ac96233fa8f3,quarterly_net_income_attributable_to_common,2026-06-30
4950,3e288066-2ab6-4458-9a6c-ac96233fa8f3,quarterly_net_income_attributable_to_common,2026-03-31
4950,3e288066-2ab6-4458-9a6c-ac96233fa8f3,quarterly_net_income_attributable_to_common,2025-12-31
4950,3e288066-2ab6-4458-9a6c-ac96233fa8f3,quarterly_net_income_attributable_to_common,2025-09-30
4950,3e288066-2ab6-4458-9a6c-ac96233fa8f3,quarterly_net_income_attributable_to_common,2025-06-30
4950,3e288066-2ab6-4458-9a6c-ac96233fa8f3,quarterly_net_income_attributable_to_common,2025-03-31
4950,3e288066-2ab6-4458-9a6c-ac96233fa8f3,quarterly_net_income_attributable_to_common,2024-12-31
4950,3e288066-2ab6-4458-9a6c-ac96233fa8f3,quarterly_net_income_attributable_to_common,2024-09-30
4950,3e288066-2ab6-4458-9a6c-ac96233fa8f3,quarterly_net_income_attributable_to_common,2024-06-30
4950,3e288066-2ab6-4458-9a6c-ac96233fa8f3,quarterly_net_income_attributable_to_common,2024-03-31
4950,3e288066-2ab6-4458-9a6c-ac96233fa8f3,quarterly_net_income_attributable_to_common,2023-12-31
4950,3e288066-2ab6-4458-9a6c-ac96233fa8f3,quarterly_net_income_attributable_to_common,2023-09-30
4950,3e288066-2ab6-4458-9a6c-ac96233fa8f3,quarterly_net_income_attributable_to_common,2023-06-30
4950,3e288066-2ab6-4458-9a6c-ac96233fa8f3,quarterly_net_income_attributable_to_common,2023-03-31
4950,3e288066-2ab6-4458-9a6c-ac96233fa8f3,quarterly_net_income_attributable_to_common,2022-12-31
4950,3e288066-2ab6-4458-9a6c-ac96233fa8f3,quarterly_net_income_attributable_to_common,2022-09-30
4950,3e288066-2ab6-4458-9a6c-ac96233fa8f3,quarterly_net_income_attributable_to_common,2022-06-30
4950,3e288066-2ab6-4458-9a6c-ac96233fa8f3,quarterly_net_income_attributable_to_common,2022-03-31
4950,3e288066-2ab6-4458-9a6c-ac96233fa8f3,quarterly_net_income_attributable_to_common,2021-12-31
4950,3e288066-2ab6-4458-9a6c-ac96233fa8f3,quarterly_net_income_attributable_to_common,2021-09-30
4950,3e288066-2ab6-4458-9a6c-ac96233fa8f3,quarterly_diluted_eps,2026-06-30
4950,3e288066-2ab6-4458-9a6c-ac96233fa8f3,quarterly_diluted_eps,2026-03-31
4950,3e288066-2ab6-4458-9a6c-ac96233fa8f3,quarterly_diluted_eps,2025-12-31
4950,3e288066-2ab6-4458-9a6c-ac96233fa8f3,quarterly_diluted_eps,2025-09-30
4950,3e288066-2ab6-4458-9a6c-ac96233fa8f3,quarterly_diluted_eps,2025-06-30
4950,3e288066-2ab6-4458-9a6c-ac96233fa8f3,quarterly_diluted_eps,2025-03-31
4950,3e288066-2ab6-4458-9a6c-ac96233fa8f3,quarterly_diluted_eps,2024-12-31
4950,3e288066-2ab6-4458-9a6c-ac96233fa8f3,quarterly_diluted_eps,2024-09-30
4950,3e288066-2ab6-4458-9a6c-ac96233fa8f3,quarterly_diluted_eps,2024-06-30
4950,3e288066-2ab6-4458-9a6c-ac96233fa8f3,quarterly_diluted_eps,2024-03-31
4950,3e288066-2ab6-4458-9a6c-ac96233fa8f3,quarterly_diluted_eps,2023-12-31
4950,3e288066-2ab6-4458-9a6c-ac96233fa8f3,quarterly_diluted_eps,2023-09-30
4950,3e288066-2ab6-4458-9a6c-ac96233fa8f3,quarterly_diluted_eps,2023-06-30
4950,3e288066-2ab6-4458-9a6c-ac96233fa8f3,quarterly_diluted_eps,2023-03-31
4950,3e288066-2ab6-4458-9a6c-ac96233fa8f3,quarterly_diluted_eps,2022-12-31
4950,3e288066-2ab6-4458-9a6c-ac96233fa8f3,quarterly_diluted_eps,2022-09-30
4950,3e288066-2ab6-4458-9a6c-ac96233fa8f3,quarterly_diluted_eps,2022-06-30
4950,3e288066-2ab6-4458-9a6c-ac96233fa8f3,quarterly_diluted_eps,2022-03-31
4950,3e288066-2ab6-4458-9a6c-ac96233fa8f3,quarterly_diluted_eps,2021-12-31
4950,3e288066-2ab6-4458-9a6c-ac96233fa8f3,quarterly_diluted_eps,2021-09-30
4950,3e288066-2ab6-4458-9a6c-ac96233fa8f3,diluted_weighted_average_shares,2026-06-30
4950,3e288066-2ab6-4458-9a6c-ac96233fa8f3,diluted_weighted_average_shares,2026-03-31
4950,3e288066-2ab6-4458-9a6c-ac96233fa8f3,diluted_weighted_average_shares,2025-12-31
4950,3e288066-2ab6-4458-9a6c-ac96233fa8f3,diluted_weighted_average_shares,2025-09-30
4950,3e288066-2ab6-4458-9a6c-ac96233fa8f3,diluted_weighted_average_shares,2025-06-30
4950,3e288066-2ab6-4458-9a6c-ac96233fa8f3,diluted_weighted_average_shares,2025-03-31
4950,3e288066-2ab6-4458-9a6c-ac96233fa8f3,diluted_weighted_average_shares,2024-12-31
4950,3e288066-2ab6-4458-9a6c-ac96233fa8f3,diluted_weighted_average_shares,2024-09-30
4950,3e288066-2ab6-4458-9a6c-ac96233fa8f3,diluted_weighted_average_shares,2024-06-30
4950,3e288066-2ab6-4458-9a6c-ac96233fa8f3,diluted_weighted_average_shares,2024-03-31
4950,3e288066-2ab6-4458-9a6c-ac96233fa8f3,diluted_weighted_average_shares,2023-12-31
4950,3e288066-2ab6-4458-9a6c-ac96233fa8f3,diluted_weighted_average_shares,2023-09-30
4950,3e288066-2ab6-4458-9a6c-ac96233fa8f3,diluted_weighted_average_shares,2023-06-30
4950,3e288066-2ab6-4458-9a6c-ac96233fa8f3,diluted_weighted_average_shares,2023-03-31
4950,3e288066-2ab6-4458-9a6c-ac96233fa8f3,diluted_weighted_average_shares,2022-12-31
4950,3e288066-2ab6-4458-9a6c-ac96233fa8f3,diluted_weighted_average_shares,2022-09-30
4950,3e288066-2ab6-4458-9a6c-ac96233fa8f3,diluted_weighted_average_shares,2022-06-30
4950,3e288066-2ab6-4458-9a6c-ac96233fa8f3,diluted_weighted_average_shares,2022-03-31
4950,3e288066-2ab6-4458-9a6c-ac96233fa8f3,diluted_weighted_average_shares,2021-12-31
4950,3e288066-2ab6-4458-9a6c-ac96233fa8f3,diluted_weighted_average_shares,2021-09-30
4951,1dc7a4ca-26c5-4daa-868f-def8fb8eeaeb,quarterly_revenue,2026-06-30
4951,1dc7a4ca-26c5-4daa-868f-def8fb8eeaeb,quarterly_revenue,2026-03-31
4951,1dc7a4ca-26c5-4daa-868f-def8fb8eeaeb,quarterly_revenue,2025-12-31
4951,1dc7a4ca-26c5-4daa-868f-def8fb8eeaeb,quarterly_revenue,2025-09-30
4951,1dc7a4ca-26c5-4daa-868f-def8fb8eeaeb,quarterly_revenue,2025-06-30
4951,1dc7a4ca-26c5-4daa-868f-def8fb8eeaeb,quarterly_revenue,2025-03-31
4951,1dc7a4ca-26c5-4daa-868f-def8fb8eeaeb,quarterly_revenue,2024-12-31
4951,1dc7a4ca-26c5-4daa-868f-def8fb8eeaeb,quarterly_revenue,2024-09-30
4951,1dc7a4ca-26c5-4daa-868f-def8fb8eeaeb,quarterly_gross_profit,2026-06-30
4951,1dc7a4ca-26c5-4daa-868f-def8fb8eeaeb,quarterly_gross_profit,2026-03-31
4951,1dc7a4ca-26c5-4daa-868f-def8fb8eeaeb,quarterly_gross_profit,2025-12-31
4951,1dc7a4ca-26c5-4daa-868f-def8fb8eeaeb,quarterly_gross_profit,2025-09-30
4951,1dc7a4ca-26c5-4daa-868f-def8fb8eeaeb,quarterly_gross_profit,2025-06-30
4951,1dc7a4ca-26c5-4daa-868f-def8fb8eeaeb,quarterly_gross_profit,2025-03-31
4951,1dc7a4ca-26c5-4daa-868f-def8fb8eeaeb,quarterly_gross_profit,2024-12-31
4951,1dc7a4ca-26c5-4daa-868f-def8fb8eeaeb,quarterly_gross_profit,2024-09-30
4951,1dc7a4ca-26c5-4daa-868f-def8fb8eeaeb,quarterly_operating_income,2026-06-30
4951,1dc7a4ca-26c5-4daa-868f-def8fb8eeaeb,quarterly_operating_income,2026-03-31
4951,1dc7a4ca-26c5-4daa-868f-def8fb8eeaeb,quarterly_operating_income,2025-12-31
4951,1dc7a4ca-26c5-4daa-868f-def8fb8eeaeb,quarterly_operating_income,2025-09-30
4951,1dc7a4ca-26c5-4daa-868f-def8fb8eeaeb,quarterly_operating_income,2025-06-30
4951,1dc7a4ca-26c5-4daa-868f-def8fb8eeaeb,quarterly_operating_income,2025-03-31
4951,1dc7a4ca-26c5-4daa-868f-def8fb8eeaeb,quarterly_operating_income,2024-12-31
4951,1dc7a4ca-26c5-4daa-868f-def8fb8eeaeb,quarterly_operating_income,2024-09-30
4951,1dc7a4ca-26c5-4daa-868f-def8fb8eeaeb,quarterly_net_income_attributable_to_common,2026-06-30
4951,1dc7a4ca-26c5-4daa-868f-def8fb8eeaeb,quarterly_net_income_attributable_to_common,2026-03-31
4951,1dc7a4ca-26c5-4daa-868f-def8fb8eeaeb,quarterly_net_income_attributable_to_common,2025-12-31
4951,1dc7a4ca-26c5-4daa-868f-def8fb8eeaeb,quarterly_net_income_attributable_to_common,2025-09-30
4951,1dc7a4ca-26c5-4daa-868f-def8fb8eeaeb,quarterly_net_income_attributable_to_common,2025-06-30
4951,1dc7a4ca-26c5-4daa-868f-def8fb8eeaeb,quarterly_net_income_attributable_to_common,2025-03-31
4951,1dc7a4ca-26c5-4daa-868f-def8fb8eeaeb,quarterly_net_income_attributable_to_common,2024-12-31
4951,1dc7a4ca-26c5-4daa-868f-def8fb8eeaeb,quarterly_net_income_attributable_to_common,2024-09-30
4951,1dc7a4ca-26c5-4daa-868f-def8fb8eeaeb,quarterly_diluted_eps,2026-06-30
4951,1dc7a4ca-26c5-4daa-868f-def8fb8eeaeb,quarterly_diluted_eps,2026-03-31
4951,1dc7a4ca-26c5-4daa-868f-def8fb8eeaeb,quarterly_diluted_eps,2025-12-31
4951,1dc7a4ca-26c5-4daa-868f-def8fb8eeaeb,quarterly_diluted_eps,2025-09-30
4951,1dc7a4ca-26c5-4daa-868f-def8fb8eeaeb,quarterly_diluted_eps,2025-06-30
4951,1dc7a4ca-26c5-4daa-868f-def8fb8eeaeb,quarterly_diluted_eps,2025-03-31
4951,1dc7a4ca-26c5-4daa-868f-def8fb8eeaeb,quarterly_diluted_eps,2024-12-31
4951,1dc7a4ca-26c5-4daa-868f-def8fb8eeaeb,quarterly_diluted_eps,2024-09-30
4951,1dc7a4ca-26c5-4daa-868f-def8fb8eeaeb,diluted_weighted_average_shares,2026-06-30
4951,1dc7a4ca-26c5-4daa-868f-def8fb8eeaeb,diluted_weighted_average_shares,2026-03-31
4951,1dc7a4ca-26c5-4daa-868f-def8fb8eeaeb,diluted_weighted_average_shares,2025-12-31
4951,1dc7a4ca-26c5-4daa-868f-def8fb8eeaeb,diluted_weighted_average_shares,2025-09-30
4951,1dc7a4ca-26c5-4daa-868f-def8fb8eeaeb,diluted_weighted_average_shares,2025-06-30
4951,1dc7a4ca-26c5-4daa-868f-def8fb8eeaeb,diluted_weighted_average_shares,2025-03-31
4951,1dc7a4ca-26c5-4daa-868f-def8fb8eeaeb,diluted_weighted_average_shares,2024-12-31
4951,1dc7a4ca-26c5-4daa-868f-def8fb8eeaeb,diluted_weighted_average_shares,2024-09-30
4956,819cfd80-301e-477d-b1fa-222ffdb87d07,quarterly_revenue,2026-06-30
4956,819cfd80-301e-477d-b1fa-222ffdb87d07,quarterly_revenue,2026-03-31
4956,819cfd80-301e-477d-b1fa-222ffdb87d07,quarterly_revenue,2025-12-31
4956,819cfd80-301e-477d-b1fa-222ffdb87d07,quarterly_revenue,2025-09-30
4956,819cfd80-301e-477d-b1fa-222ffdb87d07,quarterly_revenue,2025-06-30
4956,819cfd80-301e-477d-b1fa-222ffdb87d07,quarterly_revenue,2025-03-31
4956,819cfd80-301e-477d-b1fa-222ffdb87d07,quarterly_revenue,2024-12-31
4956,819cfd80-301e-477d-b1fa-222ffdb87d07,quarterly_revenue,2024-09-30
4956,819cfd80-301e-477d-b1fa-222ffdb87d07,quarterly_gross_profit,2026-06-30
4956,819cfd80-301e-477d-b1fa-222ffdb87d07,quarterly_gross_profit,2026-03-31
4956,819cfd80-301e-477d-b1fa-222ffdb87d07,quarterly_gross_profit,2025-12-31
4956,819cfd80-301e-477d-b1fa-222ffdb87d07,quarterly_gross_profit,2025-09-30
4956,819cfd80-301e-477d-b1fa-222ffdb87d07,quarterly_gross_profit,2025-06-30
4956,819cfd80-301e-477d-b1fa-222ffdb87d07,quarterly_gross_profit,2025-03-31
4956,819cfd80-301e-477d-b1fa-222ffdb87d07,quarterly_gross_profit,2024-12-31
4956,819cfd80-301e-477d-b1fa-222ffdb87d07,quarterly_gross_profit,2024-09-30
4956,819cfd80-301e-477d-b1fa-222ffdb87d07,quarterly_operating_income,2026-06-30
4956,819cfd80-301e-477d-b1fa-222ffdb87d07,quarterly_operating_income,2026-03-31
4956,819cfd80-301e-477d-b1fa-222ffdb87d07,quarterly_operating_income,2025-12-31
4956,819cfd80-301e-477d-b1fa-222ffdb87d07,quarterly_operating_income,2025-09-30
4956,819cfd80-301e-477d-b1fa-222ffdb87d07,quarterly_operating_income,2025-06-30
4956,819cfd80-301e-477d-b1fa-222ffdb87d07,quarterly_operating_income,2025-03-31
4956,819cfd80-301e-477d-b1fa-222ffdb87d07,quarterly_operating_income,2024-12-31
4956,819cfd80-301e-477d-b1fa-222ffdb87d07,quarterly_operating_income,2024-09-30
4956,819cfd80-301e-477d-b1fa-222ffdb87d07,quarterly_net_income_attributable_to_common,2026-06-30
4956,819cfd80-301e-477d-b1fa-222ffdb87d07,quarterly_net_income_attributable_to_common,2026-03-31
4956,819cfd80-301e-477d-b1fa-222ffdb87d07,quarterly_net_income_attributable_to_common,2025-12-31
4956,819cfd80-301e-477d-b1fa-222ffdb87d07,quarterly_net_income_attributable_to_common,2025-09-30
4956,819cfd80-301e-477d-b1fa-222ffdb87d07,quarterly_net_income_attributable_to_common,2025-06-30
4956,819cfd80-301e-477d-b1fa-222ffdb87d07,quarterly_net_income_attributable_to_common,2025-03-31
4956,819cfd80-301e-477d-b1fa-222ffdb87d07,quarterly_net_income_attributable_to_common,2024-12-31
4956,819cfd80-301e-477d-b1fa-222ffdb87d07,quarterly_net_income_attributable_to_common,2024-09-30
4956,819cfd80-301e-477d-b1fa-222ffdb87d07,quarterly_diluted_eps,2026-06-30
4956,819cfd80-301e-477d-b1fa-222ffdb87d07,quarterly_diluted_eps,2026-03-31
4956,819cfd80-301e-477d-b1fa-222ffdb87d07,quarterly_diluted_eps,2025-12-31
4956,819cfd80-301e-477d-b1fa-222ffdb87d07,quarterly_diluted_eps,2025-09-30
4956,819cfd80-301e-477d-b1fa-222ffdb87d07,quarterly_diluted_eps,2025-06-30
4956,819cfd80-301e-477d-b1fa-222ffdb87d07,quarterly_diluted_eps,2025-03-31
4956,819cfd80-301e-477d-b1fa-222ffdb87d07,quarterly_diluted_eps,2024-12-31
4956,819cfd80-301e-477d-b1fa-222ffdb87d07,quarterly_diluted_eps,2024-09-30
4956,819cfd80-301e-477d-b1fa-222ffdb87d07,diluted_weighted_average_shares,2026-06-30
4956,819cfd80-301e-477d-b1fa-222ffdb87d07,diluted_weighted_average_shares,2026-03-31
4956,819cfd80-301e-477d-b1fa-222ffdb87d07,diluted_weighted_average_shares,2025-12-31
4956,819cfd80-301e-477d-b1fa-222ffdb87d07,diluted_weighted_average_shares,2025-09-30
4956,819cfd80-301e-477d-b1fa-222ffdb87d07,diluted_weighted_average_shares,2025-06-30
4956,819cfd80-301e-477d-b1fa-222ffdb87d07,diluted_weighted_average_shares,2025-03-31
4956,819cfd80-301e-477d-b1fa-222ffdb87d07,diluted_weighted_average_shares,2024-12-31
4956,819cfd80-301e-477d-b1fa-222ffdb87d07,diluted_weighted_average_shares,2024-09-30
4958,61c72603-c4b8-444e-b00e-862aa265b570,quarterly_revenue,2026-06-30
4958,61c72603-c4b8-444e-b00e-862aa265b570,quarterly_revenue,2026-03-31
4958,61c72603-c4b8-444e-b00e-862aa265b570,quarterly_revenue,2025-12-31
4958,61c72603-c4b8-444e-b00e-862aa265b570,quarterly_revenue,2025-09-30
4958,61c72603-c4b8-444e-b00e-862aa265b570,quarterly_revenue,2025-06-30
4958,61c72603-c4b8-444e-b00e-862aa265b570,quarterly_revenue,2025-03-31
4958,61c72603-c4b8-444e-b00e-862aa265b570,quarterly_revenue,2024-12-31
4958,61c72603-c4b8-444e-b00e-862aa265b570,quarterly_revenue,2024-09-30
4958,61c72603-c4b8-444e-b00e-862aa265b570,quarterly_gross_profit,2026-06-30
4958,61c72603-c4b8-444e-b00e-862aa265b570,quarterly_gross_profit,2026-03-31
4958,61c72603-c4b8-444e-b00e-862aa265b570,quarterly_gross_profit,2025-12-31
4958,61c72603-c4b8-444e-b00e-862aa265b570,quarterly_gross_profit,2025-09-30
4958,61c72603-c4b8-444e-b00e-862aa265b570,quarterly_gross_profit,2025-06-30
4958,61c72603-c4b8-444e-b00e-862aa265b570,quarterly_gross_profit,2025-03-31
4958,61c72603-c4b8-444e-b00e-862aa265b570,quarterly_gross_profit,2024-12-31
4958,61c72603-c4b8-444e-b00e-862aa265b570,quarterly_gross_profit,2024-09-30
4958,61c72603-c4b8-444e-b00e-862aa265b570,quarterly_operating_income,2026-06-30
4958,61c72603-c4b8-444e-b00e-862aa265b570,quarterly_operating_income,2026-03-31
4958,61c72603-c4b8-444e-b00e-862aa265b570,quarterly_operating_income,2025-12-31
4958,61c72603-c4b8-444e-b00e-862aa265b570,quarterly_operating_income,2025-09-30
4958,61c72603-c4b8-444e-b00e-862aa265b570,quarterly_operating_income,2025-06-30
4958,61c72603-c4b8-444e-b00e-862aa265b570,quarterly_operating_income,2025-03-31
4958,61c72603-c4b8-444e-b00e-862aa265b570,quarterly_operating_income,2024-12-31
4958,61c72603-c4b8-444e-b00e-862aa265b570,quarterly_operating_income,2024-09-30
4958,61c72603-c4b8-444e-b00e-862aa265b570,quarterly_net_income_attributable_to_common,2026-06-30
4958,61c72603-c4b8-444e-b00e-862aa265b570,quarterly_net_income_attributable_to_common,2026-03-31
4958,61c72603-c4b8-444e-b00e-862aa265b570,quarterly_net_income_attributable_to_common,2025-12-31
4958,61c72603-c4b8-444e-b00e-862aa265b570,quarterly_net_income_attributable_to_common,2025-09-30
4958,61c72603-c4b8-444e-b00e-862aa265b570,quarterly_net_income_attributable_to_common,2025-06-30
4958,61c72603-c4b8-444e-b00e-862aa265b570,quarterly_net_income_attributable_to_common,2025-03-31
4958,61c72603-c4b8-444e-b00e-862aa265b570,quarterly_net_income_attributable_to_common,2024-12-31
4958,61c72603-c4b8-444e-b00e-862aa265b570,quarterly_net_income_attributable_to_common,2024-09-30
4958,61c72603-c4b8-444e-b00e-862aa265b570,quarterly_diluted_eps,2026-06-30
4958,61c72603-c4b8-444e-b00e-862aa265b570,quarterly_diluted_eps,2026-03-31
4958,61c72603-c4b8-444e-b00e-862aa265b570,quarterly_diluted_eps,2025-12-31
4958,61c72603-c4b8-444e-b00e-862aa265b570,quarterly_diluted_eps,2025-09-30
4958,61c72603-c4b8-444e-b00e-862aa265b570,quarterly_diluted_eps,2025-06-30
4958,61c72603-c4b8-444e-b00e-862aa265b570,quarterly_diluted_eps,2025-03-31
4958,61c72603-c4b8-444e-b00e-862aa265b570,quarterly_diluted_eps,2024-12-31
4958,61c72603-c4b8-444e-b00e-862aa265b570,quarterly_diluted_eps,2024-09-30
4958,61c72603-c4b8-444e-b00e-862aa265b570,diluted_weighted_average_shares,2026-06-30
4958,61c72603-c4b8-444e-b00e-862aa265b570,diluted_weighted_average_shares,2026-03-31
4958,61c72603-c4b8-444e-b00e-862aa265b570,diluted_weighted_average_shares,2025-12-31
4958,61c72603-c4b8-444e-b00e-862aa265b570,diluted_weighted_average_shares,2025-09-30
4958,61c72603-c4b8-444e-b00e-862aa265b570,diluted_weighted_average_shares,2025-06-30
4958,61c72603-c4b8-444e-b00e-862aa265b570,diluted_weighted_average_shares,2025-03-31
4958,61c72603-c4b8-444e-b00e-862aa265b570,diluted_weighted_average_shares,2024-12-31
4958,61c72603-c4b8-444e-b00e-862aa265b570,diluted_weighted_average_shares,2024-09-30
4979,f3328465-e9fc-4aca-960f-885ba7817726,quarterly_revenue,2026-06-30
4979,f3328465-e9fc-4aca-960f-885ba7817726,quarterly_revenue,2026-03-31
4979,f3328465-e9fc-4aca-960f-885ba7817726,quarterly_revenue,2025-12-31
4979,f3328465-e9fc-4aca-960f-885ba7817726,quarterly_revenue,2025-09-30
4979,f3328465-e9fc-4aca-960f-885ba7817726,quarterly_revenue,2025-06-30
4979,f3328465-e9fc-4aca-960f-885ba7817726,quarterly_revenue,2025-03-31
4979,f3328465-e9fc-4aca-960f-885ba7817726,quarterly_revenue,2024-12-31
4979,f3328465-e9fc-4aca-960f-885ba7817726,quarterly_revenue,2024-09-30
4979,f3328465-e9fc-4aca-960f-885ba7817726,quarterly_gross_profit,2026-06-30
4979,f3328465-e9fc-4aca-960f-885ba7817726,quarterly_gross_profit,2026-03-31
4979,f3328465-e9fc-4aca-960f-885ba7817726,quarterly_gross_profit,2025-12-31
4979,f3328465-e9fc-4aca-960f-885ba7817726,quarterly_gross_profit,2025-09-30
4979,f3328465-e9fc-4aca-960f-885ba7817726,quarterly_gross_profit,2025-06-30
4979,f3328465-e9fc-4aca-960f-885ba7817726,quarterly_gross_profit,2025-03-31
4979,f3328465-e9fc-4aca-960f-885ba7817726,quarterly_gross_profit,2024-12-31
4979,f3328465-e9fc-4aca-960f-885ba7817726,quarterly_gross_profit,2024-09-30
4979,f3328465-e9fc-4aca-960f-885ba7817726,quarterly_operating_income,2026-06-30
4979,f3328465-e9fc-4aca-960f-885ba7817726,quarterly_operating_income,2026-03-31
4979,f3328465-e9fc-4aca-960f-885ba7817726,quarterly_operating_income,2025-12-31
4979,f3328465-e9fc-4aca-960f-885ba7817726,quarterly_operating_income,2025-09-30
4979,f3328465-e9fc-4aca-960f-885ba7817726,quarterly_operating_income,2025-06-30
4979,f3328465-e9fc-4aca-960f-885ba7817726,quarterly_operating_income,2025-03-31
4979,f3328465-e9fc-4aca-960f-885ba7817726,quarterly_operating_income,2024-12-31
4979,f3328465-e9fc-4aca-960f-885ba7817726,quarterly_operating_income,2024-09-30
4979,f3328465-e9fc-4aca-960f-885ba7817726,quarterly_net_income_attributable_to_common,2026-06-30
4979,f3328465-e9fc-4aca-960f-885ba7817726,quarterly_net_income_attributable_to_common,2026-03-31
4979,f3328465-e9fc-4aca-960f-885ba7817726,quarterly_net_income_attributable_to_common,2025-12-31
4979,f3328465-e9fc-4aca-960f-885ba7817726,quarterly_net_income_attributable_to_common,2025-09-30
4979,f3328465-e9fc-4aca-960f-885ba7817726,quarterly_net_income_attributable_to_common,2025-06-30
4979,f3328465-e9fc-4aca-960f-885ba7817726,quarterly_net_income_attributable_to_common,2025-03-31
4979,f3328465-e9fc-4aca-960f-885ba7817726,quarterly_net_income_attributable_to_common,2024-12-31
4979,f3328465-e9fc-4aca-960f-885ba7817726,quarterly_net_income_attributable_to_common,2024-09-30
4979,f3328465-e9fc-4aca-960f-885ba7817726,quarterly_diluted_eps,2026-06-30
4979,f3328465-e9fc-4aca-960f-885ba7817726,quarterly_diluted_eps,2026-03-31
4979,f3328465-e9fc-4aca-960f-885ba7817726,quarterly_diluted_eps,2025-12-31
4979,f3328465-e9fc-4aca-960f-885ba7817726,quarterly_diluted_eps,2025-09-30
4979,f3328465-e9fc-4aca-960f-885ba7817726,quarterly_diluted_eps,2025-06-30
4979,f3328465-e9fc-4aca-960f-885ba7817726,quarterly_diluted_eps,2025-03-31
4979,f3328465-e9fc-4aca-960f-885ba7817726,quarterly_diluted_eps,2024-12-31
4979,f3328465-e9fc-4aca-960f-885ba7817726,quarterly_diluted_eps,2024-09-30
4979,f3328465-e9fc-4aca-960f-885ba7817726,diluted_weighted_average_shares,2026-06-30
4979,f3328465-e9fc-4aca-960f-885ba7817726,diluted_weighted_average_shares,2026-03-31
4979,f3328465-e9fc-4aca-960f-885ba7817726,diluted_weighted_average_shares,2025-12-31
4979,f3328465-e9fc-4aca-960f-885ba7817726,diluted_weighted_average_shares,2025-09-30
4979,f3328465-e9fc-4aca-960f-885ba7817726,diluted_weighted_average_shares,2025-06-30
4979,f3328465-e9fc-4aca-960f-885ba7817726,diluted_weighted_average_shares,2025-03-31
4979,f3328465-e9fc-4aca-960f-885ba7817726,diluted_weighted_average_shares,2024-12-31
4979,f3328465-e9fc-4aca-960f-885ba7817726,diluted_weighted_average_shares,2024-09-30
5274,45e885e6-951b-46f6-a80b-d090ac4851f1,quarterly_revenue,2026-06-30
5274,45e885e6-951b-46f6-a80b-d090ac4851f1,quarterly_revenue,2026-03-31
5274,45e885e6-951b-46f6-a80b-d090ac4851f1,quarterly_revenue,2025-12-31
5274,45e885e6-951b-46f6-a80b-d090ac4851f1,quarterly_revenue,2025-09-30
5274,45e885e6-951b-46f6-a80b-d090ac4851f1,quarterly_revenue,2025-06-30
5274,45e885e6-951b-46f6-a80b-d090ac4851f1,quarterly_revenue,2025-03-31
5274,45e885e6-951b-46f6-a80b-d090ac4851f1,quarterly_revenue,2024-12-31
5274,45e885e6-951b-46f6-a80b-d090ac4851f1,quarterly_revenue,2024-09-30
5274,45e885e6-951b-46f6-a80b-d090ac4851f1,quarterly_gross_profit,2026-06-30
5274,45e885e6-951b-46f6-a80b-d090ac4851f1,quarterly_gross_profit,2026-03-31
5274,45e885e6-951b-46f6-a80b-d090ac4851f1,quarterly_gross_profit,2025-12-31
5274,45e885e6-951b-46f6-a80b-d090ac4851f1,quarterly_gross_profit,2025-09-30
5274,45e885e6-951b-46f6-a80b-d090ac4851f1,quarterly_gross_profit,2025-06-30
5274,45e885e6-951b-46f6-a80b-d090ac4851f1,quarterly_gross_profit,2025-03-31
5274,45e885e6-951b-46f6-a80b-d090ac4851f1,quarterly_gross_profit,2024-12-31
5274,45e885e6-951b-46f6-a80b-d090ac4851f1,quarterly_gross_profit,2024-09-30
5274,45e885e6-951b-46f6-a80b-d090ac4851f1,quarterly_operating_income,2026-06-30
5274,45e885e6-951b-46f6-a80b-d090ac4851f1,quarterly_operating_income,2026-03-31
5274,45e885e6-951b-46f6-a80b-d090ac4851f1,quarterly_operating_income,2025-12-31
5274,45e885e6-951b-46f6-a80b-d090ac4851f1,quarterly_operating_income,2025-09-30
5274,45e885e6-951b-46f6-a80b-d090ac4851f1,quarterly_operating_income,2025-06-30
5274,45e885e6-951b-46f6-a80b-d090ac4851f1,quarterly_operating_income,2025-03-31
5274,45e885e6-951b-46f6-a80b-d090ac4851f1,quarterly_operating_income,2024-12-31
5274,45e885e6-951b-46f6-a80b-d090ac4851f1,quarterly_operating_income,2024-09-30
5274,45e885e6-951b-46f6-a80b-d090ac4851f1,quarterly_net_income_attributable_to_common,2026-06-30
5274,45e885e6-951b-46f6-a80b-d090ac4851f1,quarterly_net_income_attributable_to_common,2026-03-31
5274,45e885e6-951b-46f6-a80b-d090ac4851f1,quarterly_net_income_attributable_to_common,2025-12-31
5274,45e885e6-951b-46f6-a80b-d090ac4851f1,quarterly_net_income_attributable_to_common,2025-09-30
5274,45e885e6-951b-46f6-a80b-d090ac4851f1,quarterly_net_income_attributable_to_common,2025-06-30
5274,45e885e6-951b-46f6-a80b-d090ac4851f1,quarterly_net_income_attributable_to_common,2025-03-31
5274,45e885e6-951b-46f6-a80b-d090ac4851f1,quarterly_net_income_attributable_to_common,2024-12-31
5274,45e885e6-951b-46f6-a80b-d090ac4851f1,quarterly_net_income_attributable_to_common,2024-09-30
5274,45e885e6-951b-46f6-a80b-d090ac4851f1,quarterly_diluted_eps,2026-06-30
5274,45e885e6-951b-46f6-a80b-d090ac4851f1,quarterly_diluted_eps,2026-03-31
5274,45e885e6-951b-46f6-a80b-d090ac4851f1,quarterly_diluted_eps,2025-12-31
5274,45e885e6-951b-46f6-a80b-d090ac4851f1,quarterly_diluted_eps,2025-09-30
5274,45e885e6-951b-46f6-a80b-d090ac4851f1,quarterly_diluted_eps,2025-06-30
5274,45e885e6-951b-46f6-a80b-d090ac4851f1,quarterly_diluted_eps,2025-03-31
5274,45e885e6-951b-46f6-a80b-d090ac4851f1,quarterly_diluted_eps,2024-12-31
5274,45e885e6-951b-46f6-a80b-d090ac4851f1,quarterly_diluted_eps,2024-09-30
5274,45e885e6-951b-46f6-a80b-d090ac4851f1,diluted_weighted_average_shares,2026-06-30
5274,45e885e6-951b-46f6-a80b-d090ac4851f1,diluted_weighted_average_shares,2026-03-31
5274,45e885e6-951b-46f6-a80b-d090ac4851f1,diluted_weighted_average_shares,2025-12-31
5274,45e885e6-951b-46f6-a80b-d090ac4851f1,diluted_weighted_average_shares,2025-09-30
5274,45e885e6-951b-46f6-a80b-d090ac4851f1,diluted_weighted_average_shares,2025-06-30
5274,45e885e6-951b-46f6-a80b-d090ac4851f1,diluted_weighted_average_shares,2025-03-31
5274,45e885e6-951b-46f6-a80b-d090ac4851f1,diluted_weighted_average_shares,2024-12-31
5274,45e885e6-951b-46f6-a80b-d090ac4851f1,diluted_weighted_average_shares,2024-09-30
5289,486973a2-527f-436a-a521-9a764273ebc8,quarterly_revenue,2026-06-30
5289,486973a2-527f-436a-a521-9a764273ebc8,quarterly_revenue,2026-03-31
5289,486973a2-527f-436a-a521-9a764273ebc8,quarterly_revenue,2025-12-31
5289,486973a2-527f-436a-a521-9a764273ebc8,quarterly_revenue,2025-09-30
5289,486973a2-527f-436a-a521-9a764273ebc8,quarterly_revenue,2025-06-30
5289,486973a2-527f-436a-a521-9a764273ebc8,quarterly_revenue,2025-03-31
5289,486973a2-527f-436a-a521-9a764273ebc8,quarterly_revenue,2024-12-31
5289,486973a2-527f-436a-a521-9a764273ebc8,quarterly_revenue,2024-09-30
5289,486973a2-527f-436a-a521-9a764273ebc8,quarterly_gross_profit,2026-06-30
5289,486973a2-527f-436a-a521-9a764273ebc8,quarterly_gross_profit,2026-03-31
5289,486973a2-527f-436a-a521-9a764273ebc8,quarterly_gross_profit,2025-12-31
5289,486973a2-527f-436a-a521-9a764273ebc8,quarterly_gross_profit,2025-09-30
5289,486973a2-527f-436a-a521-9a764273ebc8,quarterly_gross_profit,2025-06-30
5289,486973a2-527f-436a-a521-9a764273ebc8,quarterly_gross_profit,2025-03-31
5289,486973a2-527f-436a-a521-9a764273ebc8,quarterly_gross_profit,2024-12-31
5289,486973a2-527f-436a-a521-9a764273ebc8,quarterly_gross_profit,2024-09-30
5289,486973a2-527f-436a-a521-9a764273ebc8,quarterly_operating_income,2026-06-30
5289,486973a2-527f-436a-a521-9a764273ebc8,quarterly_operating_income,2026-03-31
5289,486973a2-527f-436a-a521-9a764273ebc8,quarterly_operating_income,2025-12-31
5289,486973a2-527f-436a-a521-9a764273ebc8,quarterly_operating_income,2025-09-30
5289,486973a2-527f-436a-a521-9a764273ebc8,quarterly_operating_income,2025-06-30
5289,486973a2-527f-436a-a521-9a764273ebc8,quarterly_operating_income,2025-03-31
5289,486973a2-527f-436a-a521-9a764273ebc8,quarterly_operating_income,2024-12-31
5289,486973a2-527f-436a-a521-9a764273ebc8,quarterly_operating_income,2024-09-30
5289,486973a2-527f-436a-a521-9a764273ebc8,quarterly_net_income_attributable_to_common,2026-06-30
5289,486973a2-527f-436a-a521-9a764273ebc8,quarterly_net_income_attributable_to_common,2026-03-31
5289,486973a2-527f-436a-a521-9a764273ebc8,quarterly_net_income_attributable_to_common,2025-12-31
5289,486973a2-527f-436a-a521-9a764273ebc8,quarterly_net_income_attributable_to_common,2025-09-30
5289,486973a2-527f-436a-a521-9a764273ebc8,quarterly_net_income_attributable_to_common,2025-06-30
5289,486973a2-527f-436a-a521-9a764273ebc8,quarterly_net_income_attributable_to_common,2025-03-31
5289,486973a2-527f-436a-a521-9a764273ebc8,quarterly_net_income_attributable_to_common,2024-12-31
5289,486973a2-527f-436a-a521-9a764273ebc8,quarterly_net_income_attributable_to_common,2024-09-30
5289,486973a2-527f-436a-a521-9a764273ebc8,quarterly_diluted_eps,2026-06-30
5289,486973a2-527f-436a-a521-9a764273ebc8,quarterly_diluted_eps,2026-03-31
5289,486973a2-527f-436a-a521-9a764273ebc8,quarterly_diluted_eps,2025-12-31
5289,486973a2-527f-436a-a521-9a764273ebc8,quarterly_diluted_eps,2025-09-30
5289,486973a2-527f-436a-a521-9a764273ebc8,quarterly_diluted_eps,2025-06-30
5289,486973a2-527f-436a-a521-9a764273ebc8,quarterly_diluted_eps,2025-03-31
5289,486973a2-527f-436a-a521-9a764273ebc8,quarterly_diluted_eps,2024-12-31
5289,486973a2-527f-436a-a521-9a764273ebc8,quarterly_diluted_eps,2024-09-30
5289,486973a2-527f-436a-a521-9a764273ebc8,diluted_weighted_average_shares,2026-06-30
5289,486973a2-527f-436a-a521-9a764273ebc8,diluted_weighted_average_shares,2026-03-31
5289,486973a2-527f-436a-a521-9a764273ebc8,diluted_weighted_average_shares,2025-12-31
5289,486973a2-527f-436a-a521-9a764273ebc8,diluted_weighted_average_shares,2025-09-30
5289,486973a2-527f-436a-a521-9a764273ebc8,diluted_weighted_average_shares,2025-06-30
5289,486973a2-527f-436a-a521-9a764273ebc8,diluted_weighted_average_shares,2025-03-31
5289,486973a2-527f-436a-a521-9a764273ebc8,diluted_weighted_average_shares,2024-12-31
5289,486973a2-527f-436a-a521-9a764273ebc8,diluted_weighted_average_shares,2024-09-30
5314,39c69e9f-c830-4d90-af76-d6d9404de73d,quarterly_revenue,2026-06-30
5314,39c69e9f-c830-4d90-af76-d6d9404de73d,quarterly_revenue,2026-03-31
5314,39c69e9f-c830-4d90-af76-d6d9404de73d,quarterly_revenue,2025-12-31
5314,39c69e9f-c830-4d90-af76-d6d9404de73d,quarterly_revenue,2025-09-30
5314,39c69e9f-c830-4d90-af76-d6d9404de73d,quarterly_revenue,2025-06-30
5314,39c69e9f-c830-4d90-af76-d6d9404de73d,quarterly_revenue,2025-03-31
5314,39c69e9f-c830-4d90-af76-d6d9404de73d,quarterly_revenue,2024-12-31
5314,39c69e9f-c830-4d90-af76-d6d9404de73d,quarterly_revenue,2024-09-30
5314,39c69e9f-c830-4d90-af76-d6d9404de73d,quarterly_gross_profit,2026-06-30
5314,39c69e9f-c830-4d90-af76-d6d9404de73d,quarterly_gross_profit,2026-03-31
5314,39c69e9f-c830-4d90-af76-d6d9404de73d,quarterly_gross_profit,2025-12-31
5314,39c69e9f-c830-4d90-af76-d6d9404de73d,quarterly_gross_profit,2025-09-30
5314,39c69e9f-c830-4d90-af76-d6d9404de73d,quarterly_gross_profit,2025-06-30
5314,39c69e9f-c830-4d90-af76-d6d9404de73d,quarterly_gross_profit,2025-03-31
5314,39c69e9f-c830-4d90-af76-d6d9404de73d,quarterly_gross_profit,2024-12-31
5314,39c69e9f-c830-4d90-af76-d6d9404de73d,quarterly_gross_profit,2024-09-30
5314,39c69e9f-c830-4d90-af76-d6d9404de73d,quarterly_operating_income,2026-06-30
5314,39c69e9f-c830-4d90-af76-d6d9404de73d,quarterly_operating_income,2026-03-31
5314,39c69e9f-c830-4d90-af76-d6d9404de73d,quarterly_operating_income,2025-12-31
5314,39c69e9f-c830-4d90-af76-d6d9404de73d,quarterly_operating_income,2025-09-30
5314,39c69e9f-c830-4d90-af76-d6d9404de73d,quarterly_operating_income,2025-06-30
5314,39c69e9f-c830-4d90-af76-d6d9404de73d,quarterly_operating_income,2025-03-31
5314,39c69e9f-c830-4d90-af76-d6d9404de73d,quarterly_operating_income,2024-12-31
5314,39c69e9f-c830-4d90-af76-d6d9404de73d,quarterly_operating_income,2024-09-30
5314,39c69e9f-c830-4d90-af76-d6d9404de73d,quarterly_net_income_attributable_to_common,2026-06-30
5314,39c69e9f-c830-4d90-af76-d6d9404de73d,quarterly_net_income_attributable_to_common,2026-03-31
5314,39c69e9f-c830-4d90-af76-d6d9404de73d,quarterly_net_income_attributable_to_common,2025-12-31
5314,39c69e9f-c830-4d90-af76-d6d9404de73d,quarterly_net_income_attributable_to_common,2025-09-30
5314,39c69e9f-c830-4d90-af76-d6d9404de73d,quarterly_net_income_attributable_to_common,2025-06-30
5314,39c69e9f-c830-4d90-af76-d6d9404de73d,quarterly_net_income_attributable_to_common,2025-03-31
5314,39c69e9f-c830-4d90-af76-d6d9404de73d,quarterly_net_income_attributable_to_common,2024-12-31
5314,39c69e9f-c830-4d90-af76-d6d9404de73d,quarterly_net_income_attributable_to_common,2024-09-30
5314,39c69e9f-c830-4d90-af76-d6d9404de73d,quarterly_diluted_eps,2026-06-30
5314,39c69e9f-c830-4d90-af76-d6d9404de73d,quarterly_diluted_eps,2026-03-31
5314,39c69e9f-c830-4d90-af76-d6d9404de73d,quarterly_diluted_eps,2025-12-31
5314,39c69e9f-c830-4d90-af76-d6d9404de73d,quarterly_diluted_eps,2025-09-30
5314,39c69e9f-c830-4d90-af76-d6d9404de73d,quarterly_diluted_eps,2025-06-30
5314,39c69e9f-c830-4d90-af76-d6d9404de73d,quarterly_diluted_eps,2025-03-31
5314,39c69e9f-c830-4d90-af76-d6d9404de73d,quarterly_diluted_eps,2024-12-31
5314,39c69e9f-c830-4d90-af76-d6d9404de73d,quarterly_diluted_eps,2024-09-30
5314,39c69e9f-c830-4d90-af76-d6d9404de73d,diluted_weighted_average_shares,2026-06-30
5314,39c69e9f-c830-4d90-af76-d6d9404de73d,diluted_weighted_average_shares,2026-03-31
5314,39c69e9f-c830-4d90-af76-d6d9404de73d,diluted_weighted_average_shares,2025-12-31
5314,39c69e9f-c830-4d90-af76-d6d9404de73d,diluted_weighted_average_shares,2025-09-30
5314,39c69e9f-c830-4d90-af76-d6d9404de73d,diluted_weighted_average_shares,2025-06-30
5314,39c69e9f-c830-4d90-af76-d6d9404de73d,diluted_weighted_average_shares,2025-03-31
5314,39c69e9f-c830-4d90-af76-d6d9404de73d,diluted_weighted_average_shares,2024-12-31
5314,39c69e9f-c830-4d90-af76-d6d9404de73d,diluted_weighted_average_shares,2024-09-30
5347,4ab30157-0b30-4368-9d04-469164b4bcc6,quarterly_revenue,2026-06-30
5347,4ab30157-0b30-4368-9d04-469164b4bcc6,quarterly_revenue,2026-03-31
5347,4ab30157-0b30-4368-9d04-469164b4bcc6,quarterly_revenue,2025-12-31
5347,4ab30157-0b30-4368-9d04-469164b4bcc6,quarterly_revenue,2025-09-30
5347,4ab30157-0b30-4368-9d04-469164b4bcc6,quarterly_revenue,2025-06-30
5347,4ab30157-0b30-4368-9d04-469164b4bcc6,quarterly_revenue,2025-03-31
5347,4ab30157-0b30-4368-9d04-469164b4bcc6,quarterly_revenue,2024-12-31
5347,4ab30157-0b30-4368-9d04-469164b4bcc6,quarterly_revenue,2024-09-30
5347,4ab30157-0b30-4368-9d04-469164b4bcc6,quarterly_gross_profit,2026-06-30
5347,4ab30157-0b30-4368-9d04-469164b4bcc6,quarterly_gross_profit,2026-03-31
5347,4ab30157-0b30-4368-9d04-469164b4bcc6,quarterly_gross_profit,2025-12-31
5347,4ab30157-0b30-4368-9d04-469164b4bcc6,quarterly_gross_profit,2025-09-30
5347,4ab30157-0b30-4368-9d04-469164b4bcc6,quarterly_gross_profit,2025-06-30
5347,4ab30157-0b30-4368-9d04-469164b4bcc6,quarterly_gross_profit,2025-03-31
5347,4ab30157-0b30-4368-9d04-469164b4bcc6,quarterly_gross_profit,2024-12-31
5347,4ab30157-0b30-4368-9d04-469164b4bcc6,quarterly_gross_profit,2024-09-30
5347,4ab30157-0b30-4368-9d04-469164b4bcc6,quarterly_operating_income,2026-06-30
5347,4ab30157-0b30-4368-9d04-469164b4bcc6,quarterly_operating_income,2026-03-31
5347,4ab30157-0b30-4368-9d04-469164b4bcc6,quarterly_operating_income,2025-12-31
5347,4ab30157-0b30-4368-9d04-469164b4bcc6,quarterly_operating_income,2025-09-30
5347,4ab30157-0b30-4368-9d04-469164b4bcc6,quarterly_operating_income,2025-06-30
5347,4ab30157-0b30-4368-9d04-469164b4bcc6,quarterly_operating_income,2025-03-31
5347,4ab30157-0b30-4368-9d04-469164b4bcc6,quarterly_operating_income,2024-12-31
5347,4ab30157-0b30-4368-9d04-469164b4bcc6,quarterly_operating_income,2024-09-30
5347,4ab30157-0b30-4368-9d04-469164b4bcc6,quarterly_net_income_attributable_to_common,2026-06-30
5347,4ab30157-0b30-4368-9d04-469164b4bcc6,quarterly_net_income_attributable_to_common,2026-03-31
5347,4ab30157-0b30-4368-9d04-469164b4bcc6,quarterly_net_income_attributable_to_common,2025-12-31
5347,4ab30157-0b30-4368-9d04-469164b4bcc6,quarterly_net_income_attributable_to_common,2025-09-30
5347,4ab30157-0b30-4368-9d04-469164b4bcc6,quarterly_net_income_attributable_to_common,2025-06-30
5347,4ab30157-0b30-4368-9d04-469164b4bcc6,quarterly_net_income_attributable_to_common,2025-03-31
5347,4ab30157-0b30-4368-9d04-469164b4bcc6,quarterly_net_income_attributable_to_common,2024-12-31
5347,4ab30157-0b30-4368-9d04-469164b4bcc6,quarterly_net_income_attributable_to_common,2024-09-30
5347,4ab30157-0b30-4368-9d04-469164b4bcc6,quarterly_diluted_eps,2026-06-30
5347,4ab30157-0b30-4368-9d04-469164b4bcc6,quarterly_diluted_eps,2026-03-31
5347,4ab30157-0b30-4368-9d04-469164b4bcc6,quarterly_diluted_eps,2025-12-31
5347,4ab30157-0b30-4368-9d04-469164b4bcc6,quarterly_diluted_eps,2025-09-30
5347,4ab30157-0b30-4368-9d04-469164b4bcc6,quarterly_diluted_eps,2025-06-30
5347,4ab30157-0b30-4368-9d04-469164b4bcc6,quarterly_diluted_eps,2025-03-31
5347,4ab30157-0b30-4368-9d04-469164b4bcc6,quarterly_diluted_eps,2024-12-31
5347,4ab30157-0b30-4368-9d04-469164b4bcc6,quarterly_diluted_eps,2024-09-30
5347,4ab30157-0b30-4368-9d04-469164b4bcc6,diluted_weighted_average_shares,2026-06-30
5347,4ab30157-0b30-4368-9d04-469164b4bcc6,diluted_weighted_average_shares,2026-03-31
5347,4ab30157-0b30-4368-9d04-469164b4bcc6,diluted_weighted_average_shares,2025-12-31
5347,4ab30157-0b30-4368-9d04-469164b4bcc6,diluted_weighted_average_shares,2025-09-30
5347,4ab30157-0b30-4368-9d04-469164b4bcc6,diluted_weighted_average_shares,2025-06-30
5347,4ab30157-0b30-4368-9d04-469164b4bcc6,diluted_weighted_average_shares,2025-03-31
5347,4ab30157-0b30-4368-9d04-469164b4bcc6,diluted_weighted_average_shares,2024-12-31
5347,4ab30157-0b30-4368-9d04-469164b4bcc6,diluted_weighted_average_shares,2024-09-30
5388,6c99765e-4e81-4b59-a440-2d45b2ac31b8,quarterly_revenue,2026-06-30
5388,6c99765e-4e81-4b59-a440-2d45b2ac31b8,quarterly_revenue,2026-03-31
5388,6c99765e-4e81-4b59-a440-2d45b2ac31b8,quarterly_revenue,2025-12-31
5388,6c99765e-4e81-4b59-a440-2d45b2ac31b8,quarterly_revenue,2025-09-30
5388,6c99765e-4e81-4b59-a440-2d45b2ac31b8,quarterly_revenue,2025-06-30
5388,6c99765e-4e81-4b59-a440-2d45b2ac31b8,quarterly_revenue,2025-03-31
5388,6c99765e-4e81-4b59-a440-2d45b2ac31b8,quarterly_revenue,2024-12-31
5388,6c99765e-4e81-4b59-a440-2d45b2ac31b8,quarterly_revenue,2024-09-30
5388,6c99765e-4e81-4b59-a440-2d45b2ac31b8,quarterly_gross_profit,2026-06-30
5388,6c99765e-4e81-4b59-a440-2d45b2ac31b8,quarterly_gross_profit,2026-03-31
5388,6c99765e-4e81-4b59-a440-2d45b2ac31b8,quarterly_gross_profit,2025-12-31
5388,6c99765e-4e81-4b59-a440-2d45b2ac31b8,quarterly_gross_profit,2025-09-30
5388,6c99765e-4e81-4b59-a440-2d45b2ac31b8,quarterly_gross_profit,2025-06-30
5388,6c99765e-4e81-4b59-a440-2d45b2ac31b8,quarterly_gross_profit,2025-03-31
5388,6c99765e-4e81-4b59-a440-2d45b2ac31b8,quarterly_gross_profit,2024-12-31
5388,6c99765e-4e81-4b59-a440-2d45b2ac31b8,quarterly_gross_profit,2024-09-30
5388,6c99765e-4e81-4b59-a440-2d45b2ac31b8,quarterly_operating_income,2026-06-30
5388,6c99765e-4e81-4b59-a440-2d45b2ac31b8,quarterly_operating_income,2026-03-31
5388,6c99765e-4e81-4b59-a440-2d45b2ac31b8,quarterly_operating_income,2025-12-31
5388,6c99765e-4e81-4b59-a440-2d45b2ac31b8,quarterly_operating_income,2025-09-30
5388,6c99765e-4e81-4b59-a440-2d45b2ac31b8,quarterly_operating_income,2025-06-30
5388,6c99765e-4e81-4b59-a440-2d45b2ac31b8,quarterly_operating_income,2025-03-31
5388,6c99765e-4e81-4b59-a440-2d45b2ac31b8,quarterly_operating_income,2024-12-31
5388,6c99765e-4e81-4b59-a440-2d45b2ac31b8,quarterly_operating_income,2024-09-30
5388,6c99765e-4e81-4b59-a440-2d45b2ac31b8,quarterly_net_income_attributable_to_common,2026-06-30
5388,6c99765e-4e81-4b59-a440-2d45b2ac31b8,quarterly_net_income_attributable_to_common,2026-03-31
5388,6c99765e-4e81-4b59-a440-2d45b2ac31b8,quarterly_net_income_attributable_to_common,2025-12-31
5388,6c99765e-4e81-4b59-a440-2d45b2ac31b8,quarterly_net_income_attributable_to_common,2025-09-30
5388,6c99765e-4e81-4b59-a440-2d45b2ac31b8,quarterly_net_income_attributable_to_common,2025-06-30
5388,6c99765e-4e81-4b59-a440-2d45b2ac31b8,quarterly_net_income_attributable_to_common,2025-03-31
5388,6c99765e-4e81-4b59-a440-2d45b2ac31b8,quarterly_net_income_attributable_to_common,2024-12-31
5388,6c99765e-4e81-4b59-a440-2d45b2ac31b8,quarterly_net_income_attributable_to_common,2024-09-30
5388,6c99765e-4e81-4b59-a440-2d45b2ac31b8,quarterly_diluted_eps,2026-06-30
5388,6c99765e-4e81-4b59-a440-2d45b2ac31b8,quarterly_diluted_eps,2026-03-31
5388,6c99765e-4e81-4b59-a440-2d45b2ac31b8,quarterly_diluted_eps,2025-12-31
5388,6c99765e-4e81-4b59-a440-2d45b2ac31b8,quarterly_diluted_eps,2025-09-30
5388,6c99765e-4e81-4b59-a440-2d45b2ac31b8,quarterly_diluted_eps,2025-06-30
5388,6c99765e-4e81-4b59-a440-2d45b2ac31b8,quarterly_diluted_eps,2025-03-31
5388,6c99765e-4e81-4b59-a440-2d45b2ac31b8,quarterly_diluted_eps,2024-12-31
5388,6c99765e-4e81-4b59-a440-2d45b2ac31b8,quarterly_diluted_eps,2024-09-30
5388,6c99765e-4e81-4b59-a440-2d45b2ac31b8,diluted_weighted_average_shares,2026-06-30
5388,6c99765e-4e81-4b59-a440-2d45b2ac31b8,diluted_weighted_average_shares,2026-03-31
5388,6c99765e-4e81-4b59-a440-2d45b2ac31b8,diluted_weighted_average_shares,2025-12-31
5388,6c99765e-4e81-4b59-a440-2d45b2ac31b8,diluted_weighted_average_shares,2025-09-30
5388,6c99765e-4e81-4b59-a440-2d45b2ac31b8,diluted_weighted_average_shares,2025-06-30
5388,6c99765e-4e81-4b59-a440-2d45b2ac31b8,diluted_weighted_average_shares,2025-03-31
5388,6c99765e-4e81-4b59-a440-2d45b2ac31b8,diluted_weighted_average_shares,2024-12-31
5388,6c99765e-4e81-4b59-a440-2d45b2ac31b8,diluted_weighted_average_shares,2024-09-30
5434,2c6bd3b3-8928-47b6-a0dc-6fa25ac24b2a,quarterly_revenue,2026-06-30
5434,2c6bd3b3-8928-47b6-a0dc-6fa25ac24b2a,quarterly_revenue,2026-03-31
5434,2c6bd3b3-8928-47b6-a0dc-6fa25ac24b2a,quarterly_revenue,2025-12-31
5434,2c6bd3b3-8928-47b6-a0dc-6fa25ac24b2a,quarterly_revenue,2025-09-30
5434,2c6bd3b3-8928-47b6-a0dc-6fa25ac24b2a,quarterly_revenue,2025-06-30
5434,2c6bd3b3-8928-47b6-a0dc-6fa25ac24b2a,quarterly_revenue,2025-03-31
5434,2c6bd3b3-8928-47b6-a0dc-6fa25ac24b2a,quarterly_revenue,2024-12-31
5434,2c6bd3b3-8928-47b6-a0dc-6fa25ac24b2a,quarterly_revenue,2024-09-30
5434,2c6bd3b3-8928-47b6-a0dc-6fa25ac24b2a,quarterly_gross_profit,2026-06-30
5434,2c6bd3b3-8928-47b6-a0dc-6fa25ac24b2a,quarterly_gross_profit,2026-03-31
5434,2c6bd3b3-8928-47b6-a0dc-6fa25ac24b2a,quarterly_gross_profit,2025-12-31
5434,2c6bd3b3-8928-47b6-a0dc-6fa25ac24b2a,quarterly_gross_profit,2025-09-30
5434,2c6bd3b3-8928-47b6-a0dc-6fa25ac24b2a,quarterly_gross_profit,2025-06-30
5434,2c6bd3b3-8928-47b6-a0dc-6fa25ac24b2a,quarterly_gross_profit,2025-03-31
5434,2c6bd3b3-8928-47b6-a0dc-6fa25ac24b2a,quarterly_gross_profit,2024-12-31
5434,2c6bd3b3-8928-47b6-a0dc-6fa25ac24b2a,quarterly_gross_profit,2024-09-30
5434,2c6bd3b3-8928-47b6-a0dc-6fa25ac24b2a,quarterly_operating_income,2026-06-30
5434,2c6bd3b3-8928-47b6-a0dc-6fa25ac24b2a,quarterly_operating_income,2026-03-31
5434,2c6bd3b3-8928-47b6-a0dc-6fa25ac24b2a,quarterly_operating_income,2025-12-31
5434,2c6bd3b3-8928-47b6-a0dc-6fa25ac24b2a,quarterly_operating_income,2025-09-30
5434,2c6bd3b3-8928-47b6-a0dc-6fa25ac24b2a,quarterly_operating_income,2025-06-30
5434,2c6bd3b3-8928-47b6-a0dc-6fa25ac24b2a,quarterly_operating_income,2025-03-31
5434,2c6bd3b3-8928-47b6-a0dc-6fa25ac24b2a,quarterly_operating_income,2024-12-31
5434,2c6bd3b3-8928-47b6-a0dc-6fa25ac24b2a,quarterly_operating_income,2024-09-30
5434,2c6bd3b3-8928-47b6-a0dc-6fa25ac24b2a,quarterly_net_income_attributable_to_common,2026-06-30
5434,2c6bd3b3-8928-47b6-a0dc-6fa25ac24b2a,quarterly_net_income_attributable_to_common,2026-03-31
5434,2c6bd3b3-8928-47b6-a0dc-6fa25ac24b2a,quarterly_net_income_attributable_to_common,2025-12-31
5434,2c6bd3b3-8928-47b6-a0dc-6fa25ac24b2a,quarterly_net_income_attributable_to_common,2025-09-30
5434,2c6bd3b3-8928-47b6-a0dc-6fa25ac24b2a,quarterly_net_income_attributable_to_common,2025-06-30
5434,2c6bd3b3-8928-47b6-a0dc-6fa25ac24b2a,quarterly_net_income_attributable_to_common,2025-03-31
5434,2c6bd3b3-8928-47b6-a0dc-6fa25ac24b2a,quarterly_net_income_attributable_to_common,2024-12-31
5434,2c6bd3b3-8928-47b6-a0dc-6fa25ac24b2a,quarterly_net_income_attributable_to_common,2024-09-30
5434,2c6bd3b3-8928-47b6-a0dc-6fa25ac24b2a,quarterly_diluted_eps,2026-06-30
5434,2c6bd3b3-8928-47b6-a0dc-6fa25ac24b2a,quarterly_diluted_eps,2026-03-31
5434,2c6bd3b3-8928-47b6-a0dc-6fa25ac24b2a,quarterly_diluted_eps,2025-12-31
5434,2c6bd3b3-8928-47b6-a0dc-6fa25ac24b2a,quarterly_diluted_eps,2025-09-30
5434,2c6bd3b3-8928-47b6-a0dc-6fa25ac24b2a,quarterly_diluted_eps,2025-06-30
5434,2c6bd3b3-8928-47b6-a0dc-6fa25ac24b2a,quarterly_diluted_eps,2025-03-31
5434,2c6bd3b3-8928-47b6-a0dc-6fa25ac24b2a,quarterly_diluted_eps,2024-12-31
5434,2c6bd3b3-8928-47b6-a0dc-6fa25ac24b2a,quarterly_diluted_eps,2024-09-30
5434,2c6bd3b3-8928-47b6-a0dc-6fa25ac24b2a,diluted_weighted_average_shares,2026-06-30
5434,2c6bd3b3-8928-47b6-a0dc-6fa25ac24b2a,diluted_weighted_average_shares,2026-03-31
5434,2c6bd3b3-8928-47b6-a0dc-6fa25ac24b2a,diluted_weighted_average_shares,2025-12-31
5434,2c6bd3b3-8928-47b6-a0dc-6fa25ac24b2a,diluted_weighted_average_shares,2025-09-30
5434,2c6bd3b3-8928-47b6-a0dc-6fa25ac24b2a,diluted_weighted_average_shares,2025-06-30
5434,2c6bd3b3-8928-47b6-a0dc-6fa25ac24b2a,diluted_weighted_average_shares,2025-03-31
5434,2c6bd3b3-8928-47b6-a0dc-6fa25ac24b2a,diluted_weighted_average_shares,2024-12-31
5434,2c6bd3b3-8928-47b6-a0dc-6fa25ac24b2a,diluted_weighted_average_shares,2024-09-30
5469,c489dd1f-114a-4a4b-a248-b00e4805038a,quarterly_revenue,2026-06-30
5469,c489dd1f-114a-4a4b-a248-b00e4805038a,quarterly_revenue,2026-03-31
5469,c489dd1f-114a-4a4b-a248-b00e4805038a,quarterly_revenue,2025-12-31
5469,c489dd1f-114a-4a4b-a248-b00e4805038a,quarterly_revenue,2025-09-30
5469,c489dd1f-114a-4a4b-a248-b00e4805038a,quarterly_revenue,2025-06-30
5469,c489dd1f-114a-4a4b-a248-b00e4805038a,quarterly_revenue,2025-03-31
5469,c489dd1f-114a-4a4b-a248-b00e4805038a,quarterly_revenue,2024-12-31
5469,c489dd1f-114a-4a4b-a248-b00e4805038a,quarterly_revenue,2024-09-30
5469,c489dd1f-114a-4a4b-a248-b00e4805038a,quarterly_gross_profit,2026-06-30
5469,c489dd1f-114a-4a4b-a248-b00e4805038a,quarterly_gross_profit,2026-03-31
5469,c489dd1f-114a-4a4b-a248-b00e4805038a,quarterly_gross_profit,2025-12-31
5469,c489dd1f-114a-4a4b-a248-b00e4805038a,quarterly_gross_profit,2025-09-30
5469,c489dd1f-114a-4a4b-a248-b00e4805038a,quarterly_gross_profit,2025-06-30
5469,c489dd1f-114a-4a4b-a248-b00e4805038a,quarterly_gross_profit,2025-03-31
5469,c489dd1f-114a-4a4b-a248-b00e4805038a,quarterly_gross_profit,2024-12-31
5469,c489dd1f-114a-4a4b-a248-b00e4805038a,quarterly_gross_profit,2024-09-30
5469,c489dd1f-114a-4a4b-a248-b00e4805038a,quarterly_operating_income,2026-06-30
5469,c489dd1f-114a-4a4b-a248-b00e4805038a,quarterly_operating_income,2026-03-31
5469,c489dd1f-114a-4a4b-a248-b00e4805038a,quarterly_operating_income,2025-12-31
5469,c489dd1f-114a-4a4b-a248-b00e4805038a,quarterly_operating_income,2025-09-30
5469,c489dd1f-114a-4a4b-a248-b00e4805038a,quarterly_operating_income,2025-06-30
5469,c489dd1f-114a-4a4b-a248-b00e4805038a,quarterly_operating_income,2025-03-31
5469,c489dd1f-114a-4a4b-a248-b00e4805038a,quarterly_operating_income,2024-12-31
5469,c489dd1f-114a-4a4b-a248-b00e4805038a,quarterly_operating_income,2024-09-30
5469,c489dd1f-114a-4a4b-a248-b00e4805038a,quarterly_net_income_attributable_to_common,2026-06-30
5469,c489dd1f-114a-4a4b-a248-b00e4805038a,quarterly_net_income_attributable_to_common,2026-03-31
5469,c489dd1f-114a-4a4b-a248-b00e4805038a,quarterly_net_income_attributable_to_common,2025-12-31
5469,c489dd1f-114a-4a4b-a248-b00e4805038a,quarterly_net_income_attributable_to_common,2025-09-30
5469,c489dd1f-114a-4a4b-a248-b00e4805038a,quarterly_net_income_attributable_to_common,2025-06-30
5469,c489dd1f-114a-4a4b-a248-b00e4805038a,quarterly_net_income_attributable_to_common,2025-03-31
5469,c489dd1f-114a-4a4b-a248-b00e4805038a,quarterly_net_income_attributable_to_common,2024-12-31
5469,c489dd1f-114a-4a4b-a248-b00e4805038a,quarterly_net_income_attributable_to_common,2024-09-30
5469,c489dd1f-114a-4a4b-a248-b00e4805038a,quarterly_diluted_eps,2026-06-30
5469,c489dd1f-114a-4a4b-a248-b00e4805038a,quarterly_diluted_eps,2026-03-31
5469,c489dd1f-114a-4a4b-a248-b00e4805038a,quarterly_diluted_eps,2025-12-31
5469,c489dd1f-114a-4a4b-a248-b00e4805038a,quarterly_diluted_eps,2025-09-30
5469,c489dd1f-114a-4a4b-a248-b00e4805038a,quarterly_diluted_eps,2025-06-30
5469,c489dd1f-114a-4a4b-a248-b00e4805038a,quarterly_diluted_eps,2025-03-31
5469,c489dd1f-114a-4a4b-a248-b00e4805038a,quarterly_diluted_eps,2024-12-31
5469,c489dd1f-114a-4a4b-a248-b00e4805038a,quarterly_diluted_eps,2024-09-30
5469,c489dd1f-114a-4a4b-a248-b00e4805038a,diluted_weighted_average_shares,2026-06-30
5469,c489dd1f-114a-4a4b-a248-b00e4805038a,diluted_weighted_average_shares,2026-03-31
5469,c489dd1f-114a-4a4b-a248-b00e4805038a,diluted_weighted_average_shares,2025-12-31
5469,c489dd1f-114a-4a4b-a248-b00e4805038a,diluted_weighted_average_shares,2025-09-30
5469,c489dd1f-114a-4a4b-a248-b00e4805038a,diluted_weighted_average_shares,2025-06-30
5469,c489dd1f-114a-4a4b-a248-b00e4805038a,diluted_weighted_average_shares,2025-03-31
5469,c489dd1f-114a-4a4b-a248-b00e4805038a,diluted_weighted_average_shares,2024-12-31
5469,c489dd1f-114a-4a4b-a248-b00e4805038a,diluted_weighted_average_shares,2024-09-30
5475,922f3102-1d50-46ae-892a-2ee0810f740b,quarterly_revenue,2026-06-30
5475,922f3102-1d50-46ae-892a-2ee0810f740b,quarterly_revenue,2026-03-31
5475,922f3102-1d50-46ae-892a-2ee0810f740b,quarterly_revenue,2025-12-31
5475,922f3102-1d50-46ae-892a-2ee0810f740b,quarterly_revenue,2025-09-30
5475,922f3102-1d50-46ae-892a-2ee0810f740b,quarterly_revenue,2025-06-30
5475,922f3102-1d50-46ae-892a-2ee0810f740b,quarterly_revenue,2025-03-31
5475,922f3102-1d50-46ae-892a-2ee0810f740b,quarterly_revenue,2024-12-31
5475,922f3102-1d50-46ae-892a-2ee0810f740b,quarterly_revenue,2024-09-30
5475,922f3102-1d50-46ae-892a-2ee0810f740b,quarterly_gross_profit,2026-06-30
5475,922f3102-1d50-46ae-892a-2ee0810f740b,quarterly_gross_profit,2026-03-31
5475,922f3102-1d50-46ae-892a-2ee0810f740b,quarterly_gross_profit,2025-12-31
5475,922f3102-1d50-46ae-892a-2ee0810f740b,quarterly_gross_profit,2025-09-30
5475,922f3102-1d50-46ae-892a-2ee0810f740b,quarterly_gross_profit,2025-06-30
5475,922f3102-1d50-46ae-892a-2ee0810f740b,quarterly_gross_profit,2025-03-31
5475,922f3102-1d50-46ae-892a-2ee0810f740b,quarterly_gross_profit,2024-12-31
5475,922f3102-1d50-46ae-892a-2ee0810f740b,quarterly_gross_profit,2024-09-30
5475,922f3102-1d50-46ae-892a-2ee0810f740b,quarterly_operating_income,2026-06-30
5475,922f3102-1d50-46ae-892a-2ee0810f740b,quarterly_operating_income,2026-03-31
5475,922f3102-1d50-46ae-892a-2ee0810f740b,quarterly_operating_income,2025-12-31
5475,922f3102-1d50-46ae-892a-2ee0810f740b,quarterly_operating_income,2025-09-30
5475,922f3102-1d50-46ae-892a-2ee0810f740b,quarterly_operating_income,2025-06-30
5475,922f3102-1d50-46ae-892a-2ee0810f740b,quarterly_operating_income,2025-03-31
5475,922f3102-1d50-46ae-892a-2ee0810f740b,quarterly_operating_income,2024-12-31
5475,922f3102-1d50-46ae-892a-2ee0810f740b,quarterly_operating_income,2024-09-30
5475,922f3102-1d50-46ae-892a-2ee0810f740b,quarterly_net_income_attributable_to_common,2026-06-30
5475,922f3102-1d50-46ae-892a-2ee0810f740b,quarterly_net_income_attributable_to_common,2026-03-31
5475,922f3102-1d50-46ae-892a-2ee0810f740b,quarterly_net_income_attributable_to_common,2025-12-31
5475,922f3102-1d50-46ae-892a-2ee0810f740b,quarterly_net_income_attributable_to_common,2025-09-30
5475,922f3102-1d50-46ae-892a-2ee0810f740b,quarterly_net_income_attributable_to_common,2025-06-30
5475,922f3102-1d50-46ae-892a-2ee0810f740b,quarterly_net_income_attributable_to_common,2025-03-31
5475,922f3102-1d50-46ae-892a-2ee0810f740b,quarterly_net_income_attributable_to_common,2024-12-31
5475,922f3102-1d50-46ae-892a-2ee0810f740b,quarterly_net_income_attributable_to_common,2024-09-30
5475,922f3102-1d50-46ae-892a-2ee0810f740b,quarterly_diluted_eps,2026-06-30
5475,922f3102-1d50-46ae-892a-2ee0810f740b,quarterly_diluted_eps,2026-03-31
5475,922f3102-1d50-46ae-892a-2ee0810f740b,quarterly_diluted_eps,2025-12-31
5475,922f3102-1d50-46ae-892a-2ee0810f740b,quarterly_diluted_eps,2025-09-30
5475,922f3102-1d50-46ae-892a-2ee0810f740b,quarterly_diluted_eps,2025-06-30
5475,922f3102-1d50-46ae-892a-2ee0810f740b,quarterly_diluted_eps,2025-03-31
5475,922f3102-1d50-46ae-892a-2ee0810f740b,quarterly_diluted_eps,2024-12-31
5475,922f3102-1d50-46ae-892a-2ee0810f740b,quarterly_diluted_eps,2024-09-30
5475,922f3102-1d50-46ae-892a-2ee0810f740b,diluted_weighted_average_shares,2026-06-30
5475,922f3102-1d50-46ae-892a-2ee0810f740b,diluted_weighted_average_shares,2026-03-31
5475,922f3102-1d50-46ae-892a-2ee0810f740b,diluted_weighted_average_shares,2025-12-31
5475,922f3102-1d50-46ae-892a-2ee0810f740b,diluted_weighted_average_shares,2025-09-30
5475,922f3102-1d50-46ae-892a-2ee0810f740b,diluted_weighted_average_shares,2025-06-30
5475,922f3102-1d50-46ae-892a-2ee0810f740b,diluted_weighted_average_shares,2025-03-31
5475,922f3102-1d50-46ae-892a-2ee0810f740b,diluted_weighted_average_shares,2024-12-31
5475,922f3102-1d50-46ae-892a-2ee0810f740b,diluted_weighted_average_shares,2024-09-30
5483,d2d1c299-074d-4538-aee8-4b1ee7631f20,quarterly_revenue,2026-06-30
5483,d2d1c299-074d-4538-aee8-4b1ee7631f20,quarterly_revenue,2026-03-31
5483,d2d1c299-074d-4538-aee8-4b1ee7631f20,quarterly_revenue,2025-12-31
5483,d2d1c299-074d-4538-aee8-4b1ee7631f20,quarterly_revenue,2025-09-30
5483,d2d1c299-074d-4538-aee8-4b1ee7631f20,quarterly_revenue,2025-06-30
5483,d2d1c299-074d-4538-aee8-4b1ee7631f20,quarterly_revenue,2025-03-31
5483,d2d1c299-074d-4538-aee8-4b1ee7631f20,quarterly_revenue,2024-12-31
5483,d2d1c299-074d-4538-aee8-4b1ee7631f20,quarterly_revenue,2024-09-30
5483,d2d1c299-074d-4538-aee8-4b1ee7631f20,quarterly_gross_profit,2026-06-30
5483,d2d1c299-074d-4538-aee8-4b1ee7631f20,quarterly_gross_profit,2026-03-31
5483,d2d1c299-074d-4538-aee8-4b1ee7631f20,quarterly_gross_profit,2025-12-31
5483,d2d1c299-074d-4538-aee8-4b1ee7631f20,quarterly_gross_profit,2025-09-30
5483,d2d1c299-074d-4538-aee8-4b1ee7631f20,quarterly_gross_profit,2025-06-30
5483,d2d1c299-074d-4538-aee8-4b1ee7631f20,quarterly_gross_profit,2025-03-31
5483,d2d1c299-074d-4538-aee8-4b1ee7631f20,quarterly_gross_profit,2024-12-31
5483,d2d1c299-074d-4538-aee8-4b1ee7631f20,quarterly_gross_profit,2024-09-30
5483,d2d1c299-074d-4538-aee8-4b1ee7631f20,quarterly_operating_income,2026-06-30
5483,d2d1c299-074d-4538-aee8-4b1ee7631f20,quarterly_operating_income,2026-03-31
5483,d2d1c299-074d-4538-aee8-4b1ee7631f20,quarterly_operating_income,2025-12-31
5483,d2d1c299-074d-4538-aee8-4b1ee7631f20,quarterly_operating_income,2025-09-30
5483,d2d1c299-074d-4538-aee8-4b1ee7631f20,quarterly_operating_income,2025-06-30
5483,d2d1c299-074d-4538-aee8-4b1ee7631f20,quarterly_operating_income,2025-03-31
5483,d2d1c299-074d-4538-aee8-4b1ee7631f20,quarterly_operating_income,2024-12-31
5483,d2d1c299-074d-4538-aee8-4b1ee7631f20,quarterly_operating_income,2024-09-30
5483,d2d1c299-074d-4538-aee8-4b1ee7631f20,quarterly_net_income_attributable_to_common,2026-06-30
5483,d2d1c299-074d-4538-aee8-4b1ee7631f20,quarterly_net_income_attributable_to_common,2026-03-31
5483,d2d1c299-074d-4538-aee8-4b1ee7631f20,quarterly_net_income_attributable_to_common,2025-12-31
5483,d2d1c299-074d-4538-aee8-4b1ee7631f20,quarterly_net_income_attributable_to_common,2025-09-30
5483,d2d1c299-074d-4538-aee8-4b1ee7631f20,quarterly_net_income_attributable_to_common,2025-06-30
5483,d2d1c299-074d-4538-aee8-4b1ee7631f20,quarterly_net_income_attributable_to_common,2025-03-31
5483,d2d1c299-074d-4538-aee8-4b1ee7631f20,quarterly_net_income_attributable_to_common,2024-12-31
5483,d2d1c299-074d-4538-aee8-4b1ee7631f20,quarterly_net_income_attributable_to_common,2024-09-30
5483,d2d1c299-074d-4538-aee8-4b1ee7631f20,quarterly_diluted_eps,2026-06-30
5483,d2d1c299-074d-4538-aee8-4b1ee7631f20,quarterly_diluted_eps,2026-03-31
5483,d2d1c299-074d-4538-aee8-4b1ee7631f20,quarterly_diluted_eps,2025-12-31
5483,d2d1c299-074d-4538-aee8-4b1ee7631f20,quarterly_diluted_eps,2025-09-30
5483,d2d1c299-074d-4538-aee8-4b1ee7631f20,quarterly_diluted_eps,2025-06-30
5483,d2d1c299-074d-4538-aee8-4b1ee7631f20,quarterly_diluted_eps,2025-03-31
5483,d2d1c299-074d-4538-aee8-4b1ee7631f20,quarterly_diluted_eps,2024-12-31
5483,d2d1c299-074d-4538-aee8-4b1ee7631f20,quarterly_diluted_eps,2024-09-30
5483,d2d1c299-074d-4538-aee8-4b1ee7631f20,diluted_weighted_average_shares,2026-06-30
5483,d2d1c299-074d-4538-aee8-4b1ee7631f20,diluted_weighted_average_shares,2026-03-31
5483,d2d1c299-074d-4538-aee8-4b1ee7631f20,diluted_weighted_average_shares,2025-12-31
5483,d2d1c299-074d-4538-aee8-4b1ee7631f20,diluted_weighted_average_shares,2025-09-30
5483,d2d1c299-074d-4538-aee8-4b1ee7631f20,diluted_weighted_average_shares,2025-06-30
5483,d2d1c299-074d-4538-aee8-4b1ee7631f20,diluted_weighted_average_shares,2025-03-31
5483,d2d1c299-074d-4538-aee8-4b1ee7631f20,diluted_weighted_average_shares,2024-12-31
5483,d2d1c299-074d-4538-aee8-4b1ee7631f20,diluted_weighted_average_shares,2024-09-30
6116,73232e7d-7299-4a82-b3c0-e23e7774c960,quarterly_revenue,2026-06-30
6116,73232e7d-7299-4a82-b3c0-e23e7774c960,quarterly_revenue,2026-03-31
6116,73232e7d-7299-4a82-b3c0-e23e7774c960,quarterly_revenue,2025-12-31
6116,73232e7d-7299-4a82-b3c0-e23e7774c960,quarterly_revenue,2025-09-30
6116,73232e7d-7299-4a82-b3c0-e23e7774c960,quarterly_revenue,2025-06-30
6116,73232e7d-7299-4a82-b3c0-e23e7774c960,quarterly_revenue,2025-03-31
6116,73232e7d-7299-4a82-b3c0-e23e7774c960,quarterly_revenue,2024-12-31
6116,73232e7d-7299-4a82-b3c0-e23e7774c960,quarterly_revenue,2024-09-30
6116,73232e7d-7299-4a82-b3c0-e23e7774c960,quarterly_gross_profit,2026-06-30
6116,73232e7d-7299-4a82-b3c0-e23e7774c960,quarterly_gross_profit,2026-03-31
6116,73232e7d-7299-4a82-b3c0-e23e7774c960,quarterly_gross_profit,2025-12-31
6116,73232e7d-7299-4a82-b3c0-e23e7774c960,quarterly_gross_profit,2025-09-30
6116,73232e7d-7299-4a82-b3c0-e23e7774c960,quarterly_gross_profit,2025-06-30
6116,73232e7d-7299-4a82-b3c0-e23e7774c960,quarterly_gross_profit,2025-03-31
6116,73232e7d-7299-4a82-b3c0-e23e7774c960,quarterly_gross_profit,2024-12-31
6116,73232e7d-7299-4a82-b3c0-e23e7774c960,quarterly_gross_profit,2024-09-30
6116,73232e7d-7299-4a82-b3c0-e23e7774c960,quarterly_operating_income,2026-06-30
6116,73232e7d-7299-4a82-b3c0-e23e7774c960,quarterly_operating_income,2026-03-31
6116,73232e7d-7299-4a82-b3c0-e23e7774c960,quarterly_operating_income,2025-12-31
6116,73232e7d-7299-4a82-b3c0-e23e7774c960,quarterly_operating_income,2025-09-30
6116,73232e7d-7299-4a82-b3c0-e23e7774c960,quarterly_operating_income,2025-06-30
6116,73232e7d-7299-4a82-b3c0-e23e7774c960,quarterly_operating_income,2025-03-31
6116,73232e7d-7299-4a82-b3c0-e23e7774c960,quarterly_operating_income,2024-12-31
6116,73232e7d-7299-4a82-b3c0-e23e7774c960,quarterly_operating_income,2024-09-30
6116,73232e7d-7299-4a82-b3c0-e23e7774c960,quarterly_net_income_attributable_to_common,2026-06-30
6116,73232e7d-7299-4a82-b3c0-e23e7774c960,quarterly_net_income_attributable_to_common,2026-03-31
6116,73232e7d-7299-4a82-b3c0-e23e7774c960,quarterly_net_income_attributable_to_common,2025-12-31
6116,73232e7d-7299-4a82-b3c0-e23e7774c960,quarterly_net_income_attributable_to_common,2025-09-30
6116,73232e7d-7299-4a82-b3c0-e23e7774c960,quarterly_net_income_attributable_to_common,2025-06-30
6116,73232e7d-7299-4a82-b3c0-e23e7774c960,quarterly_net_income_attributable_to_common,2025-03-31
6116,73232e7d-7299-4a82-b3c0-e23e7774c960,quarterly_net_income_attributable_to_common,2024-12-31
6116,73232e7d-7299-4a82-b3c0-e23e7774c960,quarterly_net_income_attributable_to_common,2024-09-30
6116,73232e7d-7299-4a82-b3c0-e23e7774c960,quarterly_diluted_eps,2026-06-30
6116,73232e7d-7299-4a82-b3c0-e23e7774c960,quarterly_diluted_eps,2026-03-31
6116,73232e7d-7299-4a82-b3c0-e23e7774c960,quarterly_diluted_eps,2025-12-31
6116,73232e7d-7299-4a82-b3c0-e23e7774c960,quarterly_diluted_eps,2025-09-30
6116,73232e7d-7299-4a82-b3c0-e23e7774c960,quarterly_diluted_eps,2025-06-30
6116,73232e7d-7299-4a82-b3c0-e23e7774c960,quarterly_diluted_eps,2025-03-31
6116,73232e7d-7299-4a82-b3c0-e23e7774c960,quarterly_diluted_eps,2024-12-31
6116,73232e7d-7299-4a82-b3c0-e23e7774c960,quarterly_diluted_eps,2024-09-30
6116,73232e7d-7299-4a82-b3c0-e23e7774c960,diluted_weighted_average_shares,2026-06-30
6116,73232e7d-7299-4a82-b3c0-e23e7774c960,diluted_weighted_average_shares,2026-03-31
6116,73232e7d-7299-4a82-b3c0-e23e7774c960,diluted_weighted_average_shares,2025-12-31
6116,73232e7d-7299-4a82-b3c0-e23e7774c960,diluted_weighted_average_shares,2025-09-30
6116,73232e7d-7299-4a82-b3c0-e23e7774c960,diluted_weighted_average_shares,2025-06-30
6116,73232e7d-7299-4a82-b3c0-e23e7774c960,diluted_weighted_average_shares,2025-03-31
6116,73232e7d-7299-4a82-b3c0-e23e7774c960,diluted_weighted_average_shares,2024-12-31
6116,73232e7d-7299-4a82-b3c0-e23e7774c960,diluted_weighted_average_shares,2024-09-30
6147,5d1afa80-ce6e-4bef-b2d5-35467f7a206e,quarterly_revenue,2026-06-30
6147,5d1afa80-ce6e-4bef-b2d5-35467f7a206e,quarterly_revenue,2026-03-31
6147,5d1afa80-ce6e-4bef-b2d5-35467f7a206e,quarterly_revenue,2025-12-31
6147,5d1afa80-ce6e-4bef-b2d5-35467f7a206e,quarterly_revenue,2025-09-30
6147,5d1afa80-ce6e-4bef-b2d5-35467f7a206e,quarterly_revenue,2025-06-30
6147,5d1afa80-ce6e-4bef-b2d5-35467f7a206e,quarterly_revenue,2025-03-31
6147,5d1afa80-ce6e-4bef-b2d5-35467f7a206e,quarterly_revenue,2024-12-31
6147,5d1afa80-ce6e-4bef-b2d5-35467f7a206e,quarterly_revenue,2024-09-30
6147,5d1afa80-ce6e-4bef-b2d5-35467f7a206e,quarterly_gross_profit,2026-06-30
6147,5d1afa80-ce6e-4bef-b2d5-35467f7a206e,quarterly_gross_profit,2026-03-31
6147,5d1afa80-ce6e-4bef-b2d5-35467f7a206e,quarterly_gross_profit,2025-12-31
6147,5d1afa80-ce6e-4bef-b2d5-35467f7a206e,quarterly_gross_profit,2025-09-30
6147,5d1afa80-ce6e-4bef-b2d5-35467f7a206e,quarterly_gross_profit,2025-06-30
6147,5d1afa80-ce6e-4bef-b2d5-35467f7a206e,quarterly_gross_profit,2025-03-31
6147,5d1afa80-ce6e-4bef-b2d5-35467f7a206e,quarterly_gross_profit,2024-12-31
6147,5d1afa80-ce6e-4bef-b2d5-35467f7a206e,quarterly_gross_profit,2024-09-30
6147,5d1afa80-ce6e-4bef-b2d5-35467f7a206e,quarterly_operating_income,2026-06-30
6147,5d1afa80-ce6e-4bef-b2d5-35467f7a206e,quarterly_operating_income,2026-03-31
6147,5d1afa80-ce6e-4bef-b2d5-35467f7a206e,quarterly_operating_income,2025-12-31
6147,5d1afa80-ce6e-4bef-b2d5-35467f7a206e,quarterly_operating_income,2025-09-30
6147,5d1afa80-ce6e-4bef-b2d5-35467f7a206e,quarterly_operating_income,2025-06-30
6147,5d1afa80-ce6e-4bef-b2d5-35467f7a206e,quarterly_operating_income,2025-03-31
6147,5d1afa80-ce6e-4bef-b2d5-35467f7a206e,quarterly_operating_income,2024-12-31
6147,5d1afa80-ce6e-4bef-b2d5-35467f7a206e,quarterly_operating_income,2024-09-30
6147,5d1afa80-ce6e-4bef-b2d5-35467f7a206e,quarterly_net_income_attributable_to_common,2026-06-30
6147,5d1afa80-ce6e-4bef-b2d5-35467f7a206e,quarterly_net_income_attributable_to_common,2026-03-31
6147,5d1afa80-ce6e-4bef-b2d5-35467f7a206e,quarterly_net_income_attributable_to_common,2025-12-31
6147,5d1afa80-ce6e-4bef-b2d5-35467f7a206e,quarterly_net_income_attributable_to_common,2025-09-30
6147,5d1afa80-ce6e-4bef-b2d5-35467f7a206e,quarterly_net_income_attributable_to_common,2025-06-30
6147,5d1afa80-ce6e-4bef-b2d5-35467f7a206e,quarterly_net_income_attributable_to_common,2025-03-31
6147,5d1afa80-ce6e-4bef-b2d5-35467f7a206e,quarterly_net_income_attributable_to_common,2024-12-31
6147,5d1afa80-ce6e-4bef-b2d5-35467f7a206e,quarterly_net_income_attributable_to_common,2024-09-30
6147,5d1afa80-ce6e-4bef-b2d5-35467f7a206e,quarterly_diluted_eps,2026-06-30
6147,5d1afa80-ce6e-4bef-b2d5-35467f7a206e,quarterly_diluted_eps,2026-03-31
6147,5d1afa80-ce6e-4bef-b2d5-35467f7a206e,quarterly_diluted_eps,2025-12-31
6147,5d1afa80-ce6e-4bef-b2d5-35467f7a206e,quarterly_diluted_eps,2025-09-30
6147,5d1afa80-ce6e-4bef-b2d5-35467f7a206e,quarterly_diluted_eps,2025-06-30
6147,5d1afa80-ce6e-4bef-b2d5-35467f7a206e,quarterly_diluted_eps,2025-03-31
6147,5d1afa80-ce6e-4bef-b2d5-35467f7a206e,quarterly_diluted_eps,2024-12-31
6147,5d1afa80-ce6e-4bef-b2d5-35467f7a206e,quarterly_diluted_eps,2024-09-30
6147,5d1afa80-ce6e-4bef-b2d5-35467f7a206e,diluted_weighted_average_shares,2026-06-30
6147,5d1afa80-ce6e-4bef-b2d5-35467f7a206e,diluted_weighted_average_shares,2026-03-31
6147,5d1afa80-ce6e-4bef-b2d5-35467f7a206e,diluted_weighted_average_shares,2025-12-31
6147,5d1afa80-ce6e-4bef-b2d5-35467f7a206e,diluted_weighted_average_shares,2025-09-30
6147,5d1afa80-ce6e-4bef-b2d5-35467f7a206e,diluted_weighted_average_shares,2025-06-30
6147,5d1afa80-ce6e-4bef-b2d5-35467f7a206e,diluted_weighted_average_shares,2025-03-31
6147,5d1afa80-ce6e-4bef-b2d5-35467f7a206e,diluted_weighted_average_shares,2024-12-31
6147,5d1afa80-ce6e-4bef-b2d5-35467f7a206e,diluted_weighted_average_shares,2024-09-30
6148,8c0dc5ee-8e14-48e0-a01b-212df9799580,quarterly_revenue,2026-06-30
6148,8c0dc5ee-8e14-48e0-a01b-212df9799580,quarterly_revenue,2026-03-31
6148,8c0dc5ee-8e14-48e0-a01b-212df9799580,quarterly_revenue,2025-12-31
6148,8c0dc5ee-8e14-48e0-a01b-212df9799580,quarterly_revenue,2025-09-30
6148,8c0dc5ee-8e14-48e0-a01b-212df9799580,quarterly_revenue,2025-06-30
6148,8c0dc5ee-8e14-48e0-a01b-212df9799580,quarterly_revenue,2025-03-31
6148,8c0dc5ee-8e14-48e0-a01b-212df9799580,quarterly_revenue,2024-12-31
6148,8c0dc5ee-8e14-48e0-a01b-212df9799580,quarterly_revenue,2024-09-30
6148,8c0dc5ee-8e14-48e0-a01b-212df9799580,quarterly_gross_profit,2026-06-30
6148,8c0dc5ee-8e14-48e0-a01b-212df9799580,quarterly_gross_profit,2026-03-31
6148,8c0dc5ee-8e14-48e0-a01b-212df9799580,quarterly_gross_profit,2025-12-31
6148,8c0dc5ee-8e14-48e0-a01b-212df9799580,quarterly_gross_profit,2025-09-30
6148,8c0dc5ee-8e14-48e0-a01b-212df9799580,quarterly_gross_profit,2025-06-30
6148,8c0dc5ee-8e14-48e0-a01b-212df9799580,quarterly_gross_profit,2025-03-31
6148,8c0dc5ee-8e14-48e0-a01b-212df9799580,quarterly_gross_profit,2024-12-31
6148,8c0dc5ee-8e14-48e0-a01b-212df9799580,quarterly_gross_profit,2024-09-30
6148,8c0dc5ee-8e14-48e0-a01b-212df9799580,quarterly_operating_income,2026-06-30
6148,8c0dc5ee-8e14-48e0-a01b-212df9799580,quarterly_operating_income,2026-03-31
6148,8c0dc5ee-8e14-48e0-a01b-212df9799580,quarterly_operating_income,2025-12-31
6148,8c0dc5ee-8e14-48e0-a01b-212df9799580,quarterly_operating_income,2025-09-30
6148,8c0dc5ee-8e14-48e0-a01b-212df9799580,quarterly_operating_income,2025-06-30
6148,8c0dc5ee-8e14-48e0-a01b-212df9799580,quarterly_operating_income,2025-03-31
6148,8c0dc5ee-8e14-48e0-a01b-212df9799580,quarterly_operating_income,2024-12-31
6148,8c0dc5ee-8e14-48e0-a01b-212df9799580,quarterly_operating_income,2024-09-30
6148,8c0dc5ee-8e14-48e0-a01b-212df9799580,quarterly_net_income_attributable_to_common,2026-06-30
6148,8c0dc5ee-8e14-48e0-a01b-212df9799580,quarterly_net_income_attributable_to_common,2026-03-31
6148,8c0dc5ee-8e14-48e0-a01b-212df9799580,quarterly_net_income_attributable_to_common,2025-12-31
6148,8c0dc5ee-8e14-48e0-a01b-212df9799580,quarterly_net_income_attributable_to_common,2025-09-30
6148,8c0dc5ee-8e14-48e0-a01b-212df9799580,quarterly_net_income_attributable_to_common,2025-06-30
6148,8c0dc5ee-8e14-48e0-a01b-212df9799580,quarterly_net_income_attributable_to_common,2025-03-31
6148,8c0dc5ee-8e14-48e0-a01b-212df9799580,quarterly_net_income_attributable_to_common,2024-12-31
6148,8c0dc5ee-8e14-48e0-a01b-212df9799580,quarterly_net_income_attributable_to_common,2024-09-30
6148,8c0dc5ee-8e14-48e0-a01b-212df9799580,quarterly_diluted_eps,2026-06-30
6148,8c0dc5ee-8e14-48e0-a01b-212df9799580,quarterly_diluted_eps,2026-03-31
6148,8c0dc5ee-8e14-48e0-a01b-212df9799580,quarterly_diluted_eps,2025-12-31
6148,8c0dc5ee-8e14-48e0-a01b-212df9799580,quarterly_diluted_eps,2025-09-30
6148,8c0dc5ee-8e14-48e0-a01b-212df9799580,quarterly_diluted_eps,2025-06-30
6148,8c0dc5ee-8e14-48e0-a01b-212df9799580,quarterly_diluted_eps,2025-03-31
6148,8c0dc5ee-8e14-48e0-a01b-212df9799580,quarterly_diluted_eps,2024-12-31
6148,8c0dc5ee-8e14-48e0-a01b-212df9799580,quarterly_diluted_eps,2024-09-30
6148,8c0dc5ee-8e14-48e0-a01b-212df9799580,diluted_weighted_average_shares,2026-06-30
6148,8c0dc5ee-8e14-48e0-a01b-212df9799580,diluted_weighted_average_shares,2026-03-31
6148,8c0dc5ee-8e14-48e0-a01b-212df9799580,diluted_weighted_average_shares,2025-12-31
6148,8c0dc5ee-8e14-48e0-a01b-212df9799580,diluted_weighted_average_shares,2025-09-30
6148,8c0dc5ee-8e14-48e0-a01b-212df9799580,diluted_weighted_average_shares,2025-06-30
6148,8c0dc5ee-8e14-48e0-a01b-212df9799580,diluted_weighted_average_shares,2025-03-31
6148,8c0dc5ee-8e14-48e0-a01b-212df9799580,diluted_weighted_average_shares,2024-12-31
6148,8c0dc5ee-8e14-48e0-a01b-212df9799580,diluted_weighted_average_shares,2024-09-30
6168,9e44b81b-a4bd-47b4-986e-ba891f79f5b5,quarterly_revenue,2026-06-30
6168,9e44b81b-a4bd-47b4-986e-ba891f79f5b5,quarterly_revenue,2026-03-31
6168,9e44b81b-a4bd-47b4-986e-ba891f79f5b5,quarterly_revenue,2025-12-31
6168,9e44b81b-a4bd-47b4-986e-ba891f79f5b5,quarterly_revenue,2025-09-30
6168,9e44b81b-a4bd-47b4-986e-ba891f79f5b5,quarterly_revenue,2025-06-30
6168,9e44b81b-a4bd-47b4-986e-ba891f79f5b5,quarterly_revenue,2025-03-31
6168,9e44b81b-a4bd-47b4-986e-ba891f79f5b5,quarterly_revenue,2024-12-31
6168,9e44b81b-a4bd-47b4-986e-ba891f79f5b5,quarterly_revenue,2024-09-30
6168,9e44b81b-a4bd-47b4-986e-ba891f79f5b5,quarterly_gross_profit,2026-06-30
6168,9e44b81b-a4bd-47b4-986e-ba891f79f5b5,quarterly_gross_profit,2026-03-31
6168,9e44b81b-a4bd-47b4-986e-ba891f79f5b5,quarterly_gross_profit,2025-12-31
6168,9e44b81b-a4bd-47b4-986e-ba891f79f5b5,quarterly_gross_profit,2025-09-30
6168,9e44b81b-a4bd-47b4-986e-ba891f79f5b5,quarterly_gross_profit,2025-06-30
6168,9e44b81b-a4bd-47b4-986e-ba891f79f5b5,quarterly_gross_profit,2025-03-31
6168,9e44b81b-a4bd-47b4-986e-ba891f79f5b5,quarterly_gross_profit,2024-12-31
6168,9e44b81b-a4bd-47b4-986e-ba891f79f5b5,quarterly_gross_profit,2024-09-30
6168,9e44b81b-a4bd-47b4-986e-ba891f79f5b5,quarterly_operating_income,2026-06-30
6168,9e44b81b-a4bd-47b4-986e-ba891f79f5b5,quarterly_operating_income,2026-03-31
6168,9e44b81b-a4bd-47b4-986e-ba891f79f5b5,quarterly_operating_income,2025-12-31
6168,9e44b81b-a4bd-47b4-986e-ba891f79f5b5,quarterly_operating_income,2025-09-30
6168,9e44b81b-a4bd-47b4-986e-ba891f79f5b5,quarterly_operating_income,2025-06-30
6168,9e44b81b-a4bd-47b4-986e-ba891f79f5b5,quarterly_operating_income,2025-03-31
6168,9e44b81b-a4bd-47b4-986e-ba891f79f5b5,quarterly_operating_income,2024-12-31
6168,9e44b81b-a4bd-47b4-986e-ba891f79f5b5,quarterly_operating_income,2024-09-30
6168,9e44b81b-a4bd-47b4-986e-ba891f79f5b5,quarterly_net_income_attributable_to_common,2026-06-30
6168,9e44b81b-a4bd-47b4-986e-ba891f79f5b5,quarterly_net_income_attributable_to_common,2026-03-31
6168,9e44b81b-a4bd-47b4-986e-ba891f79f5b5,quarterly_net_income_attributable_to_common,2025-12-31
6168,9e44b81b-a4bd-47b4-986e-ba891f79f5b5,quarterly_net_income_attributable_to_common,2025-09-30
6168,9e44b81b-a4bd-47b4-986e-ba891f79f5b5,quarterly_net_income_attributable_to_common,2025-06-30
6168,9e44b81b-a4bd-47b4-986e-ba891f79f5b5,quarterly_net_income_attributable_to_common,2025-03-31
6168,9e44b81b-a4bd-47b4-986e-ba891f79f5b5,quarterly_net_income_attributable_to_common,2024-12-31
6168,9e44b81b-a4bd-47b4-986e-ba891f79f5b5,quarterly_net_income_attributable_to_common,2024-09-30
6168,9e44b81b-a4bd-47b4-986e-ba891f79f5b5,quarterly_diluted_eps,2026-06-30
6168,9e44b81b-a4bd-47b4-986e-ba891f79f5b5,quarterly_diluted_eps,2026-03-31
6168,9e44b81b-a4bd-47b4-986e-ba891f79f5b5,quarterly_diluted_eps,2025-12-31
6168,9e44b81b-a4bd-47b4-986e-ba891f79f5b5,quarterly_diluted_eps,2025-09-30
6168,9e44b81b-a4bd-47b4-986e-ba891f79f5b5,quarterly_diluted_eps,2025-06-30
6168,9e44b81b-a4bd-47b4-986e-ba891f79f5b5,quarterly_diluted_eps,2025-03-31
6168,9e44b81b-a4bd-47b4-986e-ba891f79f5b5,quarterly_diluted_eps,2024-12-31
6168,9e44b81b-a4bd-47b4-986e-ba891f79f5b5,quarterly_diluted_eps,2024-09-30
6168,9e44b81b-a4bd-47b4-986e-ba891f79f5b5,diluted_weighted_average_shares,2026-06-30
6168,9e44b81b-a4bd-47b4-986e-ba891f79f5b5,diluted_weighted_average_shares,2026-03-31
6168,9e44b81b-a4bd-47b4-986e-ba891f79f5b5,diluted_weighted_average_shares,2025-12-31
6168,9e44b81b-a4bd-47b4-986e-ba891f79f5b5,diluted_weighted_average_shares,2025-09-30
6168,9e44b81b-a4bd-47b4-986e-ba891f79f5b5,diluted_weighted_average_shares,2025-06-30
6168,9e44b81b-a4bd-47b4-986e-ba891f79f5b5,diluted_weighted_average_shares,2025-03-31
6168,9e44b81b-a4bd-47b4-986e-ba891f79f5b5,diluted_weighted_average_shares,2024-12-31
6168,9e44b81b-a4bd-47b4-986e-ba891f79f5b5,diluted_weighted_average_shares,2024-09-30
6173,25664bdf-dc66-4270-b36e-f14841ac8a34,quarterly_revenue,2026-06-30
6173,25664bdf-dc66-4270-b36e-f14841ac8a34,quarterly_revenue,2026-03-31
6173,25664bdf-dc66-4270-b36e-f14841ac8a34,quarterly_revenue,2025-12-31
6173,25664bdf-dc66-4270-b36e-f14841ac8a34,quarterly_revenue,2025-09-30
6173,25664bdf-dc66-4270-b36e-f14841ac8a34,quarterly_revenue,2025-06-30
6173,25664bdf-dc66-4270-b36e-f14841ac8a34,quarterly_revenue,2025-03-31
6173,25664bdf-dc66-4270-b36e-f14841ac8a34,quarterly_revenue,2024-12-31
6173,25664bdf-dc66-4270-b36e-f14841ac8a34,quarterly_revenue,2024-09-30
6173,25664bdf-dc66-4270-b36e-f14841ac8a34,quarterly_gross_profit,2026-06-30
6173,25664bdf-dc66-4270-b36e-f14841ac8a34,quarterly_gross_profit,2026-03-31
6173,25664bdf-dc66-4270-b36e-f14841ac8a34,quarterly_gross_profit,2025-12-31
6173,25664bdf-dc66-4270-b36e-f14841ac8a34,quarterly_gross_profit,2025-09-30
6173,25664bdf-dc66-4270-b36e-f14841ac8a34,quarterly_gross_profit,2025-06-30
6173,25664bdf-dc66-4270-b36e-f14841ac8a34,quarterly_gross_profit,2025-03-31
6173,25664bdf-dc66-4270-b36e-f14841ac8a34,quarterly_gross_profit,2024-12-31
6173,25664bdf-dc66-4270-b36e-f14841ac8a34,quarterly_gross_profit,2024-09-30
6173,25664bdf-dc66-4270-b36e-f14841ac8a34,quarterly_operating_income,2026-06-30
6173,25664bdf-dc66-4270-b36e-f14841ac8a34,quarterly_operating_income,2026-03-31
6173,25664bdf-dc66-4270-b36e-f14841ac8a34,quarterly_operating_income,2025-12-31
6173,25664bdf-dc66-4270-b36e-f14841ac8a34,quarterly_operating_income,2025-09-30
6173,25664bdf-dc66-4270-b36e-f14841ac8a34,quarterly_operating_income,2025-06-30
6173,25664bdf-dc66-4270-b36e-f14841ac8a34,quarterly_operating_income,2025-03-31
6173,25664bdf-dc66-4270-b36e-f14841ac8a34,quarterly_operating_income,2024-12-31
6173,25664bdf-dc66-4270-b36e-f14841ac8a34,quarterly_operating_income,2024-09-30
6173,25664bdf-dc66-4270-b36e-f14841ac8a34,quarterly_net_income_attributable_to_common,2026-06-30
6173,25664bdf-dc66-4270-b36e-f14841ac8a34,quarterly_net_income_attributable_to_common,2026-03-31
6173,25664bdf-dc66-4270-b36e-f14841ac8a34,quarterly_net_income_attributable_to_common,2025-12-31
6173,25664bdf-dc66-4270-b36e-f14841ac8a34,quarterly_net_income_attributable_to_common,2025-09-30
6173,25664bdf-dc66-4270-b36e-f14841ac8a34,quarterly_net_income_attributable_to_common,2025-06-30
6173,25664bdf-dc66-4270-b36e-f14841ac8a34,quarterly_net_income_attributable_to_common,2025-03-31
6173,25664bdf-dc66-4270-b36e-f14841ac8a34,quarterly_net_income_attributable_to_common,2024-12-31
6173,25664bdf-dc66-4270-b36e-f14841ac8a34,quarterly_net_income_attributable_to_common,2024-09-30
6173,25664bdf-dc66-4270-b36e-f14841ac8a34,quarterly_diluted_eps,2026-06-30
6173,25664bdf-dc66-4270-b36e-f14841ac8a34,quarterly_diluted_eps,2026-03-31
6173,25664bdf-dc66-4270-b36e-f14841ac8a34,quarterly_diluted_eps,2025-12-31
6173,25664bdf-dc66-4270-b36e-f14841ac8a34,quarterly_diluted_eps,2025-09-30
6173,25664bdf-dc66-4270-b36e-f14841ac8a34,quarterly_diluted_eps,2025-06-30
6173,25664bdf-dc66-4270-b36e-f14841ac8a34,quarterly_diluted_eps,2025-03-31
6173,25664bdf-dc66-4270-b36e-f14841ac8a34,quarterly_diluted_eps,2024-12-31
6173,25664bdf-dc66-4270-b36e-f14841ac8a34,quarterly_diluted_eps,2024-09-30
6173,25664bdf-dc66-4270-b36e-f14841ac8a34,diluted_weighted_average_shares,2026-06-30
6173,25664bdf-dc66-4270-b36e-f14841ac8a34,diluted_weighted_average_shares,2026-03-31
6173,25664bdf-dc66-4270-b36e-f14841ac8a34,diluted_weighted_average_shares,2025-12-31
6173,25664bdf-dc66-4270-b36e-f14841ac8a34,diluted_weighted_average_shares,2025-09-30
6173,25664bdf-dc66-4270-b36e-f14841ac8a34,diluted_weighted_average_shares,2025-06-30
6173,25664bdf-dc66-4270-b36e-f14841ac8a34,diluted_weighted_average_shares,2025-03-31
6173,25664bdf-dc66-4270-b36e-f14841ac8a34,diluted_weighted_average_shares,2024-12-31
6173,25664bdf-dc66-4270-b36e-f14841ac8a34,diluted_weighted_average_shares,2024-09-30
6174,7c769cab-b615-453a-9475-3c6d30cb0124,quarterly_revenue,2026-06-30
6174,7c769cab-b615-453a-9475-3c6d30cb0124,quarterly_revenue,2026-03-31
6174,7c769cab-b615-453a-9475-3c6d30cb0124,quarterly_revenue,2025-12-31
6174,7c769cab-b615-453a-9475-3c6d30cb0124,quarterly_revenue,2025-09-30
6174,7c769cab-b615-453a-9475-3c6d30cb0124,quarterly_revenue,2025-06-30
6174,7c769cab-b615-453a-9475-3c6d30cb0124,quarterly_revenue,2025-03-31
6174,7c769cab-b615-453a-9475-3c6d30cb0124,quarterly_revenue,2024-12-31
6174,7c769cab-b615-453a-9475-3c6d30cb0124,quarterly_revenue,2024-09-30
6174,7c769cab-b615-453a-9475-3c6d30cb0124,quarterly_gross_profit,2026-06-30
6174,7c769cab-b615-453a-9475-3c6d30cb0124,quarterly_gross_profit,2026-03-31
6174,7c769cab-b615-453a-9475-3c6d30cb0124,quarterly_gross_profit,2025-12-31
6174,7c769cab-b615-453a-9475-3c6d30cb0124,quarterly_gross_profit,2025-09-30
6174,7c769cab-b615-453a-9475-3c6d30cb0124,quarterly_gross_profit,2025-06-30
6174,7c769cab-b615-453a-9475-3c6d30cb0124,quarterly_gross_profit,2025-03-31
6174,7c769cab-b615-453a-9475-3c6d30cb0124,quarterly_gross_profit,2024-12-31
6174,7c769cab-b615-453a-9475-3c6d30cb0124,quarterly_gross_profit,2024-09-30
6174,7c769cab-b615-453a-9475-3c6d30cb0124,quarterly_operating_income,2026-06-30
6174,7c769cab-b615-453a-9475-3c6d30cb0124,quarterly_operating_income,2026-03-31
6174,7c769cab-b615-453a-9475-3c6d30cb0124,quarterly_operating_income,2025-12-31
6174,7c769cab-b615-453a-9475-3c6d30cb0124,quarterly_operating_income,2025-09-30
6174,7c769cab-b615-453a-9475-3c6d30cb0124,quarterly_operating_income,2025-06-30
6174,7c769cab-b615-453a-9475-3c6d30cb0124,quarterly_operating_income,2025-03-31
6174,7c769cab-b615-453a-9475-3c6d30cb0124,quarterly_operating_income,2024-12-31
6174,7c769cab-b615-453a-9475-3c6d30cb0124,quarterly_operating_income,2024-09-30
6174,7c769cab-b615-453a-9475-3c6d30cb0124,quarterly_net_income_attributable_to_common,2026-06-30
6174,7c769cab-b615-453a-9475-3c6d30cb0124,quarterly_net_income_attributable_to_common,2026-03-31
6174,7c769cab-b615-453a-9475-3c6d30cb0124,quarterly_net_income_attributable_to_common,2025-12-31
6174,7c769cab-b615-453a-9475-3c6d30cb0124,quarterly_net_income_attributable_to_common,2025-09-30
6174,7c769cab-b615-453a-9475-3c6d30cb0124,quarterly_net_income_attributable_to_common,2025-06-30
6174,7c769cab-b615-453a-9475-3c6d30cb0124,quarterly_net_income_attributable_to_common,2025-03-31
6174,7c769cab-b615-453a-9475-3c6d30cb0124,quarterly_net_income_attributable_to_common,2024-12-31
6174,7c769cab-b615-453a-9475-3c6d30cb0124,quarterly_net_income_attributable_to_common,2024-09-30
6174,7c769cab-b615-453a-9475-3c6d30cb0124,quarterly_diluted_eps,2026-06-30
6174,7c769cab-b615-453a-9475-3c6d30cb0124,quarterly_diluted_eps,2026-03-31
6174,7c769cab-b615-453a-9475-3c6d30cb0124,quarterly_diluted_eps,2025-12-31
6174,7c769cab-b615-453a-9475-3c6d30cb0124,quarterly_diluted_eps,2025-09-30
6174,7c769cab-b615-453a-9475-3c6d30cb0124,quarterly_diluted_eps,2025-06-30
6174,7c769cab-b615-453a-9475-3c6d30cb0124,quarterly_diluted_eps,2025-03-31
6174,7c769cab-b615-453a-9475-3c6d30cb0124,quarterly_diluted_eps,2024-12-31
6174,7c769cab-b615-453a-9475-3c6d30cb0124,quarterly_diluted_eps,2024-09-30
6174,7c769cab-b615-453a-9475-3c6d30cb0124,diluted_weighted_average_shares,2026-06-30
6174,7c769cab-b615-453a-9475-3c6d30cb0124,diluted_weighted_average_shares,2026-03-31
6174,7c769cab-b615-453a-9475-3c6d30cb0124,diluted_weighted_average_shares,2025-12-31
6174,7c769cab-b615-453a-9475-3c6d30cb0124,diluted_weighted_average_shares,2025-09-30
6174,7c769cab-b615-453a-9475-3c6d30cb0124,diluted_weighted_average_shares,2025-06-30
6174,7c769cab-b615-453a-9475-3c6d30cb0124,diluted_weighted_average_shares,2025-03-31
6174,7c769cab-b615-453a-9475-3c6d30cb0124,diluted_weighted_average_shares,2024-12-31
6174,7c769cab-b615-453a-9475-3c6d30cb0124,diluted_weighted_average_shares,2024-09-30
6179,2790ca05-f5ad-4b33-a9ec-9e18e803beaa,quarterly_revenue,2026-06-30
6179,2790ca05-f5ad-4b33-a9ec-9e18e803beaa,quarterly_revenue,2026-03-31
6179,2790ca05-f5ad-4b33-a9ec-9e18e803beaa,quarterly_revenue,2025-12-31
6179,2790ca05-f5ad-4b33-a9ec-9e18e803beaa,quarterly_revenue,2025-09-30
6179,2790ca05-f5ad-4b33-a9ec-9e18e803beaa,quarterly_revenue,2025-06-30
6179,2790ca05-f5ad-4b33-a9ec-9e18e803beaa,quarterly_revenue,2025-03-31
6179,2790ca05-f5ad-4b33-a9ec-9e18e803beaa,quarterly_revenue,2024-12-31
6179,2790ca05-f5ad-4b33-a9ec-9e18e803beaa,quarterly_revenue,2024-09-30
6179,2790ca05-f5ad-4b33-a9ec-9e18e803beaa,quarterly_gross_profit,2026-06-30
6179,2790ca05-f5ad-4b33-a9ec-9e18e803beaa,quarterly_gross_profit,2026-03-31
6179,2790ca05-f5ad-4b33-a9ec-9e18e803beaa,quarterly_gross_profit,2025-12-31
6179,2790ca05-f5ad-4b33-a9ec-9e18e803beaa,quarterly_gross_profit,2025-09-30
6179,2790ca05-f5ad-4b33-a9ec-9e18e803beaa,quarterly_gross_profit,2025-06-30
6179,2790ca05-f5ad-4b33-a9ec-9e18e803beaa,quarterly_gross_profit,2025-03-31
6179,2790ca05-f5ad-4b33-a9ec-9e18e803beaa,quarterly_gross_profit,2024-12-31
6179,2790ca05-f5ad-4b33-a9ec-9e18e803beaa,quarterly_gross_profit,2024-09-30
6179,2790ca05-f5ad-4b33-a9ec-9e18e803beaa,quarterly_operating_income,2026-06-30
6179,2790ca05-f5ad-4b33-a9ec-9e18e803beaa,quarterly_operating_income,2026-03-31
6179,2790ca05-f5ad-4b33-a9ec-9e18e803beaa,quarterly_operating_income,2025-12-31
6179,2790ca05-f5ad-4b33-a9ec-9e18e803beaa,quarterly_operating_income,2025-09-30
6179,2790ca05-f5ad-4b33-a9ec-9e18e803beaa,quarterly_operating_income,2025-06-30
6179,2790ca05-f5ad-4b33-a9ec-9e18e803beaa,quarterly_operating_income,2025-03-31
6179,2790ca05-f5ad-4b33-a9ec-9e18e803beaa,quarterly_operating_income,2024-12-31
6179,2790ca05-f5ad-4b33-a9ec-9e18e803beaa,quarterly_operating_income,2024-09-30
6179,2790ca05-f5ad-4b33-a9ec-9e18e803beaa,quarterly_net_income_attributable_to_common,2026-06-30
6179,2790ca05-f5ad-4b33-a9ec-9e18e803beaa,quarterly_net_income_attributable_to_common,2026-03-31
6179,2790ca05-f5ad-4b33-a9ec-9e18e803beaa,quarterly_net_income_attributable_to_common,2025-12-31
6179,2790ca05-f5ad-4b33-a9ec-9e18e803beaa,quarterly_net_income_attributable_to_common,2025-09-30
6179,2790ca05-f5ad-4b33-a9ec-9e18e803beaa,quarterly_net_income_attributable_to_common,2025-06-30
6179,2790ca05-f5ad-4b33-a9ec-9e18e803beaa,quarterly_net_income_attributable_to_common,2025-03-31
6179,2790ca05-f5ad-4b33-a9ec-9e18e803beaa,quarterly_net_income_attributable_to_common,2024-12-31
6179,2790ca05-f5ad-4b33-a9ec-9e18e803beaa,quarterly_net_income_attributable_to_common,2024-09-30
6179,2790ca05-f5ad-4b33-a9ec-9e18e803beaa,quarterly_diluted_eps,2026-06-30
6179,2790ca05-f5ad-4b33-a9ec-9e18e803beaa,quarterly_diluted_eps,2026-03-31
6179,2790ca05-f5ad-4b33-a9ec-9e18e803beaa,quarterly_diluted_eps,2025-12-31
6179,2790ca05-f5ad-4b33-a9ec-9e18e803beaa,quarterly_diluted_eps,2025-09-30
6179,2790ca05-f5ad-4b33-a9ec-9e18e803beaa,quarterly_diluted_eps,2025-06-30
6179,2790ca05-f5ad-4b33-a9ec-9e18e803beaa,quarterly_diluted_eps,2025-03-31
6179,2790ca05-f5ad-4b33-a9ec-9e18e803beaa,quarterly_diluted_eps,2024-12-31
6179,2790ca05-f5ad-4b33-a9ec-9e18e803beaa,quarterly_diluted_eps,2024-09-30
6179,2790ca05-f5ad-4b33-a9ec-9e18e803beaa,diluted_weighted_average_shares,2026-06-30
6179,2790ca05-f5ad-4b33-a9ec-9e18e803beaa,diluted_weighted_average_shares,2026-03-31
6179,2790ca05-f5ad-4b33-a9ec-9e18e803beaa,diluted_weighted_average_shares,2025-12-31
6179,2790ca05-f5ad-4b33-a9ec-9e18e803beaa,diluted_weighted_average_shares,2025-09-30
6179,2790ca05-f5ad-4b33-a9ec-9e18e803beaa,diluted_weighted_average_shares,2025-06-30
6179,2790ca05-f5ad-4b33-a9ec-9e18e803beaa,diluted_weighted_average_shares,2025-03-31
6179,2790ca05-f5ad-4b33-a9ec-9e18e803beaa,diluted_weighted_average_shares,2024-12-31
6179,2790ca05-f5ad-4b33-a9ec-9e18e803beaa,diluted_weighted_average_shares,2024-09-30
6182,d2cddd55-4ae5-4432-b435-c2f9069b4d58,quarterly_revenue,2026-06-30
6182,d2cddd55-4ae5-4432-b435-c2f9069b4d58,quarterly_revenue,2026-03-31
6182,d2cddd55-4ae5-4432-b435-c2f9069b4d58,quarterly_revenue,2025-12-31
6182,d2cddd55-4ae5-4432-b435-c2f9069b4d58,quarterly_revenue,2025-09-30
6182,d2cddd55-4ae5-4432-b435-c2f9069b4d58,quarterly_revenue,2025-06-30
6182,d2cddd55-4ae5-4432-b435-c2f9069b4d58,quarterly_revenue,2025-03-31
6182,d2cddd55-4ae5-4432-b435-c2f9069b4d58,quarterly_revenue,2024-12-31
6182,d2cddd55-4ae5-4432-b435-c2f9069b4d58,quarterly_revenue,2024-09-30
6182,d2cddd55-4ae5-4432-b435-c2f9069b4d58,quarterly_gross_profit,2026-06-30
6182,d2cddd55-4ae5-4432-b435-c2f9069b4d58,quarterly_gross_profit,2026-03-31
6182,d2cddd55-4ae5-4432-b435-c2f9069b4d58,quarterly_gross_profit,2025-12-31
6182,d2cddd55-4ae5-4432-b435-c2f9069b4d58,quarterly_gross_profit,2025-09-30
6182,d2cddd55-4ae5-4432-b435-c2f9069b4d58,quarterly_gross_profit,2025-06-30
6182,d2cddd55-4ae5-4432-b435-c2f9069b4d58,quarterly_gross_profit,2025-03-31
6182,d2cddd55-4ae5-4432-b435-c2f9069b4d58,quarterly_gross_profit,2024-12-31
6182,d2cddd55-4ae5-4432-b435-c2f9069b4d58,quarterly_gross_profit,2024-09-30
6182,d2cddd55-4ae5-4432-b435-c2f9069b4d58,quarterly_operating_income,2026-06-30
6182,d2cddd55-4ae5-4432-b435-c2f9069b4d58,quarterly_operating_income,2026-03-31
6182,d2cddd55-4ae5-4432-b435-c2f9069b4d58,quarterly_operating_income,2025-12-31
6182,d2cddd55-4ae5-4432-b435-c2f9069b4d58,quarterly_operating_income,2025-09-30
6182,d2cddd55-4ae5-4432-b435-c2f9069b4d58,quarterly_operating_income,2025-06-30
6182,d2cddd55-4ae5-4432-b435-c2f9069b4d58,quarterly_operating_income,2025-03-31
6182,d2cddd55-4ae5-4432-b435-c2f9069b4d58,quarterly_operating_income,2024-12-31
6182,d2cddd55-4ae5-4432-b435-c2f9069b4d58,quarterly_operating_income,2024-09-30
6182,d2cddd55-4ae5-4432-b435-c2f9069b4d58,quarterly_net_income_attributable_to_common,2026-06-30
6182,d2cddd55-4ae5-4432-b435-c2f9069b4d58,quarterly_net_income_attributable_to_common,2026-03-31
6182,d2cddd55-4ae5-4432-b435-c2f9069b4d58,quarterly_net_income_attributable_to_common,2025-12-31
6182,d2cddd55-4ae5-4432-b435-c2f9069b4d58,quarterly_net_income_attributable_to_common,2025-09-30
6182,d2cddd55-4ae5-4432-b435-c2f9069b4d58,quarterly_net_income_attributable_to_common,2025-06-30
6182,d2cddd55-4ae5-4432-b435-c2f9069b4d58,quarterly_net_income_attributable_to_common,2025-03-31
6182,d2cddd55-4ae5-4432-b435-c2f9069b4d58,quarterly_net_income_attributable_to_common,2024-12-31
6182,d2cddd55-4ae5-4432-b435-c2f9069b4d58,quarterly_net_income_attributable_to_common,2024-09-30
6182,d2cddd55-4ae5-4432-b435-c2f9069b4d58,quarterly_diluted_eps,2026-06-30
6182,d2cddd55-4ae5-4432-b435-c2f9069b4d58,quarterly_diluted_eps,2026-03-31
6182,d2cddd55-4ae5-4432-b435-c2f9069b4d58,quarterly_diluted_eps,2025-12-31
6182,d2cddd55-4ae5-4432-b435-c2f9069b4d58,quarterly_diluted_eps,2025-09-30
6182,d2cddd55-4ae5-4432-b435-c2f9069b4d58,quarterly_diluted_eps,2025-06-30
6182,d2cddd55-4ae5-4432-b435-c2f9069b4d58,quarterly_diluted_eps,2025-03-31
6182,d2cddd55-4ae5-4432-b435-c2f9069b4d58,quarterly_diluted_eps,2024-12-31
6182,d2cddd55-4ae5-4432-b435-c2f9069b4d58,quarterly_diluted_eps,2024-09-30
6182,d2cddd55-4ae5-4432-b435-c2f9069b4d58,diluted_weighted_average_shares,2026-06-30
6182,d2cddd55-4ae5-4432-b435-c2f9069b4d58,diluted_weighted_average_shares,2026-03-31
6182,d2cddd55-4ae5-4432-b435-c2f9069b4d58,diluted_weighted_average_shares,2025-12-31
6182,d2cddd55-4ae5-4432-b435-c2f9069b4d58,diluted_weighted_average_shares,2025-09-30
6182,d2cddd55-4ae5-4432-b435-c2f9069b4d58,diluted_weighted_average_shares,2025-06-30
6182,d2cddd55-4ae5-4432-b435-c2f9069b4d58,diluted_weighted_average_shares,2025-03-31
6182,d2cddd55-4ae5-4432-b435-c2f9069b4d58,diluted_weighted_average_shares,2024-12-31
6182,d2cddd55-4ae5-4432-b435-c2f9069b4d58,diluted_weighted_average_shares,2024-09-30
6196,8f9bcede-f3f6-4b62-bb58-a96c289579ce,quarterly_revenue,2026-06-30
6196,8f9bcede-f3f6-4b62-bb58-a96c289579ce,quarterly_revenue,2026-03-31
6196,8f9bcede-f3f6-4b62-bb58-a96c289579ce,quarterly_revenue,2025-12-31
6196,8f9bcede-f3f6-4b62-bb58-a96c289579ce,quarterly_revenue,2025-09-30
6196,8f9bcede-f3f6-4b62-bb58-a96c289579ce,quarterly_revenue,2025-06-30
6196,8f9bcede-f3f6-4b62-bb58-a96c289579ce,quarterly_revenue,2025-03-31
6196,8f9bcede-f3f6-4b62-bb58-a96c289579ce,quarterly_revenue,2024-12-31
6196,8f9bcede-f3f6-4b62-bb58-a96c289579ce,quarterly_revenue,2024-09-30
6196,8f9bcede-f3f6-4b62-bb58-a96c289579ce,quarterly_gross_profit,2026-06-30
6196,8f9bcede-f3f6-4b62-bb58-a96c289579ce,quarterly_gross_profit,2026-03-31
6196,8f9bcede-f3f6-4b62-bb58-a96c289579ce,quarterly_gross_profit,2025-12-31
6196,8f9bcede-f3f6-4b62-bb58-a96c289579ce,quarterly_gross_profit,2025-09-30
6196,8f9bcede-f3f6-4b62-bb58-a96c289579ce,quarterly_gross_profit,2025-06-30
6196,8f9bcede-f3f6-4b62-bb58-a96c289579ce,quarterly_gross_profit,2025-03-31
6196,8f9bcede-f3f6-4b62-bb58-a96c289579ce,quarterly_gross_profit,2024-12-31
6196,8f9bcede-f3f6-4b62-bb58-a96c289579ce,quarterly_gross_profit,2024-09-30
6196,8f9bcede-f3f6-4b62-bb58-a96c289579ce,quarterly_operating_income,2026-06-30
6196,8f9bcede-f3f6-4b62-bb58-a96c289579ce,quarterly_operating_income,2026-03-31
6196,8f9bcede-f3f6-4b62-bb58-a96c289579ce,quarterly_operating_income,2025-12-31
6196,8f9bcede-f3f6-4b62-bb58-a96c289579ce,quarterly_operating_income,2025-09-30
6196,8f9bcede-f3f6-4b62-bb58-a96c289579ce,quarterly_operating_income,2025-06-30
6196,8f9bcede-f3f6-4b62-bb58-a96c289579ce,quarterly_operating_income,2025-03-31
6196,8f9bcede-f3f6-4b62-bb58-a96c289579ce,quarterly_operating_income,2024-12-31
6196,8f9bcede-f3f6-4b62-bb58-a96c289579ce,quarterly_operating_income,2024-09-30
6196,8f9bcede-f3f6-4b62-bb58-a96c289579ce,quarterly_net_income_attributable_to_common,2026-06-30
6196,8f9bcede-f3f6-4b62-bb58-a96c289579ce,quarterly_net_income_attributable_to_common,2026-03-31
6196,8f9bcede-f3f6-4b62-bb58-a96c289579ce,quarterly_net_income_attributable_to_common,2025-12-31
6196,8f9bcede-f3f6-4b62-bb58-a96c289579ce,quarterly_net_income_attributable_to_common,2025-09-30
6196,8f9bcede-f3f6-4b62-bb58-a96c289579ce,quarterly_net_income_attributable_to_common,2025-06-30
6196,8f9bcede-f3f6-4b62-bb58-a96c289579ce,quarterly_net_income_attributable_to_common,2025-03-31
6196,8f9bcede-f3f6-4b62-bb58-a96c289579ce,quarterly_net_income_attributable_to_common,2024-12-31
6196,8f9bcede-f3f6-4b62-bb58-a96c289579ce,quarterly_net_income_attributable_to_common,2024-09-30
6196,8f9bcede-f3f6-4b62-bb58-a96c289579ce,quarterly_diluted_eps,2026-06-30
6196,8f9bcede-f3f6-4b62-bb58-a96c289579ce,quarterly_diluted_eps,2026-03-31
6196,8f9bcede-f3f6-4b62-bb58-a96c289579ce,quarterly_diluted_eps,2025-12-31
6196,8f9bcede-f3f6-4b62-bb58-a96c289579ce,quarterly_diluted_eps,2025-09-30
6196,8f9bcede-f3f6-4b62-bb58-a96c289579ce,quarterly_diluted_eps,2025-06-30
6196,8f9bcede-f3f6-4b62-bb58-a96c289579ce,quarterly_diluted_eps,2025-03-31
6196,8f9bcede-f3f6-4b62-bb58-a96c289579ce,quarterly_diluted_eps,2024-12-31
6196,8f9bcede-f3f6-4b62-bb58-a96c289579ce,quarterly_diluted_eps,2024-09-30
6196,8f9bcede-f3f6-4b62-bb58-a96c289579ce,diluted_weighted_average_shares,2026-06-30
6196,8f9bcede-f3f6-4b62-bb58-a96c289579ce,diluted_weighted_average_shares,2026-03-31
6196,8f9bcede-f3f6-4b62-bb58-a96c289579ce,diluted_weighted_average_shares,2025-12-31
6196,8f9bcede-f3f6-4b62-bb58-a96c289579ce,diluted_weighted_average_shares,2025-09-30
6196,8f9bcede-f3f6-4b62-bb58-a96c289579ce,diluted_weighted_average_shares,2025-06-30
6196,8f9bcede-f3f6-4b62-bb58-a96c289579ce,diluted_weighted_average_shares,2025-03-31
6196,8f9bcede-f3f6-4b62-bb58-a96c289579ce,diluted_weighted_average_shares,2024-12-31
6196,8f9bcede-f3f6-4b62-bb58-a96c289579ce,diluted_weighted_average_shares,2024-09-30
6197,cfae3286-0857-4b48-9d55-d430279ecdf4,quarterly_revenue,2026-06-30
6197,cfae3286-0857-4b48-9d55-d430279ecdf4,quarterly_revenue,2026-03-31
6197,cfae3286-0857-4b48-9d55-d430279ecdf4,quarterly_revenue,2025-12-31
6197,cfae3286-0857-4b48-9d55-d430279ecdf4,quarterly_revenue,2025-09-30
6197,cfae3286-0857-4b48-9d55-d430279ecdf4,quarterly_revenue,2025-06-30
6197,cfae3286-0857-4b48-9d55-d430279ecdf4,quarterly_revenue,2025-03-31
6197,cfae3286-0857-4b48-9d55-d430279ecdf4,quarterly_revenue,2024-12-31
6197,cfae3286-0857-4b48-9d55-d430279ecdf4,quarterly_revenue,2024-09-30
6197,cfae3286-0857-4b48-9d55-d430279ecdf4,quarterly_gross_profit,2026-06-30
6197,cfae3286-0857-4b48-9d55-d430279ecdf4,quarterly_gross_profit,2026-03-31
6197,cfae3286-0857-4b48-9d55-d430279ecdf4,quarterly_gross_profit,2025-12-31
6197,cfae3286-0857-4b48-9d55-d430279ecdf4,quarterly_gross_profit,2025-09-30
6197,cfae3286-0857-4b48-9d55-d430279ecdf4,quarterly_gross_profit,2025-06-30
6197,cfae3286-0857-4b48-9d55-d430279ecdf4,quarterly_gross_profit,2025-03-31
6197,cfae3286-0857-4b48-9d55-d430279ecdf4,quarterly_gross_profit,2024-12-31
6197,cfae3286-0857-4b48-9d55-d430279ecdf4,quarterly_gross_profit,2024-09-30
6197,cfae3286-0857-4b48-9d55-d430279ecdf4,quarterly_operating_income,2026-06-30
6197,cfae3286-0857-4b48-9d55-d430279ecdf4,quarterly_operating_income,2026-03-31
6197,cfae3286-0857-4b48-9d55-d430279ecdf4,quarterly_operating_income,2025-12-31
6197,cfae3286-0857-4b48-9d55-d430279ecdf4,quarterly_operating_income,2025-09-30
6197,cfae3286-0857-4b48-9d55-d430279ecdf4,quarterly_operating_income,2025-06-30
6197,cfae3286-0857-4b48-9d55-d430279ecdf4,quarterly_operating_income,2025-03-31
6197,cfae3286-0857-4b48-9d55-d430279ecdf4,quarterly_operating_income,2024-12-31
6197,cfae3286-0857-4b48-9d55-d430279ecdf4,quarterly_operating_income,2024-09-30
6197,cfae3286-0857-4b48-9d55-d430279ecdf4,quarterly_net_income_attributable_to_common,2026-06-30
6197,cfae3286-0857-4b48-9d55-d430279ecdf4,quarterly_net_income_attributable_to_common,2026-03-31
6197,cfae3286-0857-4b48-9d55-d430279ecdf4,quarterly_net_income_attributable_to_common,2025-12-31
6197,cfae3286-0857-4b48-9d55-d430279ecdf4,quarterly_net_income_attributable_to_common,2025-09-30
6197,cfae3286-0857-4b48-9d55-d430279ecdf4,quarterly_net_income_attributable_to_common,2025-06-30
6197,cfae3286-0857-4b48-9d55-d430279ecdf4,quarterly_net_income_attributable_to_common,2025-03-31
6197,cfae3286-0857-4b48-9d55-d430279ecdf4,quarterly_net_income_attributable_to_common,2024-12-31
6197,cfae3286-0857-4b48-9d55-d430279ecdf4,quarterly_net_income_attributable_to_common,2024-09-30
6197,cfae3286-0857-4b48-9d55-d430279ecdf4,quarterly_diluted_eps,2026-06-30
6197,cfae3286-0857-4b48-9d55-d430279ecdf4,quarterly_diluted_eps,2026-03-31
6197,cfae3286-0857-4b48-9d55-d430279ecdf4,quarterly_diluted_eps,2025-12-31
6197,cfae3286-0857-4b48-9d55-d430279ecdf4,quarterly_diluted_eps,2025-09-30
6197,cfae3286-0857-4b48-9d55-d430279ecdf4,quarterly_diluted_eps,2025-06-30
6197,cfae3286-0857-4b48-9d55-d430279ecdf4,quarterly_diluted_eps,2025-03-31
6197,cfae3286-0857-4b48-9d55-d430279ecdf4,quarterly_diluted_eps,2024-12-31
6197,cfae3286-0857-4b48-9d55-d430279ecdf4,quarterly_diluted_eps,2024-09-30
6197,cfae3286-0857-4b48-9d55-d430279ecdf4,diluted_weighted_average_shares,2026-06-30
6197,cfae3286-0857-4b48-9d55-d430279ecdf4,diluted_weighted_average_shares,2026-03-31
6197,cfae3286-0857-4b48-9d55-d430279ecdf4,diluted_weighted_average_shares,2025-12-31
6197,cfae3286-0857-4b48-9d55-d430279ecdf4,diluted_weighted_average_shares,2025-09-30
6197,cfae3286-0857-4b48-9d55-d430279ecdf4,diluted_weighted_average_shares,2025-06-30
6197,cfae3286-0857-4b48-9d55-d430279ecdf4,diluted_weighted_average_shares,2025-03-31
6197,cfae3286-0857-4b48-9d55-d430279ecdf4,diluted_weighted_average_shares,2024-12-31
6197,cfae3286-0857-4b48-9d55-d430279ecdf4,diluted_weighted_average_shares,2024-09-30
6199,3fac69ba-7b6b-4e69-ba59-eb198265a94d,quarterly_revenue,2026-06-30
6199,3fac69ba-7b6b-4e69-ba59-eb198265a94d,quarterly_revenue,2026-03-31
6199,3fac69ba-7b6b-4e69-ba59-eb198265a94d,quarterly_revenue,2025-12-31
6199,3fac69ba-7b6b-4e69-ba59-eb198265a94d,quarterly_revenue,2025-09-30
6199,3fac69ba-7b6b-4e69-ba59-eb198265a94d,quarterly_revenue,2025-06-30
6199,3fac69ba-7b6b-4e69-ba59-eb198265a94d,quarterly_revenue,2025-03-31
6199,3fac69ba-7b6b-4e69-ba59-eb198265a94d,quarterly_revenue,2024-12-31
6199,3fac69ba-7b6b-4e69-ba59-eb198265a94d,quarterly_revenue,2024-09-30
6199,3fac69ba-7b6b-4e69-ba59-eb198265a94d,quarterly_gross_profit,2026-06-30
6199,3fac69ba-7b6b-4e69-ba59-eb198265a94d,quarterly_gross_profit,2026-03-31
6199,3fac69ba-7b6b-4e69-ba59-eb198265a94d,quarterly_gross_profit,2025-12-31
6199,3fac69ba-7b6b-4e69-ba59-eb198265a94d,quarterly_gross_profit,2025-09-30
6199,3fac69ba-7b6b-4e69-ba59-eb198265a94d,quarterly_gross_profit,2025-06-30
6199,3fac69ba-7b6b-4e69-ba59-eb198265a94d,quarterly_gross_profit,2025-03-31
6199,3fac69ba-7b6b-4e69-ba59-eb198265a94d,quarterly_gross_profit,2024-12-31
6199,3fac69ba-7b6b-4e69-ba59-eb198265a94d,quarterly_gross_profit,2024-09-30
6199,3fac69ba-7b6b-4e69-ba59-eb198265a94d,quarterly_operating_income,2026-06-30
6199,3fac69ba-7b6b-4e69-ba59-eb198265a94d,quarterly_operating_income,2026-03-31
6199,3fac69ba-7b6b-4e69-ba59-eb198265a94d,quarterly_operating_income,2025-12-31
6199,3fac69ba-7b6b-4e69-ba59-eb198265a94d,quarterly_operating_income,2025-09-30
6199,3fac69ba-7b6b-4e69-ba59-eb198265a94d,quarterly_operating_income,2025-06-30
6199,3fac69ba-7b6b-4e69-ba59-eb198265a94d,quarterly_operating_income,2025-03-31
6199,3fac69ba-7b6b-4e69-ba59-eb198265a94d,quarterly_operating_income,2024-12-31
6199,3fac69ba-7b6b-4e69-ba59-eb198265a94d,quarterly_operating_income,2024-09-30
6199,3fac69ba-7b6b-4e69-ba59-eb198265a94d,quarterly_net_income_attributable_to_common,2026-06-30
6199,3fac69ba-7b6b-4e69-ba59-eb198265a94d,quarterly_net_income_attributable_to_common,2026-03-31
6199,3fac69ba-7b6b-4e69-ba59-eb198265a94d,quarterly_net_income_attributable_to_common,2025-12-31
6199,3fac69ba-7b6b-4e69-ba59-eb198265a94d,quarterly_net_income_attributable_to_common,2025-09-30
6199,3fac69ba-7b6b-4e69-ba59-eb198265a94d,quarterly_net_income_attributable_to_common,2025-06-30
6199,3fac69ba-7b6b-4e69-ba59-eb198265a94d,quarterly_net_income_attributable_to_common,2025-03-31
6199,3fac69ba-7b6b-4e69-ba59-eb198265a94d,quarterly_net_income_attributable_to_common,2024-12-31
6199,3fac69ba-7b6b-4e69-ba59-eb198265a94d,quarterly_net_income_attributable_to_common,2024-09-30
6199,3fac69ba-7b6b-4e69-ba59-eb198265a94d,quarterly_diluted_eps,2026-06-30
6199,3fac69ba-7b6b-4e69-ba59-eb198265a94d,quarterly_diluted_eps,2026-03-31
6199,3fac69ba-7b6b-4e69-ba59-eb198265a94d,quarterly_diluted_eps,2025-12-31
6199,3fac69ba-7b6b-4e69-ba59-eb198265a94d,quarterly_diluted_eps,2025-09-30
6199,3fac69ba-7b6b-4e69-ba59-eb198265a94d,quarterly_diluted_eps,2025-06-30
6199,3fac69ba-7b6b-4e69-ba59-eb198265a94d,quarterly_diluted_eps,2025-03-31
6199,3fac69ba-7b6b-4e69-ba59-eb198265a94d,quarterly_diluted_eps,2024-12-31
6199,3fac69ba-7b6b-4e69-ba59-eb198265a94d,quarterly_diluted_eps,2024-09-30
6199,3fac69ba-7b6b-4e69-ba59-eb198265a94d,diluted_weighted_average_shares,2026-06-30
6199,3fac69ba-7b6b-4e69-ba59-eb198265a94d,diluted_weighted_average_shares,2026-03-31
6199,3fac69ba-7b6b-4e69-ba59-eb198265a94d,diluted_weighted_average_shares,2025-12-31
6199,3fac69ba-7b6b-4e69-ba59-eb198265a94d,diluted_weighted_average_shares,2025-09-30
6199,3fac69ba-7b6b-4e69-ba59-eb198265a94d,diluted_weighted_average_shares,2025-06-30
6199,3fac69ba-7b6b-4e69-ba59-eb198265a94d,diluted_weighted_average_shares,2025-03-31
6199,3fac69ba-7b6b-4e69-ba59-eb198265a94d,diluted_weighted_average_shares,2024-12-31
6199,3fac69ba-7b6b-4e69-ba59-eb198265a94d,diluted_weighted_average_shares,2024-09-30
6201,25a90f33-0264-4e45-be04-045db06e3b8f,quarterly_revenue,2026-06-30
6201,25a90f33-0264-4e45-be04-045db06e3b8f,quarterly_revenue,2026-03-31
6201,25a90f33-0264-4e45-be04-045db06e3b8f,quarterly_revenue,2025-12-31
6201,25a90f33-0264-4e45-be04-045db06e3b8f,quarterly_revenue,2025-09-30
6201,25a90f33-0264-4e45-be04-045db06e3b8f,quarterly_revenue,2025-06-30
6201,25a90f33-0264-4e45-be04-045db06e3b8f,quarterly_revenue,2025-03-31
6201,25a90f33-0264-4e45-be04-045db06e3b8f,quarterly_revenue,2024-12-31
6201,25a90f33-0264-4e45-be04-045db06e3b8f,quarterly_revenue,2024-09-30
6201,25a90f33-0264-4e45-be04-045db06e3b8f,quarterly_gross_profit,2026-06-30
6201,25a90f33-0264-4e45-be04-045db06e3b8f,quarterly_gross_profit,2026-03-31
6201,25a90f33-0264-4e45-be04-045db06e3b8f,quarterly_gross_profit,2025-12-31
6201,25a90f33-0264-4e45-be04-045db06e3b8f,quarterly_gross_profit,2025-09-30
6201,25a90f33-0264-4e45-be04-045db06e3b8f,quarterly_gross_profit,2025-06-30
6201,25a90f33-0264-4e45-be04-045db06e3b8f,quarterly_gross_profit,2025-03-31
6201,25a90f33-0264-4e45-be04-045db06e3b8f,quarterly_gross_profit,2024-12-31
6201,25a90f33-0264-4e45-be04-045db06e3b8f,quarterly_gross_profit,2024-09-30
6201,25a90f33-0264-4e45-be04-045db06e3b8f,quarterly_operating_income,2026-06-30
6201,25a90f33-0264-4e45-be04-045db06e3b8f,quarterly_operating_income,2026-03-31
6201,25a90f33-0264-4e45-be04-045db06e3b8f,quarterly_operating_income,2025-12-31
6201,25a90f33-0264-4e45-be04-045db06e3b8f,quarterly_operating_income,2025-09-30
6201,25a90f33-0264-4e45-be04-045db06e3b8f,quarterly_operating_income,2025-06-30
6201,25a90f33-0264-4e45-be04-045db06e3b8f,quarterly_operating_income,2025-03-31
6201,25a90f33-0264-4e45-be04-045db06e3b8f,quarterly_operating_income,2024-12-31
6201,25a90f33-0264-4e45-be04-045db06e3b8f,quarterly_operating_income,2024-09-30
6201,25a90f33-0264-4e45-be04-045db06e3b8f,quarterly_net_income_attributable_to_common,2026-06-30
6201,25a90f33-0264-4e45-be04-045db06e3b8f,quarterly_net_income_attributable_to_common,2026-03-31
6201,25a90f33-0264-4e45-be04-045db06e3b8f,quarterly_net_income_attributable_to_common,2025-12-31
6201,25a90f33-0264-4e45-be04-045db06e3b8f,quarterly_net_income_attributable_to_common,2025-09-30
6201,25a90f33-0264-4e45-be04-045db06e3b8f,quarterly_net_income_attributable_to_common,2025-06-30
6201,25a90f33-0264-4e45-be04-045db06e3b8f,quarterly_net_income_attributable_to_common,2025-03-31
6201,25a90f33-0264-4e45-be04-045db06e3b8f,quarterly_net_income_attributable_to_common,2024-12-31
6201,25a90f33-0264-4e45-be04-045db06e3b8f,quarterly_net_income_attributable_to_common,2024-09-30
6201,25a90f33-0264-4e45-be04-045db06e3b8f,quarterly_diluted_eps,2026-06-30
6201,25a90f33-0264-4e45-be04-045db06e3b8f,quarterly_diluted_eps,2026-03-31
6201,25a90f33-0264-4e45-be04-045db06e3b8f,quarterly_diluted_eps,2025-12-31
6201,25a90f33-0264-4e45-be04-045db06e3b8f,quarterly_diluted_eps,2025-09-30
6201,25a90f33-0264-4e45-be04-045db06e3b8f,quarterly_diluted_eps,2025-06-30
6201,25a90f33-0264-4e45-be04-045db06e3b8f,quarterly_diluted_eps,2025-03-31
6201,25a90f33-0264-4e45-be04-045db06e3b8f,quarterly_diluted_eps,2024-12-31
6201,25a90f33-0264-4e45-be04-045db06e3b8f,quarterly_diluted_eps,2024-09-30
6201,25a90f33-0264-4e45-be04-045db06e3b8f,diluted_weighted_average_shares,2026-06-30
6201,25a90f33-0264-4e45-be04-045db06e3b8f,diluted_weighted_average_shares,2026-03-31
6201,25a90f33-0264-4e45-be04-045db06e3b8f,diluted_weighted_average_shares,2025-12-31
6201,25a90f33-0264-4e45-be04-045db06e3b8f,diluted_weighted_average_shares,2025-09-30
6201,25a90f33-0264-4e45-be04-045db06e3b8f,diluted_weighted_average_shares,2025-06-30
6201,25a90f33-0264-4e45-be04-045db06e3b8f,diluted_weighted_average_shares,2025-03-31
6201,25a90f33-0264-4e45-be04-045db06e3b8f,diluted_weighted_average_shares,2024-12-31
6201,25a90f33-0264-4e45-be04-045db06e3b8f,diluted_weighted_average_shares,2024-09-30
6205,6f0e656c-c8f8-4cc0-ad5d-928a6002c3f7,quarterly_revenue,2026-06-30
6205,6f0e656c-c8f8-4cc0-ad5d-928a6002c3f7,quarterly_revenue,2026-03-31
6205,6f0e656c-c8f8-4cc0-ad5d-928a6002c3f7,quarterly_revenue,2025-12-31
6205,6f0e656c-c8f8-4cc0-ad5d-928a6002c3f7,quarterly_revenue,2025-09-30
6205,6f0e656c-c8f8-4cc0-ad5d-928a6002c3f7,quarterly_revenue,2025-06-30
6205,6f0e656c-c8f8-4cc0-ad5d-928a6002c3f7,quarterly_revenue,2025-03-31
6205,6f0e656c-c8f8-4cc0-ad5d-928a6002c3f7,quarterly_revenue,2024-12-31
6205,6f0e656c-c8f8-4cc0-ad5d-928a6002c3f7,quarterly_revenue,2024-09-30
6205,6f0e656c-c8f8-4cc0-ad5d-928a6002c3f7,quarterly_gross_profit,2026-06-30
6205,6f0e656c-c8f8-4cc0-ad5d-928a6002c3f7,quarterly_gross_profit,2026-03-31
6205,6f0e656c-c8f8-4cc0-ad5d-928a6002c3f7,quarterly_gross_profit,2025-12-31
6205,6f0e656c-c8f8-4cc0-ad5d-928a6002c3f7,quarterly_gross_profit,2025-09-30
6205,6f0e656c-c8f8-4cc0-ad5d-928a6002c3f7,quarterly_gross_profit,2025-06-30
6205,6f0e656c-c8f8-4cc0-ad5d-928a6002c3f7,quarterly_gross_profit,2025-03-31
6205,6f0e656c-c8f8-4cc0-ad5d-928a6002c3f7,quarterly_gross_profit,2024-12-31
6205,6f0e656c-c8f8-4cc0-ad5d-928a6002c3f7,quarterly_gross_profit,2024-09-30
6205,6f0e656c-c8f8-4cc0-ad5d-928a6002c3f7,quarterly_operating_income,2026-06-30
6205,6f0e656c-c8f8-4cc0-ad5d-928a6002c3f7,quarterly_operating_income,2026-03-31
6205,6f0e656c-c8f8-4cc0-ad5d-928a6002c3f7,quarterly_operating_income,2025-12-31
6205,6f0e656c-c8f8-4cc0-ad5d-928a6002c3f7,quarterly_operating_income,2025-09-30
6205,6f0e656c-c8f8-4cc0-ad5d-928a6002c3f7,quarterly_operating_income,2025-06-30
6205,6f0e656c-c8f8-4cc0-ad5d-928a6002c3f7,quarterly_operating_income,2025-03-31
6205,6f0e656c-c8f8-4cc0-ad5d-928a6002c3f7,quarterly_operating_income,2024-12-31
6205,6f0e656c-c8f8-4cc0-ad5d-928a6002c3f7,quarterly_operating_income,2024-09-30
6205,6f0e656c-c8f8-4cc0-ad5d-928a6002c3f7,quarterly_net_income_attributable_to_common,2026-06-30
6205,6f0e656c-c8f8-4cc0-ad5d-928a6002c3f7,quarterly_net_income_attributable_to_common,2026-03-31
6205,6f0e656c-c8f8-4cc0-ad5d-928a6002c3f7,quarterly_net_income_attributable_to_common,2025-12-31
6205,6f0e656c-c8f8-4cc0-ad5d-928a6002c3f7,quarterly_net_income_attributable_to_common,2025-09-30
6205,6f0e656c-c8f8-4cc0-ad5d-928a6002c3f7,quarterly_net_income_attributable_to_common,2025-06-30
6205,6f0e656c-c8f8-4cc0-ad5d-928a6002c3f7,quarterly_net_income_attributable_to_common,2025-03-31
6205,6f0e656c-c8f8-4cc0-ad5d-928a6002c3f7,quarterly_net_income_attributable_to_common,2024-12-31
6205,6f0e656c-c8f8-4cc0-ad5d-928a6002c3f7,quarterly_net_income_attributable_to_common,2024-09-30
6205,6f0e656c-c8f8-4cc0-ad5d-928a6002c3f7,quarterly_diluted_eps,2026-06-30
6205,6f0e656c-c8f8-4cc0-ad5d-928a6002c3f7,quarterly_diluted_eps,2026-03-31
6205,6f0e656c-c8f8-4cc0-ad5d-928a6002c3f7,quarterly_diluted_eps,2025-12-31
6205,6f0e656c-c8f8-4cc0-ad5d-928a6002c3f7,quarterly_diluted_eps,2025-09-30
6205,6f0e656c-c8f8-4cc0-ad5d-928a6002c3f7,quarterly_diluted_eps,2025-06-30
6205,6f0e656c-c8f8-4cc0-ad5d-928a6002c3f7,quarterly_diluted_eps,2025-03-31
6205,6f0e656c-c8f8-4cc0-ad5d-928a6002c3f7,quarterly_diluted_eps,2024-12-31
6205,6f0e656c-c8f8-4cc0-ad5d-928a6002c3f7,quarterly_diluted_eps,2024-09-30
6205,6f0e656c-c8f8-4cc0-ad5d-928a6002c3f7,diluted_weighted_average_shares,2026-06-30
6205,6f0e656c-c8f8-4cc0-ad5d-928a6002c3f7,diluted_weighted_average_shares,2026-03-31
6205,6f0e656c-c8f8-4cc0-ad5d-928a6002c3f7,diluted_weighted_average_shares,2025-12-31
6205,6f0e656c-c8f8-4cc0-ad5d-928a6002c3f7,diluted_weighted_average_shares,2025-09-30
6205,6f0e656c-c8f8-4cc0-ad5d-928a6002c3f7,diluted_weighted_average_shares,2025-06-30
6205,6f0e656c-c8f8-4cc0-ad5d-928a6002c3f7,diluted_weighted_average_shares,2025-03-31
6205,6f0e656c-c8f8-4cc0-ad5d-928a6002c3f7,diluted_weighted_average_shares,2024-12-31
6205,6f0e656c-c8f8-4cc0-ad5d-928a6002c3f7,diluted_weighted_average_shares,2024-09-30
6207,875ed0c9-09ef-4536-a0da-723282fea451,quarterly_revenue,2026-06-30
6207,875ed0c9-09ef-4536-a0da-723282fea451,quarterly_revenue,2026-03-31
6207,875ed0c9-09ef-4536-a0da-723282fea451,quarterly_revenue,2025-12-31
6207,875ed0c9-09ef-4536-a0da-723282fea451,quarterly_revenue,2025-09-30
6207,875ed0c9-09ef-4536-a0da-723282fea451,quarterly_revenue,2025-06-30
6207,875ed0c9-09ef-4536-a0da-723282fea451,quarterly_revenue,2025-03-31
6207,875ed0c9-09ef-4536-a0da-723282fea451,quarterly_revenue,2024-12-31
6207,875ed0c9-09ef-4536-a0da-723282fea451,quarterly_revenue,2024-09-30
6207,875ed0c9-09ef-4536-a0da-723282fea451,quarterly_gross_profit,2026-06-30
6207,875ed0c9-09ef-4536-a0da-723282fea451,quarterly_gross_profit,2026-03-31
6207,875ed0c9-09ef-4536-a0da-723282fea451,quarterly_gross_profit,2025-12-31
6207,875ed0c9-09ef-4536-a0da-723282fea451,quarterly_gross_profit,2025-09-30
6207,875ed0c9-09ef-4536-a0da-723282fea451,quarterly_gross_profit,2025-06-30
6207,875ed0c9-09ef-4536-a0da-723282fea451,quarterly_gross_profit,2025-03-31
6207,875ed0c9-09ef-4536-a0da-723282fea451,quarterly_gross_profit,2024-12-31
6207,875ed0c9-09ef-4536-a0da-723282fea451,quarterly_gross_profit,2024-09-30
6207,875ed0c9-09ef-4536-a0da-723282fea451,quarterly_operating_income,2026-06-30
6207,875ed0c9-09ef-4536-a0da-723282fea451,quarterly_operating_income,2026-03-31
6207,875ed0c9-09ef-4536-a0da-723282fea451,quarterly_operating_income,2025-12-31
6207,875ed0c9-09ef-4536-a0da-723282fea451,quarterly_operating_income,2025-09-30
6207,875ed0c9-09ef-4536-a0da-723282fea451,quarterly_operating_income,2025-06-30
6207,875ed0c9-09ef-4536-a0da-723282fea451,quarterly_operating_income,2025-03-31
6207,875ed0c9-09ef-4536-a0da-723282fea451,quarterly_operating_income,2024-12-31
6207,875ed0c9-09ef-4536-a0da-723282fea451,quarterly_operating_income,2024-09-30
6207,875ed0c9-09ef-4536-a0da-723282fea451,quarterly_net_income_attributable_to_common,2026-06-30
6207,875ed0c9-09ef-4536-a0da-723282fea451,quarterly_net_income_attributable_to_common,2026-03-31
6207,875ed0c9-09ef-4536-a0da-723282fea451,quarterly_net_income_attributable_to_common,2025-12-31
6207,875ed0c9-09ef-4536-a0da-723282fea451,quarterly_net_income_attributable_to_common,2025-09-30
6207,875ed0c9-09ef-4536-a0da-723282fea451,quarterly_net_income_attributable_to_common,2025-06-30
6207,875ed0c9-09ef-4536-a0da-723282fea451,quarterly_net_income_attributable_to_common,2025-03-31
6207,875ed0c9-09ef-4536-a0da-723282fea451,quarterly_net_income_attributable_to_common,2024-12-31
6207,875ed0c9-09ef-4536-a0da-723282fea451,quarterly_net_income_attributable_to_common,2024-09-30
6207,875ed0c9-09ef-4536-a0da-723282fea451,quarterly_diluted_eps,2026-06-30
6207,875ed0c9-09ef-4536-a0da-723282fea451,quarterly_diluted_eps,2026-03-31
6207,875ed0c9-09ef-4536-a0da-723282fea451,quarterly_diluted_eps,2025-12-31
6207,875ed0c9-09ef-4536-a0da-723282fea451,quarterly_diluted_eps,2025-09-30
6207,875ed0c9-09ef-4536-a0da-723282fea451,quarterly_diluted_eps,2025-06-30
6207,875ed0c9-09ef-4536-a0da-723282fea451,quarterly_diluted_eps,2025-03-31
6207,875ed0c9-09ef-4536-a0da-723282fea451,quarterly_diluted_eps,2024-12-31
6207,875ed0c9-09ef-4536-a0da-723282fea451,quarterly_diluted_eps,2024-09-30
6207,875ed0c9-09ef-4536-a0da-723282fea451,diluted_weighted_average_shares,2026-06-30
6207,875ed0c9-09ef-4536-a0da-723282fea451,diluted_weighted_average_shares,2026-03-31
6207,875ed0c9-09ef-4536-a0da-723282fea451,diluted_weighted_average_shares,2025-12-31
6207,875ed0c9-09ef-4536-a0da-723282fea451,diluted_weighted_average_shares,2025-09-30
6207,875ed0c9-09ef-4536-a0da-723282fea451,diluted_weighted_average_shares,2025-06-30
6207,875ed0c9-09ef-4536-a0da-723282fea451,diluted_weighted_average_shares,2025-03-31
6207,875ed0c9-09ef-4536-a0da-723282fea451,diluted_weighted_average_shares,2024-12-31
6207,875ed0c9-09ef-4536-a0da-723282fea451,diluted_weighted_average_shares,2024-09-30
6213,c178454c-6c01-432b-a5fe-d52ee26b1e63,quarterly_revenue,2026-06-30
6213,c178454c-6c01-432b-a5fe-d52ee26b1e63,quarterly_revenue,2026-03-31
6213,c178454c-6c01-432b-a5fe-d52ee26b1e63,quarterly_revenue,2025-12-31
6213,c178454c-6c01-432b-a5fe-d52ee26b1e63,quarterly_revenue,2025-09-30
6213,c178454c-6c01-432b-a5fe-d52ee26b1e63,quarterly_revenue,2025-06-30
6213,c178454c-6c01-432b-a5fe-d52ee26b1e63,quarterly_revenue,2025-03-31
6213,c178454c-6c01-432b-a5fe-d52ee26b1e63,quarterly_revenue,2024-12-31
6213,c178454c-6c01-432b-a5fe-d52ee26b1e63,quarterly_revenue,2024-09-30
6213,c178454c-6c01-432b-a5fe-d52ee26b1e63,quarterly_gross_profit,2026-06-30
6213,c178454c-6c01-432b-a5fe-d52ee26b1e63,quarterly_gross_profit,2026-03-31
6213,c178454c-6c01-432b-a5fe-d52ee26b1e63,quarterly_gross_profit,2025-12-31
6213,c178454c-6c01-432b-a5fe-d52ee26b1e63,quarterly_gross_profit,2025-09-30
6213,c178454c-6c01-432b-a5fe-d52ee26b1e63,quarterly_gross_profit,2025-06-30
6213,c178454c-6c01-432b-a5fe-d52ee26b1e63,quarterly_gross_profit,2025-03-31
6213,c178454c-6c01-432b-a5fe-d52ee26b1e63,quarterly_gross_profit,2024-12-31
6213,c178454c-6c01-432b-a5fe-d52ee26b1e63,quarterly_gross_profit,2024-09-30
6213,c178454c-6c01-432b-a5fe-d52ee26b1e63,quarterly_operating_income,2026-06-30
6213,c178454c-6c01-432b-a5fe-d52ee26b1e63,quarterly_operating_income,2026-03-31
6213,c178454c-6c01-432b-a5fe-d52ee26b1e63,quarterly_operating_income,2025-12-31
6213,c178454c-6c01-432b-a5fe-d52ee26b1e63,quarterly_operating_income,2025-09-30
6213,c178454c-6c01-432b-a5fe-d52ee26b1e63,quarterly_operating_income,2025-06-30
6213,c178454c-6c01-432b-a5fe-d52ee26b1e63,quarterly_operating_income,2025-03-31
6213,c178454c-6c01-432b-a5fe-d52ee26b1e63,quarterly_operating_income,2024-12-31
6213,c178454c-6c01-432b-a5fe-d52ee26b1e63,quarterly_operating_income,2024-09-30
6213,c178454c-6c01-432b-a5fe-d52ee26b1e63,quarterly_net_income_attributable_to_common,2026-06-30
6213,c178454c-6c01-432b-a5fe-d52ee26b1e63,quarterly_net_income_attributable_to_common,2026-03-31
6213,c178454c-6c01-432b-a5fe-d52ee26b1e63,quarterly_net_income_attributable_to_common,2025-12-31
6213,c178454c-6c01-432b-a5fe-d52ee26b1e63,quarterly_net_income_attributable_to_common,2025-09-30
6213,c178454c-6c01-432b-a5fe-d52ee26b1e63,quarterly_net_income_attributable_to_common,2025-06-30
6213,c178454c-6c01-432b-a5fe-d52ee26b1e63,quarterly_net_income_attributable_to_common,2025-03-31
6213,c178454c-6c01-432b-a5fe-d52ee26b1e63,quarterly_net_income_attributable_to_common,2024-12-31
6213,c178454c-6c01-432b-a5fe-d52ee26b1e63,quarterly_net_income_attributable_to_common,2024-09-30
6213,c178454c-6c01-432b-a5fe-d52ee26b1e63,quarterly_diluted_eps,2026-06-30
6213,c178454c-6c01-432b-a5fe-d52ee26b1e63,quarterly_diluted_eps,2026-03-31
6213,c178454c-6c01-432b-a5fe-d52ee26b1e63,quarterly_diluted_eps,2025-12-31
6213,c178454c-6c01-432b-a5fe-d52ee26b1e63,quarterly_diluted_eps,2025-09-30
6213,c178454c-6c01-432b-a5fe-d52ee26b1e63,quarterly_diluted_eps,2025-06-30
6213,c178454c-6c01-432b-a5fe-d52ee26b1e63,quarterly_diluted_eps,2025-03-31
6213,c178454c-6c01-432b-a5fe-d52ee26b1e63,quarterly_diluted_eps,2024-12-31
6213,c178454c-6c01-432b-a5fe-d52ee26b1e63,quarterly_diluted_eps,2024-09-30
6213,c178454c-6c01-432b-a5fe-d52ee26b1e63,diluted_weighted_average_shares,2026-06-30
6213,c178454c-6c01-432b-a5fe-d52ee26b1e63,diluted_weighted_average_shares,2026-03-31
6213,c178454c-6c01-432b-a5fe-d52ee26b1e63,diluted_weighted_average_shares,2025-12-31
6213,c178454c-6c01-432b-a5fe-d52ee26b1e63,diluted_weighted_average_shares,2025-09-30
6213,c178454c-6c01-432b-a5fe-d52ee26b1e63,diluted_weighted_average_shares,2025-06-30
6213,c178454c-6c01-432b-a5fe-d52ee26b1e63,diluted_weighted_average_shares,2025-03-31
6213,c178454c-6c01-432b-a5fe-d52ee26b1e63,diluted_weighted_average_shares,2024-12-31
6213,c178454c-6c01-432b-a5fe-d52ee26b1e63,diluted_weighted_average_shares,2024-09-30
6214,04ea63d6-f9bc-4600-9ff4-d912cfc57023,quarterly_revenue,2026-06-30
6214,04ea63d6-f9bc-4600-9ff4-d912cfc57023,quarterly_revenue,2026-03-31
6214,04ea63d6-f9bc-4600-9ff4-d912cfc57023,quarterly_revenue,2025-12-31
6214,04ea63d6-f9bc-4600-9ff4-d912cfc57023,quarterly_revenue,2025-09-30
6214,04ea63d6-f9bc-4600-9ff4-d912cfc57023,quarterly_revenue,2025-06-30
6214,04ea63d6-f9bc-4600-9ff4-d912cfc57023,quarterly_revenue,2025-03-31
6214,04ea63d6-f9bc-4600-9ff4-d912cfc57023,quarterly_revenue,2024-12-31
6214,04ea63d6-f9bc-4600-9ff4-d912cfc57023,quarterly_revenue,2024-09-30
6214,04ea63d6-f9bc-4600-9ff4-d912cfc57023,quarterly_gross_profit,2026-06-30
6214,04ea63d6-f9bc-4600-9ff4-d912cfc57023,quarterly_gross_profit,2026-03-31
6214,04ea63d6-f9bc-4600-9ff4-d912cfc57023,quarterly_gross_profit,2025-12-31
6214,04ea63d6-f9bc-4600-9ff4-d912cfc57023,quarterly_gross_profit,2025-09-30
6214,04ea63d6-f9bc-4600-9ff4-d912cfc57023,quarterly_gross_profit,2025-06-30
6214,04ea63d6-f9bc-4600-9ff4-d912cfc57023,quarterly_gross_profit,2025-03-31
6214,04ea63d6-f9bc-4600-9ff4-d912cfc57023,quarterly_gross_profit,2024-12-31
6214,04ea63d6-f9bc-4600-9ff4-d912cfc57023,quarterly_gross_profit,2024-09-30
6214,04ea63d6-f9bc-4600-9ff4-d912cfc57023,quarterly_operating_income,2026-06-30
6214,04ea63d6-f9bc-4600-9ff4-d912cfc57023,quarterly_operating_income,2026-03-31
6214,04ea63d6-f9bc-4600-9ff4-d912cfc57023,quarterly_operating_income,2025-12-31
6214,04ea63d6-f9bc-4600-9ff4-d912cfc57023,quarterly_operating_income,2025-09-30
6214,04ea63d6-f9bc-4600-9ff4-d912cfc57023,quarterly_operating_income,2025-06-30
6214,04ea63d6-f9bc-4600-9ff4-d912cfc57023,quarterly_operating_income,2025-03-31
6214,04ea63d6-f9bc-4600-9ff4-d912cfc57023,quarterly_operating_income,2024-12-31
6214,04ea63d6-f9bc-4600-9ff4-d912cfc57023,quarterly_operating_income,2024-09-30
6214,04ea63d6-f9bc-4600-9ff4-d912cfc57023,quarterly_net_income_attributable_to_common,2026-06-30
6214,04ea63d6-f9bc-4600-9ff4-d912cfc57023,quarterly_net_income_attributable_to_common,2026-03-31
6214,04ea63d6-f9bc-4600-9ff4-d912cfc57023,quarterly_net_income_attributable_to_common,2025-12-31
6214,04ea63d6-f9bc-4600-9ff4-d912cfc57023,quarterly_net_income_attributable_to_common,2025-09-30
6214,04ea63d6-f9bc-4600-9ff4-d912cfc57023,quarterly_net_income_attributable_to_common,2025-06-30
6214,04ea63d6-f9bc-4600-9ff4-d912cfc57023,quarterly_net_income_attributable_to_common,2025-03-31
6214,04ea63d6-f9bc-4600-9ff4-d912cfc57023,quarterly_net_income_attributable_to_common,2024-12-31
6214,04ea63d6-f9bc-4600-9ff4-d912cfc57023,quarterly_net_income_attributable_to_common,2024-09-30
6214,04ea63d6-f9bc-4600-9ff4-d912cfc57023,quarterly_diluted_eps,2026-06-30
6214,04ea63d6-f9bc-4600-9ff4-d912cfc57023,quarterly_diluted_eps,2026-03-31
6214,04ea63d6-f9bc-4600-9ff4-d912cfc57023,quarterly_diluted_eps,2025-12-31
6214,04ea63d6-f9bc-4600-9ff4-d912cfc57023,quarterly_diluted_eps,2025-09-30
6214,04ea63d6-f9bc-4600-9ff4-d912cfc57023,quarterly_diluted_eps,2025-06-30
6214,04ea63d6-f9bc-4600-9ff4-d912cfc57023,quarterly_diluted_eps,2025-03-31
6214,04ea63d6-f9bc-4600-9ff4-d912cfc57023,quarterly_diluted_eps,2024-12-31
6214,04ea63d6-f9bc-4600-9ff4-d912cfc57023,quarterly_diluted_eps,2024-09-30
6214,04ea63d6-f9bc-4600-9ff4-d912cfc57023,diluted_weighted_average_shares,2026-06-30
6214,04ea63d6-f9bc-4600-9ff4-d912cfc57023,diluted_weighted_average_shares,2026-03-31
6214,04ea63d6-f9bc-4600-9ff4-d912cfc57023,diluted_weighted_average_shares,2025-12-31
6214,04ea63d6-f9bc-4600-9ff4-d912cfc57023,diluted_weighted_average_shares,2025-09-30
6214,04ea63d6-f9bc-4600-9ff4-d912cfc57023,diluted_weighted_average_shares,2025-06-30
6214,04ea63d6-f9bc-4600-9ff4-d912cfc57023,diluted_weighted_average_shares,2025-03-31
6214,04ea63d6-f9bc-4600-9ff4-d912cfc57023,diluted_weighted_average_shares,2024-12-31
6214,04ea63d6-f9bc-4600-9ff4-d912cfc57023,diluted_weighted_average_shares,2024-09-30
6218,aef97fe5-4b92-40da-ad91-993112ad5227,quarterly_revenue,2026-06-30
6218,aef97fe5-4b92-40da-ad91-993112ad5227,quarterly_revenue,2026-03-31
6218,aef97fe5-4b92-40da-ad91-993112ad5227,quarterly_revenue,2025-12-31
6218,aef97fe5-4b92-40da-ad91-993112ad5227,quarterly_revenue,2025-09-30
6218,aef97fe5-4b92-40da-ad91-993112ad5227,quarterly_revenue,2025-06-30
6218,aef97fe5-4b92-40da-ad91-993112ad5227,quarterly_revenue,2025-03-31
6218,aef97fe5-4b92-40da-ad91-993112ad5227,quarterly_revenue,2024-12-31
6218,aef97fe5-4b92-40da-ad91-993112ad5227,quarterly_revenue,2024-09-30
6218,aef97fe5-4b92-40da-ad91-993112ad5227,quarterly_gross_profit,2026-06-30
6218,aef97fe5-4b92-40da-ad91-993112ad5227,quarterly_gross_profit,2026-03-31
6218,aef97fe5-4b92-40da-ad91-993112ad5227,quarterly_gross_profit,2025-12-31
6218,aef97fe5-4b92-40da-ad91-993112ad5227,quarterly_gross_profit,2025-09-30
6218,aef97fe5-4b92-40da-ad91-993112ad5227,quarterly_gross_profit,2025-06-30
6218,aef97fe5-4b92-40da-ad91-993112ad5227,quarterly_gross_profit,2025-03-31
6218,aef97fe5-4b92-40da-ad91-993112ad5227,quarterly_gross_profit,2024-12-31
6218,aef97fe5-4b92-40da-ad91-993112ad5227,quarterly_gross_profit,2024-09-30
6218,aef97fe5-4b92-40da-ad91-993112ad5227,quarterly_operating_income,2026-06-30
6218,aef97fe5-4b92-40da-ad91-993112ad5227,quarterly_operating_income,2026-03-31
6218,aef97fe5-4b92-40da-ad91-993112ad5227,quarterly_operating_income,2025-12-31
6218,aef97fe5-4b92-40da-ad91-993112ad5227,quarterly_operating_income,2025-09-30
6218,aef97fe5-4b92-40da-ad91-993112ad5227,quarterly_operating_income,2025-06-30
6218,aef97fe5-4b92-40da-ad91-993112ad5227,quarterly_operating_income,2025-03-31
6218,aef97fe5-4b92-40da-ad91-993112ad5227,quarterly_operating_income,2024-12-31
6218,aef97fe5-4b92-40da-ad91-993112ad5227,quarterly_operating_income,2024-09-30
6218,aef97fe5-4b92-40da-ad91-993112ad5227,quarterly_net_income_attributable_to_common,2026-06-30
6218,aef97fe5-4b92-40da-ad91-993112ad5227,quarterly_net_income_attributable_to_common,2026-03-31
6218,aef97fe5-4b92-40da-ad91-993112ad5227,quarterly_net_income_attributable_to_common,2025-12-31
6218,aef97fe5-4b92-40da-ad91-993112ad5227,quarterly_net_income_attributable_to_common,2025-09-30
6218,aef97fe5-4b92-40da-ad91-993112ad5227,quarterly_net_income_attributable_to_common,2025-06-30
6218,aef97fe5-4b92-40da-ad91-993112ad5227,quarterly_net_income_attributable_to_common,2025-03-31
6218,aef97fe5-4b92-40da-ad91-993112ad5227,quarterly_net_income_attributable_to_common,2024-12-31
6218,aef97fe5-4b92-40da-ad91-993112ad5227,quarterly_net_income_attributable_to_common,2024-09-30
6218,aef97fe5-4b92-40da-ad91-993112ad5227,quarterly_diluted_eps,2026-06-30
6218,aef97fe5-4b92-40da-ad91-993112ad5227,quarterly_diluted_eps,2026-03-31
6218,aef97fe5-4b92-40da-ad91-993112ad5227,quarterly_diluted_eps,2025-12-31
6218,aef97fe5-4b92-40da-ad91-993112ad5227,quarterly_diluted_eps,2025-09-30
6218,aef97fe5-4b92-40da-ad91-993112ad5227,quarterly_diluted_eps,2025-06-30
6218,aef97fe5-4b92-40da-ad91-993112ad5227,quarterly_diluted_eps,2025-03-31
6218,aef97fe5-4b92-40da-ad91-993112ad5227,quarterly_diluted_eps,2024-12-31
6218,aef97fe5-4b92-40da-ad91-993112ad5227,quarterly_diluted_eps,2024-09-30
6218,aef97fe5-4b92-40da-ad91-993112ad5227,diluted_weighted_average_shares,2026-06-30
6218,aef97fe5-4b92-40da-ad91-993112ad5227,diluted_weighted_average_shares,2026-03-31
6218,aef97fe5-4b92-40da-ad91-993112ad5227,diluted_weighted_average_shares,2025-12-31
6218,aef97fe5-4b92-40da-ad91-993112ad5227,diluted_weighted_average_shares,2025-09-30
6218,aef97fe5-4b92-40da-ad91-993112ad5227,diluted_weighted_average_shares,2025-06-30
6218,aef97fe5-4b92-40da-ad91-993112ad5227,diluted_weighted_average_shares,2025-03-31
6218,aef97fe5-4b92-40da-ad91-993112ad5227,diluted_weighted_average_shares,2024-12-31
6218,aef97fe5-4b92-40da-ad91-993112ad5227,diluted_weighted_average_shares,2024-09-30
6223,acff7d19-217a-4280-b9e3-bf78fd58cab6,quarterly_revenue,2026-06-30
6223,acff7d19-217a-4280-b9e3-bf78fd58cab6,quarterly_revenue,2026-03-31
6223,acff7d19-217a-4280-b9e3-bf78fd58cab6,quarterly_revenue,2025-12-31
6223,acff7d19-217a-4280-b9e3-bf78fd58cab6,quarterly_revenue,2025-09-30
6223,acff7d19-217a-4280-b9e3-bf78fd58cab6,quarterly_revenue,2025-06-30
6223,acff7d19-217a-4280-b9e3-bf78fd58cab6,quarterly_revenue,2025-03-31
6223,acff7d19-217a-4280-b9e3-bf78fd58cab6,quarterly_revenue,2024-12-31
6223,acff7d19-217a-4280-b9e3-bf78fd58cab6,quarterly_revenue,2024-09-30
6223,acff7d19-217a-4280-b9e3-bf78fd58cab6,quarterly_gross_profit,2026-06-30
6223,acff7d19-217a-4280-b9e3-bf78fd58cab6,quarterly_gross_profit,2026-03-31
6223,acff7d19-217a-4280-b9e3-bf78fd58cab6,quarterly_gross_profit,2025-12-31
6223,acff7d19-217a-4280-b9e3-bf78fd58cab6,quarterly_gross_profit,2025-09-30
6223,acff7d19-217a-4280-b9e3-bf78fd58cab6,quarterly_gross_profit,2025-06-30
6223,acff7d19-217a-4280-b9e3-bf78fd58cab6,quarterly_gross_profit,2025-03-31
6223,acff7d19-217a-4280-b9e3-bf78fd58cab6,quarterly_gross_profit,2024-12-31
6223,acff7d19-217a-4280-b9e3-bf78fd58cab6,quarterly_gross_profit,2024-09-30
6223,acff7d19-217a-4280-b9e3-bf78fd58cab6,quarterly_operating_income,2026-06-30
6223,acff7d19-217a-4280-b9e3-bf78fd58cab6,quarterly_operating_income,2026-03-31
6223,acff7d19-217a-4280-b9e3-bf78fd58cab6,quarterly_operating_income,2025-12-31
6223,acff7d19-217a-4280-b9e3-bf78fd58cab6,quarterly_operating_income,2025-09-30
6223,acff7d19-217a-4280-b9e3-bf78fd58cab6,quarterly_operating_income,2025-06-30
6223,acff7d19-217a-4280-b9e3-bf78fd58cab6,quarterly_operating_income,2025-03-31
6223,acff7d19-217a-4280-b9e3-bf78fd58cab6,quarterly_operating_income,2024-12-31
6223,acff7d19-217a-4280-b9e3-bf78fd58cab6,quarterly_operating_income,2024-09-30
6223,acff7d19-217a-4280-b9e3-bf78fd58cab6,quarterly_net_income_attributable_to_common,2026-06-30
6223,acff7d19-217a-4280-b9e3-bf78fd58cab6,quarterly_net_income_attributable_to_common,2026-03-31
6223,acff7d19-217a-4280-b9e3-bf78fd58cab6,quarterly_net_income_attributable_to_common,2025-12-31
6223,acff7d19-217a-4280-b9e3-bf78fd58cab6,quarterly_net_income_attributable_to_common,2025-09-30
6223,acff7d19-217a-4280-b9e3-bf78fd58cab6,quarterly_net_income_attributable_to_common,2025-06-30
6223,acff7d19-217a-4280-b9e3-bf78fd58cab6,quarterly_net_income_attributable_to_common,2025-03-31
6223,acff7d19-217a-4280-b9e3-bf78fd58cab6,quarterly_net_income_attributable_to_common,2024-12-31
6223,acff7d19-217a-4280-b9e3-bf78fd58cab6,quarterly_net_income_attributable_to_common,2024-09-30
6223,acff7d19-217a-4280-b9e3-bf78fd58cab6,quarterly_diluted_eps,2026-06-30
6223,acff7d19-217a-4280-b9e3-bf78fd58cab6,quarterly_diluted_eps,2026-03-31
6223,acff7d19-217a-4280-b9e3-bf78fd58cab6,quarterly_diluted_eps,2025-12-31
6223,acff7d19-217a-4280-b9e3-bf78fd58cab6,quarterly_diluted_eps,2025-09-30
6223,acff7d19-217a-4280-b9e3-bf78fd58cab6,quarterly_diluted_eps,2025-06-30
6223,acff7d19-217a-4280-b9e3-bf78fd58cab6,quarterly_diluted_eps,2025-03-31
6223,acff7d19-217a-4280-b9e3-bf78fd58cab6,quarterly_diluted_eps,2024-12-31
6223,acff7d19-217a-4280-b9e3-bf78fd58cab6,quarterly_diluted_eps,2024-09-30
6223,acff7d19-217a-4280-b9e3-bf78fd58cab6,diluted_weighted_average_shares,2026-06-30
6223,acff7d19-217a-4280-b9e3-bf78fd58cab6,diluted_weighted_average_shares,2026-03-31
6223,acff7d19-217a-4280-b9e3-bf78fd58cab6,diluted_weighted_average_shares,2025-12-31
6223,acff7d19-217a-4280-b9e3-bf78fd58cab6,diluted_weighted_average_shares,2025-09-30
6223,acff7d19-217a-4280-b9e3-bf78fd58cab6,diluted_weighted_average_shares,2025-06-30
6223,acff7d19-217a-4280-b9e3-bf78fd58cab6,diluted_weighted_average_shares,2025-03-31
6223,acff7d19-217a-4280-b9e3-bf78fd58cab6,diluted_weighted_average_shares,2024-12-31
6223,acff7d19-217a-4280-b9e3-bf78fd58cab6,diluted_weighted_average_shares,2024-09-30
6225,e10b8223-9082-4b81-b48f-3fb69d95c431,quarterly_revenue,2026-06-30
6225,e10b8223-9082-4b81-b48f-3fb69d95c431,quarterly_revenue,2026-03-31
6225,e10b8223-9082-4b81-b48f-3fb69d95c431,quarterly_revenue,2025-12-31
6225,e10b8223-9082-4b81-b48f-3fb69d95c431,quarterly_revenue,2025-09-30
6225,e10b8223-9082-4b81-b48f-3fb69d95c431,quarterly_revenue,2025-06-30
6225,e10b8223-9082-4b81-b48f-3fb69d95c431,quarterly_revenue,2025-03-31
6225,e10b8223-9082-4b81-b48f-3fb69d95c431,quarterly_revenue,2024-12-31
6225,e10b8223-9082-4b81-b48f-3fb69d95c431,quarterly_revenue,2024-09-30
6225,e10b8223-9082-4b81-b48f-3fb69d95c431,quarterly_gross_profit,2026-06-30
6225,e10b8223-9082-4b81-b48f-3fb69d95c431,quarterly_gross_profit,2026-03-31
6225,e10b8223-9082-4b81-b48f-3fb69d95c431,quarterly_gross_profit,2025-12-31
6225,e10b8223-9082-4b81-b48f-3fb69d95c431,quarterly_gross_profit,2025-09-30
6225,e10b8223-9082-4b81-b48f-3fb69d95c431,quarterly_gross_profit,2025-06-30
6225,e10b8223-9082-4b81-b48f-3fb69d95c431,quarterly_gross_profit,2025-03-31
6225,e10b8223-9082-4b81-b48f-3fb69d95c431,quarterly_gross_profit,2024-12-31
6225,e10b8223-9082-4b81-b48f-3fb69d95c431,quarterly_gross_profit,2024-09-30
6225,e10b8223-9082-4b81-b48f-3fb69d95c431,quarterly_operating_income,2026-06-30
6225,e10b8223-9082-4b81-b48f-3fb69d95c431,quarterly_operating_income,2026-03-31
6225,e10b8223-9082-4b81-b48f-3fb69d95c431,quarterly_operating_income,2025-12-31
6225,e10b8223-9082-4b81-b48f-3fb69d95c431,quarterly_operating_income,2025-09-30
6225,e10b8223-9082-4b81-b48f-3fb69d95c431,quarterly_operating_income,2025-06-30
6225,e10b8223-9082-4b81-b48f-3fb69d95c431,quarterly_operating_income,2025-03-31
6225,e10b8223-9082-4b81-b48f-3fb69d95c431,quarterly_operating_income,2024-12-31
6225,e10b8223-9082-4b81-b48f-3fb69d95c431,quarterly_operating_income,2024-09-30
6225,e10b8223-9082-4b81-b48f-3fb69d95c431,quarterly_net_income_attributable_to_common,2026-06-30
6225,e10b8223-9082-4b81-b48f-3fb69d95c431,quarterly_net_income_attributable_to_common,2026-03-31
6225,e10b8223-9082-4b81-b48f-3fb69d95c431,quarterly_net_income_attributable_to_common,2025-12-31
6225,e10b8223-9082-4b81-b48f-3fb69d95c431,quarterly_net_income_attributable_to_common,2025-09-30
6225,e10b8223-9082-4b81-b48f-3fb69d95c431,quarterly_net_income_attributable_to_common,2025-06-30
6225,e10b8223-9082-4b81-b48f-3fb69d95c431,quarterly_net_income_attributable_to_common,2025-03-31
6225,e10b8223-9082-4b81-b48f-3fb69d95c431,quarterly_net_income_attributable_to_common,2024-12-31
6225,e10b8223-9082-4b81-b48f-3fb69d95c431,quarterly_net_income_attributable_to_common,2024-09-30
6225,e10b8223-9082-4b81-b48f-3fb69d95c431,quarterly_diluted_eps,2026-06-30
6225,e10b8223-9082-4b81-b48f-3fb69d95c431,quarterly_diluted_eps,2026-03-31
6225,e10b8223-9082-4b81-b48f-3fb69d95c431,quarterly_diluted_eps,2025-12-31
6225,e10b8223-9082-4b81-b48f-3fb69d95c431,quarterly_diluted_eps,2025-09-30
6225,e10b8223-9082-4b81-b48f-3fb69d95c431,quarterly_diluted_eps,2025-06-30
6225,e10b8223-9082-4b81-b48f-3fb69d95c431,quarterly_diluted_eps,2025-03-31
6225,e10b8223-9082-4b81-b48f-3fb69d95c431,quarterly_diluted_eps,2024-12-31
6225,e10b8223-9082-4b81-b48f-3fb69d95c431,quarterly_diluted_eps,2024-09-30
6225,e10b8223-9082-4b81-b48f-3fb69d95c431,diluted_weighted_average_shares,2026-06-30
6225,e10b8223-9082-4b81-b48f-3fb69d95c431,diluted_weighted_average_shares,2026-03-31
6225,e10b8223-9082-4b81-b48f-3fb69d95c431,diluted_weighted_average_shares,2025-12-31
6225,e10b8223-9082-4b81-b48f-3fb69d95c431,diluted_weighted_average_shares,2025-09-30
6225,e10b8223-9082-4b81-b48f-3fb69d95c431,diluted_weighted_average_shares,2025-06-30
6225,e10b8223-9082-4b81-b48f-3fb69d95c431,diluted_weighted_average_shares,2025-03-31
6225,e10b8223-9082-4b81-b48f-3fb69d95c431,diluted_weighted_average_shares,2024-12-31
6225,e10b8223-9082-4b81-b48f-3fb69d95c431,diluted_weighted_average_shares,2024-09-30
6226,db6e7c3c-dbf3-44a8-b2ec-93c0cb8de4a4,quarterly_revenue,2026-06-30
6226,db6e7c3c-dbf3-44a8-b2ec-93c0cb8de4a4,quarterly_revenue,2026-03-31
6226,db6e7c3c-dbf3-44a8-b2ec-93c0cb8de4a4,quarterly_revenue,2025-12-31
6226,db6e7c3c-dbf3-44a8-b2ec-93c0cb8de4a4,quarterly_revenue,2025-09-30
6226,db6e7c3c-dbf3-44a8-b2ec-93c0cb8de4a4,quarterly_revenue,2025-06-30
6226,db6e7c3c-dbf3-44a8-b2ec-93c0cb8de4a4,quarterly_revenue,2025-03-31
6226,db6e7c3c-dbf3-44a8-b2ec-93c0cb8de4a4,quarterly_revenue,2024-12-31
6226,db6e7c3c-dbf3-44a8-b2ec-93c0cb8de4a4,quarterly_revenue,2024-09-30
6226,db6e7c3c-dbf3-44a8-b2ec-93c0cb8de4a4,quarterly_gross_profit,2026-06-30
6226,db6e7c3c-dbf3-44a8-b2ec-93c0cb8de4a4,quarterly_gross_profit,2026-03-31
6226,db6e7c3c-dbf3-44a8-b2ec-93c0cb8de4a4,quarterly_gross_profit,2025-12-31
6226,db6e7c3c-dbf3-44a8-b2ec-93c0cb8de4a4,quarterly_gross_profit,2025-09-30
6226,db6e7c3c-dbf3-44a8-b2ec-93c0cb8de4a4,quarterly_gross_profit,2025-06-30
6226,db6e7c3c-dbf3-44a8-b2ec-93c0cb8de4a4,quarterly_gross_profit,2025-03-31
6226,db6e7c3c-dbf3-44a8-b2ec-93c0cb8de4a4,quarterly_gross_profit,2024-12-31
6226,db6e7c3c-dbf3-44a8-b2ec-93c0cb8de4a4,quarterly_gross_profit,2024-09-30
6226,db6e7c3c-dbf3-44a8-b2ec-93c0cb8de4a4,quarterly_operating_income,2026-06-30
6226,db6e7c3c-dbf3-44a8-b2ec-93c0cb8de4a4,quarterly_operating_income,2026-03-31
6226,db6e7c3c-dbf3-44a8-b2ec-93c0cb8de4a4,quarterly_operating_income,2025-12-31
6226,db6e7c3c-dbf3-44a8-b2ec-93c0cb8de4a4,quarterly_operating_income,2025-09-30
6226,db6e7c3c-dbf3-44a8-b2ec-93c0cb8de4a4,quarterly_operating_income,2025-06-30
6226,db6e7c3c-dbf3-44a8-b2ec-93c0cb8de4a4,quarterly_operating_income,2025-03-31
6226,db6e7c3c-dbf3-44a8-b2ec-93c0cb8de4a4,quarterly_operating_income,2024-12-31
6226,db6e7c3c-dbf3-44a8-b2ec-93c0cb8de4a4,quarterly_operating_income,2024-09-30
6226,db6e7c3c-dbf3-44a8-b2ec-93c0cb8de4a4,quarterly_net_income_attributable_to_common,2026-06-30
6226,db6e7c3c-dbf3-44a8-b2ec-93c0cb8de4a4,quarterly_net_income_attributable_to_common,2026-03-31
6226,db6e7c3c-dbf3-44a8-b2ec-93c0cb8de4a4,quarterly_net_income_attributable_to_common,2025-12-31
6226,db6e7c3c-dbf3-44a8-b2ec-93c0cb8de4a4,quarterly_net_income_attributable_to_common,2025-09-30
6226,db6e7c3c-dbf3-44a8-b2ec-93c0cb8de4a4,quarterly_net_income_attributable_to_common,2025-06-30
6226,db6e7c3c-dbf3-44a8-b2ec-93c0cb8de4a4,quarterly_net_income_attributable_to_common,2025-03-31
6226,db6e7c3c-dbf3-44a8-b2ec-93c0cb8de4a4,quarterly_net_income_attributable_to_common,2024-12-31
6226,db6e7c3c-dbf3-44a8-b2ec-93c0cb8de4a4,quarterly_net_income_attributable_to_common,2024-09-30
6226,db6e7c3c-dbf3-44a8-b2ec-93c0cb8de4a4,quarterly_diluted_eps,2026-06-30
6226,db6e7c3c-dbf3-44a8-b2ec-93c0cb8de4a4,quarterly_diluted_eps,2026-03-31
6226,db6e7c3c-dbf3-44a8-b2ec-93c0cb8de4a4,quarterly_diluted_eps,2025-12-31
6226,db6e7c3c-dbf3-44a8-b2ec-93c0cb8de4a4,quarterly_diluted_eps,2025-09-30
6226,db6e7c3c-dbf3-44a8-b2ec-93c0cb8de4a4,quarterly_diluted_eps,2025-06-30
6226,db6e7c3c-dbf3-44a8-b2ec-93c0cb8de4a4,quarterly_diluted_eps,2025-03-31
6226,db6e7c3c-dbf3-44a8-b2ec-93c0cb8de4a4,quarterly_diluted_eps,2024-12-31
6226,db6e7c3c-dbf3-44a8-b2ec-93c0cb8de4a4,quarterly_diluted_eps,2024-09-30
6226,db6e7c3c-dbf3-44a8-b2ec-93c0cb8de4a4,diluted_weighted_average_shares,2026-06-30
6226,db6e7c3c-dbf3-44a8-b2ec-93c0cb8de4a4,diluted_weighted_average_shares,2026-03-31
6226,db6e7c3c-dbf3-44a8-b2ec-93c0cb8de4a4,diluted_weighted_average_shares,2025-12-31
6226,db6e7c3c-dbf3-44a8-b2ec-93c0cb8de4a4,diluted_weighted_average_shares,2025-09-30
6226,db6e7c3c-dbf3-44a8-b2ec-93c0cb8de4a4,diluted_weighted_average_shares,2025-06-30
6226,db6e7c3c-dbf3-44a8-b2ec-93c0cb8de4a4,diluted_weighted_average_shares,2025-03-31
6226,db6e7c3c-dbf3-44a8-b2ec-93c0cb8de4a4,diluted_weighted_average_shares,2024-12-31
6226,db6e7c3c-dbf3-44a8-b2ec-93c0cb8de4a4,diluted_weighted_average_shares,2024-09-30
6230,828db583-f442-4c0c-91de-d7f897e03a62,quarterly_revenue,2026-06-30
6230,828db583-f442-4c0c-91de-d7f897e03a62,quarterly_revenue,2026-03-31
6230,828db583-f442-4c0c-91de-d7f897e03a62,quarterly_revenue,2025-12-31
6230,828db583-f442-4c0c-91de-d7f897e03a62,quarterly_revenue,2025-09-30
6230,828db583-f442-4c0c-91de-d7f897e03a62,quarterly_revenue,2025-06-30
6230,828db583-f442-4c0c-91de-d7f897e03a62,quarterly_revenue,2025-03-31
6230,828db583-f442-4c0c-91de-d7f897e03a62,quarterly_revenue,2024-12-31
6230,828db583-f442-4c0c-91de-d7f897e03a62,quarterly_revenue,2024-09-30
6230,828db583-f442-4c0c-91de-d7f897e03a62,quarterly_gross_profit,2026-06-30
6230,828db583-f442-4c0c-91de-d7f897e03a62,quarterly_gross_profit,2026-03-31
6230,828db583-f442-4c0c-91de-d7f897e03a62,quarterly_gross_profit,2025-12-31
6230,828db583-f442-4c0c-91de-d7f897e03a62,quarterly_gross_profit,2025-09-30
6230,828db583-f442-4c0c-91de-d7f897e03a62,quarterly_gross_profit,2025-06-30
6230,828db583-f442-4c0c-91de-d7f897e03a62,quarterly_gross_profit,2025-03-31
6230,828db583-f442-4c0c-91de-d7f897e03a62,quarterly_gross_profit,2024-12-31
6230,828db583-f442-4c0c-91de-d7f897e03a62,quarterly_gross_profit,2024-09-30
6230,828db583-f442-4c0c-91de-d7f897e03a62,quarterly_operating_income,2026-06-30
6230,828db583-f442-4c0c-91de-d7f897e03a62,quarterly_operating_income,2026-03-31
6230,828db583-f442-4c0c-91de-d7f897e03a62,quarterly_operating_income,2025-12-31
6230,828db583-f442-4c0c-91de-d7f897e03a62,quarterly_operating_income,2025-09-30
6230,828db583-f442-4c0c-91de-d7f897e03a62,quarterly_operating_income,2025-06-30
6230,828db583-f442-4c0c-91de-d7f897e03a62,quarterly_operating_income,2025-03-31
6230,828db583-f442-4c0c-91de-d7f897e03a62,quarterly_operating_income,2024-12-31
6230,828db583-f442-4c0c-91de-d7f897e03a62,quarterly_operating_income,2024-09-30
6230,828db583-f442-4c0c-91de-d7f897e03a62,quarterly_net_income_attributable_to_common,2026-06-30
6230,828db583-f442-4c0c-91de-d7f897e03a62,quarterly_net_income_attributable_to_common,2026-03-31
6230,828db583-f442-4c0c-91de-d7f897e03a62,quarterly_net_income_attributable_to_common,2025-12-31
6230,828db583-f442-4c0c-91de-d7f897e03a62,quarterly_net_income_attributable_to_common,2025-09-30
6230,828db583-f442-4c0c-91de-d7f897e03a62,quarterly_net_income_attributable_to_common,2025-06-30
6230,828db583-f442-4c0c-91de-d7f897e03a62,quarterly_net_income_attributable_to_common,2025-03-31
6230,828db583-f442-4c0c-91de-d7f897e03a62,quarterly_net_income_attributable_to_common,2024-12-31
6230,828db583-f442-4c0c-91de-d7f897e03a62,quarterly_net_income_attributable_to_common,2024-09-30
6230,828db583-f442-4c0c-91de-d7f897e03a62,quarterly_diluted_eps,2026-06-30
6230,828db583-f442-4c0c-91de-d7f897e03a62,quarterly_diluted_eps,2026-03-31
6230,828db583-f442-4c0c-91de-d7f897e03a62,quarterly_diluted_eps,2025-12-31
6230,828db583-f442-4c0c-91de-d7f897e03a62,quarterly_diluted_eps,2025-09-30
6230,828db583-f442-4c0c-91de-d7f897e03a62,quarterly_diluted_eps,2025-06-30
6230,828db583-f442-4c0c-91de-d7f897e03a62,quarterly_diluted_eps,2025-03-31
6230,828db583-f442-4c0c-91de-d7f897e03a62,quarterly_diluted_eps,2024-12-31
6230,828db583-f442-4c0c-91de-d7f897e03a62,quarterly_diluted_eps,2024-09-30
6230,828db583-f442-4c0c-91de-d7f897e03a62,diluted_weighted_average_shares,2026-06-30
6230,828db583-f442-4c0c-91de-d7f897e03a62,diluted_weighted_average_shares,2026-03-31
6230,828db583-f442-4c0c-91de-d7f897e03a62,diluted_weighted_average_shares,2025-12-31
6230,828db583-f442-4c0c-91de-d7f897e03a62,diluted_weighted_average_shares,2025-09-30
6230,828db583-f442-4c0c-91de-d7f897e03a62,diluted_weighted_average_shares,2025-06-30
6230,828db583-f442-4c0c-91de-d7f897e03a62,diluted_weighted_average_shares,2025-03-31
6230,828db583-f442-4c0c-91de-d7f897e03a62,diluted_weighted_average_shares,2024-12-31
6230,828db583-f442-4c0c-91de-d7f897e03a62,diluted_weighted_average_shares,2024-09-30
6239,2a56626e-fff0-4160-bca4-7ca51c5f442e,quarterly_revenue,2026-06-30
6239,2a56626e-fff0-4160-bca4-7ca51c5f442e,quarterly_revenue,2026-03-31
6239,2a56626e-fff0-4160-bca4-7ca51c5f442e,quarterly_revenue,2025-12-31
6239,2a56626e-fff0-4160-bca4-7ca51c5f442e,quarterly_revenue,2025-09-30
6239,2a56626e-fff0-4160-bca4-7ca51c5f442e,quarterly_revenue,2025-06-30
6239,2a56626e-fff0-4160-bca4-7ca51c5f442e,quarterly_revenue,2025-03-31
6239,2a56626e-fff0-4160-bca4-7ca51c5f442e,quarterly_revenue,2024-12-31
6239,2a56626e-fff0-4160-bca4-7ca51c5f442e,quarterly_revenue,2024-09-30
6239,2a56626e-fff0-4160-bca4-7ca51c5f442e,quarterly_gross_profit,2026-06-30
6239,2a56626e-fff0-4160-bca4-7ca51c5f442e,quarterly_gross_profit,2026-03-31
6239,2a56626e-fff0-4160-bca4-7ca51c5f442e,quarterly_gross_profit,2025-12-31
6239,2a56626e-fff0-4160-bca4-7ca51c5f442e,quarterly_gross_profit,2025-09-30
6239,2a56626e-fff0-4160-bca4-7ca51c5f442e,quarterly_gross_profit,2025-06-30
6239,2a56626e-fff0-4160-bca4-7ca51c5f442e,quarterly_gross_profit,2025-03-31
6239,2a56626e-fff0-4160-bca4-7ca51c5f442e,quarterly_gross_profit,2024-12-31
6239,2a56626e-fff0-4160-bca4-7ca51c5f442e,quarterly_gross_profit,2024-09-30
6239,2a56626e-fff0-4160-bca4-7ca51c5f442e,quarterly_operating_income,2026-06-30
6239,2a56626e-fff0-4160-bca4-7ca51c5f442e,quarterly_operating_income,2026-03-31
6239,2a56626e-fff0-4160-bca4-7ca51c5f442e,quarterly_operating_income,2025-12-31
6239,2a56626e-fff0-4160-bca4-7ca51c5f442e,quarterly_operating_income,2025-09-30
6239,2a56626e-fff0-4160-bca4-7ca51c5f442e,quarterly_operating_income,2025-06-30
6239,2a56626e-fff0-4160-bca4-7ca51c5f442e,quarterly_operating_income,2025-03-31
6239,2a56626e-fff0-4160-bca4-7ca51c5f442e,quarterly_operating_income,2024-12-31
6239,2a56626e-fff0-4160-bca4-7ca51c5f442e,quarterly_operating_income,2024-09-30
6239,2a56626e-fff0-4160-bca4-7ca51c5f442e,quarterly_net_income_attributable_to_common,2026-06-30
6239,2a56626e-fff0-4160-bca4-7ca51c5f442e,quarterly_net_income_attributable_to_common,2026-03-31
6239,2a56626e-fff0-4160-bca4-7ca51c5f442e,quarterly_net_income_attributable_to_common,2025-12-31
6239,2a56626e-fff0-4160-bca4-7ca51c5f442e,quarterly_net_income_attributable_to_common,2025-09-30
6239,2a56626e-fff0-4160-bca4-7ca51c5f442e,quarterly_net_income_attributable_to_common,2025-06-30
6239,2a56626e-fff0-4160-bca4-7ca51c5f442e,quarterly_net_income_attributable_to_common,2025-03-31
6239,2a56626e-fff0-4160-bca4-7ca51c5f442e,quarterly_net_income_attributable_to_common,2024-12-31
6239,2a56626e-fff0-4160-bca4-7ca51c5f442e,quarterly_net_income_attributable_to_common,2024-09-30
6239,2a56626e-fff0-4160-bca4-7ca51c5f442e,quarterly_diluted_eps,2026-06-30
6239,2a56626e-fff0-4160-bca4-7ca51c5f442e,quarterly_diluted_eps,2026-03-31
6239,2a56626e-fff0-4160-bca4-7ca51c5f442e,quarterly_diluted_eps,2025-12-31
6239,2a56626e-fff0-4160-bca4-7ca51c5f442e,quarterly_diluted_eps,2025-09-30
6239,2a56626e-fff0-4160-bca4-7ca51c5f442e,quarterly_diluted_eps,2025-06-30
6239,2a56626e-fff0-4160-bca4-7ca51c5f442e,quarterly_diluted_eps,2025-03-31
6239,2a56626e-fff0-4160-bca4-7ca51c5f442e,quarterly_diluted_eps,2024-12-31
6239,2a56626e-fff0-4160-bca4-7ca51c5f442e,quarterly_diluted_eps,2024-09-30
6239,2a56626e-fff0-4160-bca4-7ca51c5f442e,diluted_weighted_average_shares,2026-06-30
6239,2a56626e-fff0-4160-bca4-7ca51c5f442e,diluted_weighted_average_shares,2026-03-31
6239,2a56626e-fff0-4160-bca4-7ca51c5f442e,diluted_weighted_average_shares,2025-12-31
6239,2a56626e-fff0-4160-bca4-7ca51c5f442e,diluted_weighted_average_shares,2025-09-30
6239,2a56626e-fff0-4160-bca4-7ca51c5f442e,diluted_weighted_average_shares,2025-06-30
6239,2a56626e-fff0-4160-bca4-7ca51c5f442e,diluted_weighted_average_shares,2025-03-31
6239,2a56626e-fff0-4160-bca4-7ca51c5f442e,diluted_weighted_average_shares,2024-12-31
6239,2a56626e-fff0-4160-bca4-7ca51c5f442e,diluted_weighted_average_shares,2024-09-30
6269,ac4e5567-f552-4c69-88f1-db5ea9abecdf,quarterly_revenue,2026-06-30
6269,ac4e5567-f552-4c69-88f1-db5ea9abecdf,quarterly_revenue,2026-03-31
6269,ac4e5567-f552-4c69-88f1-db5ea9abecdf,quarterly_revenue,2025-12-31
6269,ac4e5567-f552-4c69-88f1-db5ea9abecdf,quarterly_revenue,2025-09-30
6269,ac4e5567-f552-4c69-88f1-db5ea9abecdf,quarterly_revenue,2025-06-30
6269,ac4e5567-f552-4c69-88f1-db5ea9abecdf,quarterly_revenue,2025-03-31
6269,ac4e5567-f552-4c69-88f1-db5ea9abecdf,quarterly_revenue,2024-12-31
6269,ac4e5567-f552-4c69-88f1-db5ea9abecdf,quarterly_revenue,2024-09-30
6269,ac4e5567-f552-4c69-88f1-db5ea9abecdf,quarterly_gross_profit,2026-06-30
6269,ac4e5567-f552-4c69-88f1-db5ea9abecdf,quarterly_gross_profit,2026-03-31
6269,ac4e5567-f552-4c69-88f1-db5ea9abecdf,quarterly_gross_profit,2025-12-31
6269,ac4e5567-f552-4c69-88f1-db5ea9abecdf,quarterly_gross_profit,2025-09-30
6269,ac4e5567-f552-4c69-88f1-db5ea9abecdf,quarterly_gross_profit,2025-06-30
6269,ac4e5567-f552-4c69-88f1-db5ea9abecdf,quarterly_gross_profit,2025-03-31
6269,ac4e5567-f552-4c69-88f1-db5ea9abecdf,quarterly_gross_profit,2024-12-31
6269,ac4e5567-f552-4c69-88f1-db5ea9abecdf,quarterly_gross_profit,2024-09-30
6269,ac4e5567-f552-4c69-88f1-db5ea9abecdf,quarterly_operating_income,2026-06-30
6269,ac4e5567-f552-4c69-88f1-db5ea9abecdf,quarterly_operating_income,2026-03-31
6269,ac4e5567-f552-4c69-88f1-db5ea9abecdf,quarterly_operating_income,2025-12-31
6269,ac4e5567-f552-4c69-88f1-db5ea9abecdf,quarterly_operating_income,2025-09-30
6269,ac4e5567-f552-4c69-88f1-db5ea9abecdf,quarterly_operating_income,2025-06-30
6269,ac4e5567-f552-4c69-88f1-db5ea9abecdf,quarterly_operating_income,2025-03-31
6269,ac4e5567-f552-4c69-88f1-db5ea9abecdf,quarterly_operating_income,2024-12-31
6269,ac4e5567-f552-4c69-88f1-db5ea9abecdf,quarterly_operating_income,2024-09-30
6269,ac4e5567-f552-4c69-88f1-db5ea9abecdf,quarterly_net_income_attributable_to_common,2026-06-30
6269,ac4e5567-f552-4c69-88f1-db5ea9abecdf,quarterly_net_income_attributable_to_common,2026-03-31
6269,ac4e5567-f552-4c69-88f1-db5ea9abecdf,quarterly_net_income_attributable_to_common,2025-12-31
6269,ac4e5567-f552-4c69-88f1-db5ea9abecdf,quarterly_net_income_attributable_to_common,2025-09-30
6269,ac4e5567-f552-4c69-88f1-db5ea9abecdf,quarterly_net_income_attributable_to_common,2025-06-30
6269,ac4e5567-f552-4c69-88f1-db5ea9abecdf,quarterly_net_income_attributable_to_common,2025-03-31
6269,ac4e5567-f552-4c69-88f1-db5ea9abecdf,quarterly_net_income_attributable_to_common,2024-12-31
6269,ac4e5567-f552-4c69-88f1-db5ea9abecdf,quarterly_net_income_attributable_to_common,2024-09-30
6269,ac4e5567-f552-4c69-88f1-db5ea9abecdf,quarterly_diluted_eps,2026-06-30
6269,ac4e5567-f552-4c69-88f1-db5ea9abecdf,quarterly_diluted_eps,2026-03-31
6269,ac4e5567-f552-4c69-88f1-db5ea9abecdf,quarterly_diluted_eps,2025-12-31
6269,ac4e5567-f552-4c69-88f1-db5ea9abecdf,quarterly_diluted_eps,2025-09-30
6269,ac4e5567-f552-4c69-88f1-db5ea9abecdf,quarterly_diluted_eps,2025-06-30
6269,ac4e5567-f552-4c69-88f1-db5ea9abecdf,quarterly_diluted_eps,2025-03-31
6269,ac4e5567-f552-4c69-88f1-db5ea9abecdf,quarterly_diluted_eps,2024-12-31
6269,ac4e5567-f552-4c69-88f1-db5ea9abecdf,quarterly_diluted_eps,2024-09-30
6269,ac4e5567-f552-4c69-88f1-db5ea9abecdf,diluted_weighted_average_shares,2026-06-30
6269,ac4e5567-f552-4c69-88f1-db5ea9abecdf,diluted_weighted_average_shares,2026-03-31
6269,ac4e5567-f552-4c69-88f1-db5ea9abecdf,diluted_weighted_average_shares,2025-12-31
6269,ac4e5567-f552-4c69-88f1-db5ea9abecdf,diluted_weighted_average_shares,2025-09-30
6269,ac4e5567-f552-4c69-88f1-db5ea9abecdf,diluted_weighted_average_shares,2025-06-30
6269,ac4e5567-f552-4c69-88f1-db5ea9abecdf,diluted_weighted_average_shares,2025-03-31
6269,ac4e5567-f552-4c69-88f1-db5ea9abecdf,diluted_weighted_average_shares,2024-12-31
6269,ac4e5567-f552-4c69-88f1-db5ea9abecdf,diluted_weighted_average_shares,2024-09-30
6274,20e899ba-f710-489c-906e-20385d6a8e5e,quarterly_revenue,2026-06-30
6274,20e899ba-f710-489c-906e-20385d6a8e5e,quarterly_revenue,2026-03-31
6274,20e899ba-f710-489c-906e-20385d6a8e5e,quarterly_revenue,2025-12-31
6274,20e899ba-f710-489c-906e-20385d6a8e5e,quarterly_revenue,2025-09-30
6274,20e899ba-f710-489c-906e-20385d6a8e5e,quarterly_revenue,2025-06-30
6274,20e899ba-f710-489c-906e-20385d6a8e5e,quarterly_revenue,2025-03-31
6274,20e899ba-f710-489c-906e-20385d6a8e5e,quarterly_revenue,2024-12-31
6274,20e899ba-f710-489c-906e-20385d6a8e5e,quarterly_revenue,2024-09-30
6274,20e899ba-f710-489c-906e-20385d6a8e5e,quarterly_gross_profit,2026-06-30
6274,20e899ba-f710-489c-906e-20385d6a8e5e,quarterly_gross_profit,2026-03-31
6274,20e899ba-f710-489c-906e-20385d6a8e5e,quarterly_gross_profit,2025-12-31
6274,20e899ba-f710-489c-906e-20385d6a8e5e,quarterly_gross_profit,2025-09-30
6274,20e899ba-f710-489c-906e-20385d6a8e5e,quarterly_gross_profit,2025-06-30
6274,20e899ba-f710-489c-906e-20385d6a8e5e,quarterly_gross_profit,2025-03-31
6274,20e899ba-f710-489c-906e-20385d6a8e5e,quarterly_gross_profit,2024-12-31
6274,20e899ba-f710-489c-906e-20385d6a8e5e,quarterly_gross_profit,2024-09-30
6274,20e899ba-f710-489c-906e-20385d6a8e5e,quarterly_operating_income,2026-06-30
6274,20e899ba-f710-489c-906e-20385d6a8e5e,quarterly_operating_income,2026-03-31
6274,20e899ba-f710-489c-906e-20385d6a8e5e,quarterly_operating_income,2025-12-31
6274,20e899ba-f710-489c-906e-20385d6a8e5e,quarterly_operating_income,2025-09-30
6274,20e899ba-f710-489c-906e-20385d6a8e5e,quarterly_operating_income,2025-06-30
6274,20e899ba-f710-489c-906e-20385d6a8e5e,quarterly_operating_income,2025-03-31
6274,20e899ba-f710-489c-906e-20385d6a8e5e,quarterly_operating_income,2024-12-31
6274,20e899ba-f710-489c-906e-20385d6a8e5e,quarterly_operating_income,2024-09-30
6274,20e899ba-f710-489c-906e-20385d6a8e5e,quarterly_net_income_attributable_to_common,2026-06-30
6274,20e899ba-f710-489c-906e-20385d6a8e5e,quarterly_net_income_attributable_to_common,2026-03-31
6274,20e899ba-f710-489c-906e-20385d6a8e5e,quarterly_net_income_attributable_to_common,2025-12-31
6274,20e899ba-f710-489c-906e-20385d6a8e5e,quarterly_net_income_attributable_to_common,2025-09-30
6274,20e899ba-f710-489c-906e-20385d6a8e5e,quarterly_net_income_attributable_to_common,2025-06-30
6274,20e899ba-f710-489c-906e-20385d6a8e5e,quarterly_net_income_attributable_to_common,2025-03-31
6274,20e899ba-f710-489c-906e-20385d6a8e5e,quarterly_net_income_attributable_to_common,2024-12-31
6274,20e899ba-f710-489c-906e-20385d6a8e5e,quarterly_net_income_attributable_to_common,2024-09-30
6274,20e899ba-f710-489c-906e-20385d6a8e5e,quarterly_diluted_eps,2026-06-30
6274,20e899ba-f710-489c-906e-20385d6a8e5e,quarterly_diluted_eps,2026-03-31
6274,20e899ba-f710-489c-906e-20385d6a8e5e,quarterly_diluted_eps,2025-12-31
6274,20e899ba-f710-489c-906e-20385d6a8e5e,quarterly_diluted_eps,2025-09-30
6274,20e899ba-f710-489c-906e-20385d6a8e5e,quarterly_diluted_eps,2025-06-30
6274,20e899ba-f710-489c-906e-20385d6a8e5e,quarterly_diluted_eps,2025-03-31
6274,20e899ba-f710-489c-906e-20385d6a8e5e,quarterly_diluted_eps,2024-12-31
6274,20e899ba-f710-489c-906e-20385d6a8e5e,quarterly_diluted_eps,2024-09-30
6274,20e899ba-f710-489c-906e-20385d6a8e5e,diluted_weighted_average_shares,2026-06-30
6274,20e899ba-f710-489c-906e-20385d6a8e5e,diluted_weighted_average_shares,2026-03-31
6274,20e899ba-f710-489c-906e-20385d6a8e5e,diluted_weighted_average_shares,2025-12-31
6274,20e899ba-f710-489c-906e-20385d6a8e5e,diluted_weighted_average_shares,2025-09-30
6274,20e899ba-f710-489c-906e-20385d6a8e5e,diluted_weighted_average_shares,2025-06-30
6274,20e899ba-f710-489c-906e-20385d6a8e5e,diluted_weighted_average_shares,2025-03-31
6274,20e899ba-f710-489c-906e-20385d6a8e5e,diluted_weighted_average_shares,2024-12-31
6274,20e899ba-f710-489c-906e-20385d6a8e5e,diluted_weighted_average_shares,2024-09-30
6285,e0255b68-7228-4518-9002-92041d446d5b,quarterly_revenue,2026-06-30
6285,e0255b68-7228-4518-9002-92041d446d5b,quarterly_revenue,2026-03-31
6285,e0255b68-7228-4518-9002-92041d446d5b,quarterly_revenue,2025-12-31
6285,e0255b68-7228-4518-9002-92041d446d5b,quarterly_revenue,2025-09-30
6285,e0255b68-7228-4518-9002-92041d446d5b,quarterly_revenue,2025-06-30
6285,e0255b68-7228-4518-9002-92041d446d5b,quarterly_revenue,2025-03-31
6285,e0255b68-7228-4518-9002-92041d446d5b,quarterly_revenue,2024-12-31
6285,e0255b68-7228-4518-9002-92041d446d5b,quarterly_revenue,2024-09-30
6285,e0255b68-7228-4518-9002-92041d446d5b,quarterly_gross_profit,2026-06-30
6285,e0255b68-7228-4518-9002-92041d446d5b,quarterly_gross_profit,2026-03-31
6285,e0255b68-7228-4518-9002-92041d446d5b,quarterly_gross_profit,2025-12-31
6285,e0255b68-7228-4518-9002-92041d446d5b,quarterly_gross_profit,2025-09-30
6285,e0255b68-7228-4518-9002-92041d446d5b,quarterly_gross_profit,2025-06-30
6285,e0255b68-7228-4518-9002-92041d446d5b,quarterly_gross_profit,2025-03-31
6285,e0255b68-7228-4518-9002-92041d446d5b,quarterly_gross_profit,2024-12-31
6285,e0255b68-7228-4518-9002-92041d446d5b,quarterly_gross_profit,2024-09-30
6285,e0255b68-7228-4518-9002-92041d446d5b,quarterly_operating_income,2026-06-30
6285,e0255b68-7228-4518-9002-92041d446d5b,quarterly_operating_income,2026-03-31
6285,e0255b68-7228-4518-9002-92041d446d5b,quarterly_operating_income,2025-12-31
6285,e0255b68-7228-4518-9002-92041d446d5b,quarterly_operating_income,2025-09-30
6285,e0255b68-7228-4518-9002-92041d446d5b,quarterly_operating_income,2025-06-30
6285,e0255b68-7228-4518-9002-92041d446d5b,quarterly_operating_income,2025-03-31
6285,e0255b68-7228-4518-9002-92041d446d5b,quarterly_operating_income,2024-12-31
6285,e0255b68-7228-4518-9002-92041d446d5b,quarterly_operating_income,2024-09-30
6285,e0255b68-7228-4518-9002-92041d446d5b,quarterly_net_income_attributable_to_common,2026-06-30
6285,e0255b68-7228-4518-9002-92041d446d5b,quarterly_net_income_attributable_to_common,2026-03-31
6285,e0255b68-7228-4518-9002-92041d446d5b,quarterly_net_income_attributable_to_common,2025-12-31
6285,e0255b68-7228-4518-9002-92041d446d5b,quarterly_net_income_attributable_to_common,2025-09-30
6285,e0255b68-7228-4518-9002-92041d446d5b,quarterly_net_income_attributable_to_common,2025-06-30
6285,e0255b68-7228-4518-9002-92041d446d5b,quarterly_net_income_attributable_to_common,2025-03-31
6285,e0255b68-7228-4518-9002-92041d446d5b,quarterly_net_income_attributable_to_common,2024-12-31
6285,e0255b68-7228-4518-9002-92041d446d5b,quarterly_net_income_attributable_to_common,2024-09-30
6285,e0255b68-7228-4518-9002-92041d446d5b,quarterly_diluted_eps,2026-06-30
6285,e0255b68-7228-4518-9002-92041d446d5b,quarterly_diluted_eps,2026-03-31
6285,e0255b68-7228-4518-9002-92041d446d5b,quarterly_diluted_eps,2025-12-31
6285,e0255b68-7228-4518-9002-92041d446d5b,quarterly_diluted_eps,2025-09-30
6285,e0255b68-7228-4518-9002-92041d446d5b,quarterly_diluted_eps,2025-06-30
6285,e0255b68-7228-4518-9002-92041d446d5b,quarterly_diluted_eps,2025-03-31
6285,e0255b68-7228-4518-9002-92041d446d5b,quarterly_diluted_eps,2024-12-31
6285,e0255b68-7228-4518-9002-92041d446d5b,quarterly_diluted_eps,2024-09-30
6285,e0255b68-7228-4518-9002-92041d446d5b,diluted_weighted_average_shares,2026-06-30
6285,e0255b68-7228-4518-9002-92041d446d5b,diluted_weighted_average_shares,2026-03-31
6285,e0255b68-7228-4518-9002-92041d446d5b,diluted_weighted_average_shares,2025-12-31
6285,e0255b68-7228-4518-9002-92041d446d5b,diluted_weighted_average_shares,2025-09-30
6285,e0255b68-7228-4518-9002-92041d446d5b,diluted_weighted_average_shares,2025-06-30
6285,e0255b68-7228-4518-9002-92041d446d5b,diluted_weighted_average_shares,2025-03-31
6285,e0255b68-7228-4518-9002-92041d446d5b,diluted_weighted_average_shares,2024-12-31
6285,e0255b68-7228-4518-9002-92041d446d5b,diluted_weighted_average_shares,2024-09-30
6415,2646836d-622c-466d-9fe5-158ec93bf19c,quarterly_revenue,2026-06-30
6415,2646836d-622c-466d-9fe5-158ec93bf19c,quarterly_revenue,2026-03-31
6415,2646836d-622c-466d-9fe5-158ec93bf19c,quarterly_revenue,2025-12-31
6415,2646836d-622c-466d-9fe5-158ec93bf19c,quarterly_revenue,2025-09-30
6415,2646836d-622c-466d-9fe5-158ec93bf19c,quarterly_revenue,2025-06-30
6415,2646836d-622c-466d-9fe5-158ec93bf19c,quarterly_revenue,2025-03-31
6415,2646836d-622c-466d-9fe5-158ec93bf19c,quarterly_revenue,2024-12-31
6415,2646836d-622c-466d-9fe5-158ec93bf19c,quarterly_revenue,2024-09-30
6415,2646836d-622c-466d-9fe5-158ec93bf19c,quarterly_gross_profit,2026-06-30
6415,2646836d-622c-466d-9fe5-158ec93bf19c,quarterly_gross_profit,2026-03-31
6415,2646836d-622c-466d-9fe5-158ec93bf19c,quarterly_gross_profit,2025-12-31
6415,2646836d-622c-466d-9fe5-158ec93bf19c,quarterly_gross_profit,2025-09-30
6415,2646836d-622c-466d-9fe5-158ec93bf19c,quarterly_gross_profit,2025-06-30
6415,2646836d-622c-466d-9fe5-158ec93bf19c,quarterly_gross_profit,2025-03-31
6415,2646836d-622c-466d-9fe5-158ec93bf19c,quarterly_gross_profit,2024-12-31
6415,2646836d-622c-466d-9fe5-158ec93bf19c,quarterly_gross_profit,2024-09-30
6415,2646836d-622c-466d-9fe5-158ec93bf19c,quarterly_operating_income,2026-06-30
6415,2646836d-622c-466d-9fe5-158ec93bf19c,quarterly_operating_income,2026-03-31
6415,2646836d-622c-466d-9fe5-158ec93bf19c,quarterly_operating_income,2025-12-31
6415,2646836d-622c-466d-9fe5-158ec93bf19c,quarterly_operating_income,2025-09-30
6415,2646836d-622c-466d-9fe5-158ec93bf19c,quarterly_operating_income,2025-06-30
6415,2646836d-622c-466d-9fe5-158ec93bf19c,quarterly_operating_income,2025-03-31
6415,2646836d-622c-466d-9fe5-158ec93bf19c,quarterly_operating_income,2024-12-31
6415,2646836d-622c-466d-9fe5-158ec93bf19c,quarterly_operating_income,2024-09-30
6415,2646836d-622c-466d-9fe5-158ec93bf19c,quarterly_net_income_attributable_to_common,2026-06-30
6415,2646836d-622c-466d-9fe5-158ec93bf19c,quarterly_net_income_attributable_to_common,2026-03-31
6415,2646836d-622c-466d-9fe5-158ec93bf19c,quarterly_net_income_attributable_to_common,2025-12-31
6415,2646836d-622c-466d-9fe5-158ec93bf19c,quarterly_net_income_attributable_to_common,2025-09-30
6415,2646836d-622c-466d-9fe5-158ec93bf19c,quarterly_net_income_attributable_to_common,2025-06-30
6415,2646836d-622c-466d-9fe5-158ec93bf19c,quarterly_net_income_attributable_to_common,2025-03-31
6415,2646836d-622c-466d-9fe5-158ec93bf19c,quarterly_net_income_attributable_to_common,2024-12-31
6415,2646836d-622c-466d-9fe5-158ec93bf19c,quarterly_net_income_attributable_to_common,2024-09-30
6415,2646836d-622c-466d-9fe5-158ec93bf19c,quarterly_diluted_eps,2026-06-30
6415,2646836d-622c-466d-9fe5-158ec93bf19c,quarterly_diluted_eps,2026-03-31
6415,2646836d-622c-466d-9fe5-158ec93bf19c,quarterly_diluted_eps,2025-12-31
6415,2646836d-622c-466d-9fe5-158ec93bf19c,quarterly_diluted_eps,2025-09-30
6415,2646836d-622c-466d-9fe5-158ec93bf19c,quarterly_diluted_eps,2025-06-30
6415,2646836d-622c-466d-9fe5-158ec93bf19c,quarterly_diluted_eps,2025-03-31
6415,2646836d-622c-466d-9fe5-158ec93bf19c,quarterly_diluted_eps,2024-12-31
6415,2646836d-622c-466d-9fe5-158ec93bf19c,quarterly_diluted_eps,2024-09-30
6415,2646836d-622c-466d-9fe5-158ec93bf19c,diluted_weighted_average_shares,2026-06-30
6415,2646836d-622c-466d-9fe5-158ec93bf19c,diluted_weighted_average_shares,2026-03-31
6415,2646836d-622c-466d-9fe5-158ec93bf19c,diluted_weighted_average_shares,2025-12-31
6415,2646836d-622c-466d-9fe5-158ec93bf19c,diluted_weighted_average_shares,2025-09-30
6415,2646836d-622c-466d-9fe5-158ec93bf19c,diluted_weighted_average_shares,2025-06-30
6415,2646836d-622c-466d-9fe5-158ec93bf19c,diluted_weighted_average_shares,2025-03-31
6415,2646836d-622c-466d-9fe5-158ec93bf19c,diluted_weighted_average_shares,2024-12-31
6415,2646836d-622c-466d-9fe5-158ec93bf19c,diluted_weighted_average_shares,2024-09-30
6426,ae9d40ec-cd58-45ac-96fa-76bafe7bcc90,quarterly_revenue,2026-06-30
6426,ae9d40ec-cd58-45ac-96fa-76bafe7bcc90,quarterly_revenue,2026-03-31
6426,ae9d40ec-cd58-45ac-96fa-76bafe7bcc90,quarterly_revenue,2025-12-31
6426,ae9d40ec-cd58-45ac-96fa-76bafe7bcc90,quarterly_revenue,2025-09-30
6426,ae9d40ec-cd58-45ac-96fa-76bafe7bcc90,quarterly_revenue,2025-06-30
6426,ae9d40ec-cd58-45ac-96fa-76bafe7bcc90,quarterly_revenue,2025-03-31
6426,ae9d40ec-cd58-45ac-96fa-76bafe7bcc90,quarterly_revenue,2024-12-31
6426,ae9d40ec-cd58-45ac-96fa-76bafe7bcc90,quarterly_revenue,2024-09-30
6426,ae9d40ec-cd58-45ac-96fa-76bafe7bcc90,quarterly_gross_profit,2026-06-30
6426,ae9d40ec-cd58-45ac-96fa-76bafe7bcc90,quarterly_gross_profit,2026-03-31
6426,ae9d40ec-cd58-45ac-96fa-76bafe7bcc90,quarterly_gross_profit,2025-12-31
6426,ae9d40ec-cd58-45ac-96fa-76bafe7bcc90,quarterly_gross_profit,2025-09-30
6426,ae9d40ec-cd58-45ac-96fa-76bafe7bcc90,quarterly_gross_profit,2025-06-30
6426,ae9d40ec-cd58-45ac-96fa-76bafe7bcc90,quarterly_gross_profit,2025-03-31
6426,ae9d40ec-cd58-45ac-96fa-76bafe7bcc90,quarterly_gross_profit,2024-12-31
6426,ae9d40ec-cd58-45ac-96fa-76bafe7bcc90,quarterly_gross_profit,2024-09-30
6426,ae9d40ec-cd58-45ac-96fa-76bafe7bcc90,quarterly_operating_income,2026-06-30
6426,ae9d40ec-cd58-45ac-96fa-76bafe7bcc90,quarterly_operating_income,2026-03-31
6426,ae9d40ec-cd58-45ac-96fa-76bafe7bcc90,quarterly_operating_income,2025-12-31
6426,ae9d40ec-cd58-45ac-96fa-76bafe7bcc90,quarterly_operating_income,2025-09-30
6426,ae9d40ec-cd58-45ac-96fa-76bafe7bcc90,quarterly_operating_income,2025-06-30
6426,ae9d40ec-cd58-45ac-96fa-76bafe7bcc90,quarterly_operating_income,2025-03-31
6426,ae9d40ec-cd58-45ac-96fa-76bafe7bcc90,quarterly_operating_income,2024-12-31
6426,ae9d40ec-cd58-45ac-96fa-76bafe7bcc90,quarterly_operating_income,2024-09-30
6426,ae9d40ec-cd58-45ac-96fa-76bafe7bcc90,quarterly_net_income_attributable_to_common,2026-06-30
6426,ae9d40ec-cd58-45ac-96fa-76bafe7bcc90,quarterly_net_income_attributable_to_common,2026-03-31
6426,ae9d40ec-cd58-45ac-96fa-76bafe7bcc90,quarterly_net_income_attributable_to_common,2025-12-31
6426,ae9d40ec-cd58-45ac-96fa-76bafe7bcc90,quarterly_net_income_attributable_to_common,2025-09-30
6426,ae9d40ec-cd58-45ac-96fa-76bafe7bcc90,quarterly_net_income_attributable_to_common,2025-06-30
6426,ae9d40ec-cd58-45ac-96fa-76bafe7bcc90,quarterly_net_income_attributable_to_common,2025-03-31
6426,ae9d40ec-cd58-45ac-96fa-76bafe7bcc90,quarterly_net_income_attributable_to_common,2024-12-31
6426,ae9d40ec-cd58-45ac-96fa-76bafe7bcc90,quarterly_net_income_attributable_to_common,2024-09-30
6426,ae9d40ec-cd58-45ac-96fa-76bafe7bcc90,quarterly_diluted_eps,2026-06-30
6426,ae9d40ec-cd58-45ac-96fa-76bafe7bcc90,quarterly_diluted_eps,2026-03-31
6426,ae9d40ec-cd58-45ac-96fa-76bafe7bcc90,quarterly_diluted_eps,2025-12-31
6426,ae9d40ec-cd58-45ac-96fa-76bafe7bcc90,quarterly_diluted_eps,2025-09-30
6426,ae9d40ec-cd58-45ac-96fa-76bafe7bcc90,quarterly_diluted_eps,2025-06-30
6426,ae9d40ec-cd58-45ac-96fa-76bafe7bcc90,quarterly_diluted_eps,2025-03-31
6426,ae9d40ec-cd58-45ac-96fa-76bafe7bcc90,quarterly_diluted_eps,2024-12-31
6426,ae9d40ec-cd58-45ac-96fa-76bafe7bcc90,quarterly_diluted_eps,2024-09-30
6426,ae9d40ec-cd58-45ac-96fa-76bafe7bcc90,diluted_weighted_average_shares,2026-06-30
6426,ae9d40ec-cd58-45ac-96fa-76bafe7bcc90,diluted_weighted_average_shares,2026-03-31
6426,ae9d40ec-cd58-45ac-96fa-76bafe7bcc90,diluted_weighted_average_shares,2025-12-31
6426,ae9d40ec-cd58-45ac-96fa-76bafe7bcc90,diluted_weighted_average_shares,2025-09-30
6426,ae9d40ec-cd58-45ac-96fa-76bafe7bcc90,diluted_weighted_average_shares,2025-06-30
6426,ae9d40ec-cd58-45ac-96fa-76bafe7bcc90,diluted_weighted_average_shares,2025-03-31
6426,ae9d40ec-cd58-45ac-96fa-76bafe7bcc90,diluted_weighted_average_shares,2024-12-31
6426,ae9d40ec-cd58-45ac-96fa-76bafe7bcc90,diluted_weighted_average_shares,2024-09-30
6446,9ab47a41-07bc-4b90-b0a9-6400d018b6b1,quarterly_revenue,2026-06-30
6446,9ab47a41-07bc-4b90-b0a9-6400d018b6b1,quarterly_revenue,2026-03-31
6446,9ab47a41-07bc-4b90-b0a9-6400d018b6b1,quarterly_revenue,2025-12-31
6446,9ab47a41-07bc-4b90-b0a9-6400d018b6b1,quarterly_revenue,2025-09-30
6446,9ab47a41-07bc-4b90-b0a9-6400d018b6b1,quarterly_revenue,2025-06-30
6446,9ab47a41-07bc-4b90-b0a9-6400d018b6b1,quarterly_revenue,2025-03-31
6446,9ab47a41-07bc-4b90-b0a9-6400d018b6b1,quarterly_revenue,2024-12-31
6446,9ab47a41-07bc-4b90-b0a9-6400d018b6b1,quarterly_revenue,2024-09-30
6446,9ab47a41-07bc-4b90-b0a9-6400d018b6b1,quarterly_gross_profit,2026-06-30
6446,9ab47a41-07bc-4b90-b0a9-6400d018b6b1,quarterly_gross_profit,2026-03-31
6446,9ab47a41-07bc-4b90-b0a9-6400d018b6b1,quarterly_gross_profit,2025-12-31
6446,9ab47a41-07bc-4b90-b0a9-6400d018b6b1,quarterly_gross_profit,2025-09-30
6446,9ab47a41-07bc-4b90-b0a9-6400d018b6b1,quarterly_gross_profit,2025-06-30
6446,9ab47a41-07bc-4b90-b0a9-6400d018b6b1,quarterly_gross_profit,2025-03-31
6446,9ab47a41-07bc-4b90-b0a9-6400d018b6b1,quarterly_gross_profit,2024-12-31
6446,9ab47a41-07bc-4b90-b0a9-6400d018b6b1,quarterly_gross_profit,2024-09-30
6446,9ab47a41-07bc-4b90-b0a9-6400d018b6b1,quarterly_operating_income,2026-06-30
6446,9ab47a41-07bc-4b90-b0a9-6400d018b6b1,quarterly_operating_income,2026-03-31
6446,9ab47a41-07bc-4b90-b0a9-6400d018b6b1,quarterly_operating_income,2025-12-31
6446,9ab47a41-07bc-4b90-b0a9-6400d018b6b1,quarterly_operating_income,2025-09-30
6446,9ab47a41-07bc-4b90-b0a9-6400d018b6b1,quarterly_operating_income,2025-06-30
6446,9ab47a41-07bc-4b90-b0a9-6400d018b6b1,quarterly_operating_income,2025-03-31
6446,9ab47a41-07bc-4b90-b0a9-6400d018b6b1,quarterly_operating_income,2024-12-31
6446,9ab47a41-07bc-4b90-b0a9-6400d018b6b1,quarterly_operating_income,2024-09-30
6446,9ab47a41-07bc-4b90-b0a9-6400d018b6b1,quarterly_net_income_attributable_to_common,2026-06-30
6446,9ab47a41-07bc-4b90-b0a9-6400d018b6b1,quarterly_net_income_attributable_to_common,2026-03-31
6446,9ab47a41-07bc-4b90-b0a9-6400d018b6b1,quarterly_net_income_attributable_to_common,2025-12-31
6446,9ab47a41-07bc-4b90-b0a9-6400d018b6b1,quarterly_net_income_attributable_to_common,2025-09-30
6446,9ab47a41-07bc-4b90-b0a9-6400d018b6b1,quarterly_net_income_attributable_to_common,2025-06-30
6446,9ab47a41-07bc-4b90-b0a9-6400d018b6b1,quarterly_net_income_attributable_to_common,2025-03-31
6446,9ab47a41-07bc-4b90-b0a9-6400d018b6b1,quarterly_net_income_attributable_to_common,2024-12-31
6446,9ab47a41-07bc-4b90-b0a9-6400d018b6b1,quarterly_net_income_attributable_to_common,2024-09-30
6446,9ab47a41-07bc-4b90-b0a9-6400d018b6b1,quarterly_diluted_eps,2026-06-30
6446,9ab47a41-07bc-4b90-b0a9-6400d018b6b1,quarterly_diluted_eps,2026-03-31
6446,9ab47a41-07bc-4b90-b0a9-6400d018b6b1,quarterly_diluted_eps,2025-12-31
6446,9ab47a41-07bc-4b90-b0a9-6400d018b6b1,quarterly_diluted_eps,2025-09-30
6446,9ab47a41-07bc-4b90-b0a9-6400d018b6b1,quarterly_diluted_eps,2025-06-30
6446,9ab47a41-07bc-4b90-b0a9-6400d018b6b1,quarterly_diluted_eps,2025-03-31
6446,9ab47a41-07bc-4b90-b0a9-6400d018b6b1,quarterly_diluted_eps,2024-12-31
6446,9ab47a41-07bc-4b90-b0a9-6400d018b6b1,quarterly_diluted_eps,2024-09-30
6446,9ab47a41-07bc-4b90-b0a9-6400d018b6b1,diluted_weighted_average_shares,2026-06-30
6446,9ab47a41-07bc-4b90-b0a9-6400d018b6b1,diluted_weighted_average_shares,2026-03-31
6446,9ab47a41-07bc-4b90-b0a9-6400d018b6b1,diluted_weighted_average_shares,2025-12-31
6446,9ab47a41-07bc-4b90-b0a9-6400d018b6b1,diluted_weighted_average_shares,2025-09-30
6446,9ab47a41-07bc-4b90-b0a9-6400d018b6b1,diluted_weighted_average_shares,2025-06-30
6446,9ab47a41-07bc-4b90-b0a9-6400d018b6b1,diluted_weighted_average_shares,2025-03-31
6446,9ab47a41-07bc-4b90-b0a9-6400d018b6b1,diluted_weighted_average_shares,2024-12-31
6446,9ab47a41-07bc-4b90-b0a9-6400d018b6b1,diluted_weighted_average_shares,2024-09-30
6488,c84f458d-22e4-4e84-95e2-19750312dd8f,quarterly_revenue,2026-06-30
6488,c84f458d-22e4-4e84-95e2-19750312dd8f,quarterly_revenue,2026-03-31
6488,c84f458d-22e4-4e84-95e2-19750312dd8f,quarterly_revenue,2025-12-31
6488,c84f458d-22e4-4e84-95e2-19750312dd8f,quarterly_revenue,2025-09-30
6488,c84f458d-22e4-4e84-95e2-19750312dd8f,quarterly_revenue,2025-06-30
6488,c84f458d-22e4-4e84-95e2-19750312dd8f,quarterly_revenue,2025-03-31
6488,c84f458d-22e4-4e84-95e2-19750312dd8f,quarterly_revenue,2024-12-31
6488,c84f458d-22e4-4e84-95e2-19750312dd8f,quarterly_revenue,2024-09-30
6488,c84f458d-22e4-4e84-95e2-19750312dd8f,quarterly_gross_profit,2026-06-30
6488,c84f458d-22e4-4e84-95e2-19750312dd8f,quarterly_gross_profit,2026-03-31
6488,c84f458d-22e4-4e84-95e2-19750312dd8f,quarterly_gross_profit,2025-12-31
6488,c84f458d-22e4-4e84-95e2-19750312dd8f,quarterly_gross_profit,2025-09-30
6488,c84f458d-22e4-4e84-95e2-19750312dd8f,quarterly_gross_profit,2025-06-30
6488,c84f458d-22e4-4e84-95e2-19750312dd8f,quarterly_gross_profit,2025-03-31
6488,c84f458d-22e4-4e84-95e2-19750312dd8f,quarterly_gross_profit,2024-12-31
6488,c84f458d-22e4-4e84-95e2-19750312dd8f,quarterly_gross_profit,2024-09-30
6488,c84f458d-22e4-4e84-95e2-19750312dd8f,quarterly_operating_income,2026-06-30
6488,c84f458d-22e4-4e84-95e2-19750312dd8f,quarterly_operating_income,2026-03-31
6488,c84f458d-22e4-4e84-95e2-19750312dd8f,quarterly_operating_income,2025-12-31
6488,c84f458d-22e4-4e84-95e2-19750312dd8f,quarterly_operating_income,2025-09-30
6488,c84f458d-22e4-4e84-95e2-19750312dd8f,quarterly_operating_income,2025-06-30
6488,c84f458d-22e4-4e84-95e2-19750312dd8f,quarterly_operating_income,2025-03-31
6488,c84f458d-22e4-4e84-95e2-19750312dd8f,quarterly_operating_income,2024-12-31
6488,c84f458d-22e4-4e84-95e2-19750312dd8f,quarterly_operating_income,2024-09-30
6488,c84f458d-22e4-4e84-95e2-19750312dd8f,quarterly_net_income_attributable_to_common,2026-06-30
6488,c84f458d-22e4-4e84-95e2-19750312dd8f,quarterly_net_income_attributable_to_common,2026-03-31
6488,c84f458d-22e4-4e84-95e2-19750312dd8f,quarterly_net_income_attributable_to_common,2025-12-31
6488,c84f458d-22e4-4e84-95e2-19750312dd8f,quarterly_net_income_attributable_to_common,2025-09-30
6488,c84f458d-22e4-4e84-95e2-19750312dd8f,quarterly_net_income_attributable_to_common,2025-06-30
6488,c84f458d-22e4-4e84-95e2-19750312dd8f,quarterly_net_income_attributable_to_common,2025-03-31
6488,c84f458d-22e4-4e84-95e2-19750312dd8f,quarterly_net_income_attributable_to_common,2024-12-31
6488,c84f458d-22e4-4e84-95e2-19750312dd8f,quarterly_net_income_attributable_to_common,2024-09-30
6488,c84f458d-22e4-4e84-95e2-19750312dd8f,quarterly_diluted_eps,2026-06-30
6488,c84f458d-22e4-4e84-95e2-19750312dd8f,quarterly_diluted_eps,2026-03-31
6488,c84f458d-22e4-4e84-95e2-19750312dd8f,quarterly_diluted_eps,2025-12-31
6488,c84f458d-22e4-4e84-95e2-19750312dd8f,quarterly_diluted_eps,2025-09-30
6488,c84f458d-22e4-4e84-95e2-19750312dd8f,quarterly_diluted_eps,2025-06-30
6488,c84f458d-22e4-4e84-95e2-19750312dd8f,quarterly_diluted_eps,2025-03-31
6488,c84f458d-22e4-4e84-95e2-19750312dd8f,quarterly_diluted_eps,2024-12-31
6488,c84f458d-22e4-4e84-95e2-19750312dd8f,quarterly_diluted_eps,2024-09-30
6488,c84f458d-22e4-4e84-95e2-19750312dd8f,diluted_weighted_average_shares,2026-06-30
6488,c84f458d-22e4-4e84-95e2-19750312dd8f,diluted_weighted_average_shares,2026-03-31
6488,c84f458d-22e4-4e84-95e2-19750312dd8f,diluted_weighted_average_shares,2025-12-31
6488,c84f458d-22e4-4e84-95e2-19750312dd8f,diluted_weighted_average_shares,2025-09-30
6488,c84f458d-22e4-4e84-95e2-19750312dd8f,diluted_weighted_average_shares,2025-06-30
6488,c84f458d-22e4-4e84-95e2-19750312dd8f,diluted_weighted_average_shares,2025-03-31
6488,c84f458d-22e4-4e84-95e2-19750312dd8f,diluted_weighted_average_shares,2024-12-31
6488,c84f458d-22e4-4e84-95e2-19750312dd8f,diluted_weighted_average_shares,2024-09-30
6499,d0631ffb-81de-428c-a8c9-7095b1f0f838,quarterly_revenue,2026-06-30
6499,d0631ffb-81de-428c-a8c9-7095b1f0f838,quarterly_revenue,2026-03-31
6499,d0631ffb-81de-428c-a8c9-7095b1f0f838,quarterly_revenue,2025-12-31
6499,d0631ffb-81de-428c-a8c9-7095b1f0f838,quarterly_revenue,2025-09-30
6499,d0631ffb-81de-428c-a8c9-7095b1f0f838,quarterly_revenue,2025-06-30
6499,d0631ffb-81de-428c-a8c9-7095b1f0f838,quarterly_revenue,2025-03-31
6499,d0631ffb-81de-428c-a8c9-7095b1f0f838,quarterly_revenue,2024-12-31
6499,d0631ffb-81de-428c-a8c9-7095b1f0f838,quarterly_revenue,2024-09-30
6499,d0631ffb-81de-428c-a8c9-7095b1f0f838,quarterly_gross_profit,2026-06-30
6499,d0631ffb-81de-428c-a8c9-7095b1f0f838,quarterly_gross_profit,2026-03-31
6499,d0631ffb-81de-428c-a8c9-7095b1f0f838,quarterly_gross_profit,2025-12-31
6499,d0631ffb-81de-428c-a8c9-7095b1f0f838,quarterly_gross_profit,2025-09-30
6499,d0631ffb-81de-428c-a8c9-7095b1f0f838,quarterly_gross_profit,2025-06-30
6499,d0631ffb-81de-428c-a8c9-7095b1f0f838,quarterly_gross_profit,2025-03-31
6499,d0631ffb-81de-428c-a8c9-7095b1f0f838,quarterly_gross_profit,2024-12-31
6499,d0631ffb-81de-428c-a8c9-7095b1f0f838,quarterly_gross_profit,2024-09-30
6499,d0631ffb-81de-428c-a8c9-7095b1f0f838,quarterly_operating_income,2026-06-30
6499,d0631ffb-81de-428c-a8c9-7095b1f0f838,quarterly_operating_income,2026-03-31
6499,d0631ffb-81de-428c-a8c9-7095b1f0f838,quarterly_operating_income,2025-12-31
6499,d0631ffb-81de-428c-a8c9-7095b1f0f838,quarterly_operating_income,2025-09-30
6499,d0631ffb-81de-428c-a8c9-7095b1f0f838,quarterly_operating_income,2025-06-30
6499,d0631ffb-81de-428c-a8c9-7095b1f0f838,quarterly_operating_income,2025-03-31
6499,d0631ffb-81de-428c-a8c9-7095b1f0f838,quarterly_operating_income,2024-12-31
6499,d0631ffb-81de-428c-a8c9-7095b1f0f838,quarterly_operating_income,2024-09-30
6499,d0631ffb-81de-428c-a8c9-7095b1f0f838,quarterly_net_income_attributable_to_common,2026-06-30
6499,d0631ffb-81de-428c-a8c9-7095b1f0f838,quarterly_net_income_attributable_to_common,2026-03-31
6499,d0631ffb-81de-428c-a8c9-7095b1f0f838,quarterly_net_income_attributable_to_common,2025-12-31
6499,d0631ffb-81de-428c-a8c9-7095b1f0f838,quarterly_net_income_attributable_to_common,2025-09-30
6499,d0631ffb-81de-428c-a8c9-7095b1f0f838,quarterly_net_income_attributable_to_common,2025-06-30
6499,d0631ffb-81de-428c-a8c9-7095b1f0f838,quarterly_net_income_attributable_to_common,2025-03-31
6499,d0631ffb-81de-428c-a8c9-7095b1f0f838,quarterly_net_income_attributable_to_common,2024-12-31
6499,d0631ffb-81de-428c-a8c9-7095b1f0f838,quarterly_net_income_attributable_to_common,2024-09-30
6499,d0631ffb-81de-428c-a8c9-7095b1f0f838,quarterly_diluted_eps,2026-06-30
6499,d0631ffb-81de-428c-a8c9-7095b1f0f838,quarterly_diluted_eps,2026-03-31
6499,d0631ffb-81de-428c-a8c9-7095b1f0f838,quarterly_diluted_eps,2025-12-31
6499,d0631ffb-81de-428c-a8c9-7095b1f0f838,quarterly_diluted_eps,2025-09-30
6499,d0631ffb-81de-428c-a8c9-7095b1f0f838,quarterly_diluted_eps,2025-06-30
6499,d0631ffb-81de-428c-a8c9-7095b1f0f838,quarterly_diluted_eps,2025-03-31
6499,d0631ffb-81de-428c-a8c9-7095b1f0f838,quarterly_diluted_eps,2024-12-31
6499,d0631ffb-81de-428c-a8c9-7095b1f0f838,quarterly_diluted_eps,2024-09-30
6499,d0631ffb-81de-428c-a8c9-7095b1f0f838,diluted_weighted_average_shares,2026-06-30
6499,d0631ffb-81de-428c-a8c9-7095b1f0f838,diluted_weighted_average_shares,2026-03-31
6499,d0631ffb-81de-428c-a8c9-7095b1f0f838,diluted_weighted_average_shares,2025-12-31
6499,d0631ffb-81de-428c-a8c9-7095b1f0f838,diluted_weighted_average_shares,2025-09-30
6499,d0631ffb-81de-428c-a8c9-7095b1f0f838,diluted_weighted_average_shares,2025-06-30
6499,d0631ffb-81de-428c-a8c9-7095b1f0f838,diluted_weighted_average_shares,2025-03-31
6499,d0631ffb-81de-428c-a8c9-7095b1f0f838,diluted_weighted_average_shares,2024-12-31
6499,d0631ffb-81de-428c-a8c9-7095b1f0f838,diluted_weighted_average_shares,2024-09-30
6505,81bb2592-ee5d-45d1-bb24-a5c64235bc6d,quarterly_revenue,2026-06-30
6505,81bb2592-ee5d-45d1-bb24-a5c64235bc6d,quarterly_revenue,2026-03-31
6505,81bb2592-ee5d-45d1-bb24-a5c64235bc6d,quarterly_revenue,2025-12-31
6505,81bb2592-ee5d-45d1-bb24-a5c64235bc6d,quarterly_revenue,2025-09-30
6505,81bb2592-ee5d-45d1-bb24-a5c64235bc6d,quarterly_revenue,2025-06-30
6505,81bb2592-ee5d-45d1-bb24-a5c64235bc6d,quarterly_revenue,2025-03-31
6505,81bb2592-ee5d-45d1-bb24-a5c64235bc6d,quarterly_revenue,2024-12-31
6505,81bb2592-ee5d-45d1-bb24-a5c64235bc6d,quarterly_revenue,2024-09-30
6505,81bb2592-ee5d-45d1-bb24-a5c64235bc6d,quarterly_gross_profit,2026-06-30
6505,81bb2592-ee5d-45d1-bb24-a5c64235bc6d,quarterly_gross_profit,2026-03-31
6505,81bb2592-ee5d-45d1-bb24-a5c64235bc6d,quarterly_gross_profit,2025-12-31
6505,81bb2592-ee5d-45d1-bb24-a5c64235bc6d,quarterly_gross_profit,2025-09-30
6505,81bb2592-ee5d-45d1-bb24-a5c64235bc6d,quarterly_gross_profit,2025-06-30
6505,81bb2592-ee5d-45d1-bb24-a5c64235bc6d,quarterly_gross_profit,2025-03-31
6505,81bb2592-ee5d-45d1-bb24-a5c64235bc6d,quarterly_gross_profit,2024-12-31
6505,81bb2592-ee5d-45d1-bb24-a5c64235bc6d,quarterly_gross_profit,2024-09-30
6505,81bb2592-ee5d-45d1-bb24-a5c64235bc6d,quarterly_operating_income,2026-06-30
6505,81bb2592-ee5d-45d1-bb24-a5c64235bc6d,quarterly_operating_income,2026-03-31
6505,81bb2592-ee5d-45d1-bb24-a5c64235bc6d,quarterly_operating_income,2025-12-31
6505,81bb2592-ee5d-45d1-bb24-a5c64235bc6d,quarterly_operating_income,2025-09-30
6505,81bb2592-ee5d-45d1-bb24-a5c64235bc6d,quarterly_operating_income,2025-06-30
6505,81bb2592-ee5d-45d1-bb24-a5c64235bc6d,quarterly_operating_income,2025-03-31
6505,81bb2592-ee5d-45d1-bb24-a5c64235bc6d,quarterly_operating_income,2024-12-31
6505,81bb2592-ee5d-45d1-bb24-a5c64235bc6d,quarterly_operating_income,2024-09-30
6505,81bb2592-ee5d-45d1-bb24-a5c64235bc6d,quarterly_net_income_attributable_to_common,2026-06-30
6505,81bb2592-ee5d-45d1-bb24-a5c64235bc6d,quarterly_net_income_attributable_to_common,2026-03-31
6505,81bb2592-ee5d-45d1-bb24-a5c64235bc6d,quarterly_net_income_attributable_to_common,2025-12-31
6505,81bb2592-ee5d-45d1-bb24-a5c64235bc6d,quarterly_net_income_attributable_to_common,2025-09-30
6505,81bb2592-ee5d-45d1-bb24-a5c64235bc6d,quarterly_net_income_attributable_to_common,2025-06-30
6505,81bb2592-ee5d-45d1-bb24-a5c64235bc6d,quarterly_net_income_attributable_to_common,2025-03-31
6505,81bb2592-ee5d-45d1-bb24-a5c64235bc6d,quarterly_net_income_attributable_to_common,2024-12-31
6505,81bb2592-ee5d-45d1-bb24-a5c64235bc6d,quarterly_net_income_attributable_to_common,2024-09-30
6505,81bb2592-ee5d-45d1-bb24-a5c64235bc6d,quarterly_diluted_eps,2026-06-30
6505,81bb2592-ee5d-45d1-bb24-a5c64235bc6d,quarterly_diluted_eps,2026-03-31
6505,81bb2592-ee5d-45d1-bb24-a5c64235bc6d,quarterly_diluted_eps,2025-12-31
6505,81bb2592-ee5d-45d1-bb24-a5c64235bc6d,quarterly_diluted_eps,2025-09-30
6505,81bb2592-ee5d-45d1-bb24-a5c64235bc6d,quarterly_diluted_eps,2025-06-30
6505,81bb2592-ee5d-45d1-bb24-a5c64235bc6d,quarterly_diluted_eps,2025-03-31
6505,81bb2592-ee5d-45d1-bb24-a5c64235bc6d,quarterly_diluted_eps,2024-12-31
6505,81bb2592-ee5d-45d1-bb24-a5c64235bc6d,quarterly_diluted_eps,2024-09-30
6505,81bb2592-ee5d-45d1-bb24-a5c64235bc6d,diluted_weighted_average_shares,2026-06-30
6505,81bb2592-ee5d-45d1-bb24-a5c64235bc6d,diluted_weighted_average_shares,2026-03-31
6505,81bb2592-ee5d-45d1-bb24-a5c64235bc6d,diluted_weighted_average_shares,2025-12-31
6505,81bb2592-ee5d-45d1-bb24-a5c64235bc6d,diluted_weighted_average_shares,2025-09-30
6505,81bb2592-ee5d-45d1-bb24-a5c64235bc6d,diluted_weighted_average_shares,2025-06-30
6505,81bb2592-ee5d-45d1-bb24-a5c64235bc6d,diluted_weighted_average_shares,2025-03-31
6505,81bb2592-ee5d-45d1-bb24-a5c64235bc6d,diluted_weighted_average_shares,2024-12-31
6505,81bb2592-ee5d-45d1-bb24-a5c64235bc6d,diluted_weighted_average_shares,2024-09-30
6510,63620be1-c28d-4bd9-b44b-da36bf8fd95c,quarterly_revenue,2026-06-30
6510,63620be1-c28d-4bd9-b44b-da36bf8fd95c,quarterly_revenue,2026-03-31
6510,63620be1-c28d-4bd9-b44b-da36bf8fd95c,quarterly_revenue,2025-12-31
6510,63620be1-c28d-4bd9-b44b-da36bf8fd95c,quarterly_revenue,2025-09-30
6510,63620be1-c28d-4bd9-b44b-da36bf8fd95c,quarterly_revenue,2025-06-30
6510,63620be1-c28d-4bd9-b44b-da36bf8fd95c,quarterly_revenue,2025-03-31
6510,63620be1-c28d-4bd9-b44b-da36bf8fd95c,quarterly_revenue,2024-12-31
6510,63620be1-c28d-4bd9-b44b-da36bf8fd95c,quarterly_revenue,2024-09-30
6510,63620be1-c28d-4bd9-b44b-da36bf8fd95c,quarterly_gross_profit,2026-06-30
6510,63620be1-c28d-4bd9-b44b-da36bf8fd95c,quarterly_gross_profit,2026-03-31
6510,63620be1-c28d-4bd9-b44b-da36bf8fd95c,quarterly_gross_profit,2025-12-31
6510,63620be1-c28d-4bd9-b44b-da36bf8fd95c,quarterly_gross_profit,2025-09-30
6510,63620be1-c28d-4bd9-b44b-da36bf8fd95c,quarterly_gross_profit,2025-06-30
6510,63620be1-c28d-4bd9-b44b-da36bf8fd95c,quarterly_gross_profit,2025-03-31
6510,63620be1-c28d-4bd9-b44b-da36bf8fd95c,quarterly_gross_profit,2024-12-31
6510,63620be1-c28d-4bd9-b44b-da36bf8fd95c,quarterly_gross_profit,2024-09-30
6510,63620be1-c28d-4bd9-b44b-da36bf8fd95c,quarterly_operating_income,2026-06-30
6510,63620be1-c28d-4bd9-b44b-da36bf8fd95c,quarterly_operating_income,2026-03-31
6510,63620be1-c28d-4bd9-b44b-da36bf8fd95c,quarterly_operating_income,2025-12-31
6510,63620be1-c28d-4bd9-b44b-da36bf8fd95c,quarterly_operating_income,2025-09-30
6510,63620be1-c28d-4bd9-b44b-da36bf8fd95c,quarterly_operating_income,2025-06-30
6510,63620be1-c28d-4bd9-b44b-da36bf8fd95c,quarterly_operating_income,2025-03-31
6510,63620be1-c28d-4bd9-b44b-da36bf8fd95c,quarterly_operating_income,2024-12-31
6510,63620be1-c28d-4bd9-b44b-da36bf8fd95c,quarterly_operating_income,2024-09-30
6510,63620be1-c28d-4bd9-b44b-da36bf8fd95c,quarterly_net_income_attributable_to_common,2026-06-30
6510,63620be1-c28d-4bd9-b44b-da36bf8fd95c,quarterly_net_income_attributable_to_common,2026-03-31
6510,63620be1-c28d-4bd9-b44b-da36bf8fd95c,quarterly_net_income_attributable_to_common,2025-12-31
6510,63620be1-c28d-4bd9-b44b-da36bf8fd95c,quarterly_net_income_attributable_to_common,2025-09-30
6510,63620be1-c28d-4bd9-b44b-da36bf8fd95c,quarterly_net_income_attributable_to_common,2025-06-30
6510,63620be1-c28d-4bd9-b44b-da36bf8fd95c,quarterly_net_income_attributable_to_common,2025-03-31
6510,63620be1-c28d-4bd9-b44b-da36bf8fd95c,quarterly_net_income_attributable_to_common,2024-12-31
6510,63620be1-c28d-4bd9-b44b-da36bf8fd95c,quarterly_net_income_attributable_to_common,2024-09-30
6510,63620be1-c28d-4bd9-b44b-da36bf8fd95c,quarterly_diluted_eps,2026-06-30
6510,63620be1-c28d-4bd9-b44b-da36bf8fd95c,quarterly_diluted_eps,2026-03-31
6510,63620be1-c28d-4bd9-b44b-da36bf8fd95c,quarterly_diluted_eps,2025-12-31
6510,63620be1-c28d-4bd9-b44b-da36bf8fd95c,quarterly_diluted_eps,2025-09-30
6510,63620be1-c28d-4bd9-b44b-da36bf8fd95c,quarterly_diluted_eps,2025-06-30
6510,63620be1-c28d-4bd9-b44b-da36bf8fd95c,quarterly_diluted_eps,2025-03-31
6510,63620be1-c28d-4bd9-b44b-da36bf8fd95c,quarterly_diluted_eps,2024-12-31
6510,63620be1-c28d-4bd9-b44b-da36bf8fd95c,quarterly_diluted_eps,2024-09-30
6510,63620be1-c28d-4bd9-b44b-da36bf8fd95c,diluted_weighted_average_shares,2026-06-30
6510,63620be1-c28d-4bd9-b44b-da36bf8fd95c,diluted_weighted_average_shares,2026-03-31
6510,63620be1-c28d-4bd9-b44b-da36bf8fd95c,diluted_weighted_average_shares,2025-12-31
6510,63620be1-c28d-4bd9-b44b-da36bf8fd95c,diluted_weighted_average_shares,2025-09-30
6510,63620be1-c28d-4bd9-b44b-da36bf8fd95c,diluted_weighted_average_shares,2025-06-30
6510,63620be1-c28d-4bd9-b44b-da36bf8fd95c,diluted_weighted_average_shares,2025-03-31
6510,63620be1-c28d-4bd9-b44b-da36bf8fd95c,diluted_weighted_average_shares,2024-12-31
6510,63620be1-c28d-4bd9-b44b-da36bf8fd95c,diluted_weighted_average_shares,2024-09-30
6515,79e5d9ad-cd16-4a9f-ad33-5c023a5d4bdc,quarterly_revenue,2026-06-30
6515,79e5d9ad-cd16-4a9f-ad33-5c023a5d4bdc,quarterly_revenue,2026-03-31
6515,79e5d9ad-cd16-4a9f-ad33-5c023a5d4bdc,quarterly_revenue,2025-12-31
6515,79e5d9ad-cd16-4a9f-ad33-5c023a5d4bdc,quarterly_revenue,2025-09-30
6515,79e5d9ad-cd16-4a9f-ad33-5c023a5d4bdc,quarterly_revenue,2025-06-30
6515,79e5d9ad-cd16-4a9f-ad33-5c023a5d4bdc,quarterly_revenue,2025-03-31
6515,79e5d9ad-cd16-4a9f-ad33-5c023a5d4bdc,quarterly_revenue,2024-12-31
6515,79e5d9ad-cd16-4a9f-ad33-5c023a5d4bdc,quarterly_revenue,2024-09-30
6515,79e5d9ad-cd16-4a9f-ad33-5c023a5d4bdc,quarterly_gross_profit,2026-06-30
6515,79e5d9ad-cd16-4a9f-ad33-5c023a5d4bdc,quarterly_gross_profit,2026-03-31
6515,79e5d9ad-cd16-4a9f-ad33-5c023a5d4bdc,quarterly_gross_profit,2025-12-31
6515,79e5d9ad-cd16-4a9f-ad33-5c023a5d4bdc,quarterly_gross_profit,2025-09-30
6515,79e5d9ad-cd16-4a9f-ad33-5c023a5d4bdc,quarterly_gross_profit,2025-06-30
6515,79e5d9ad-cd16-4a9f-ad33-5c023a5d4bdc,quarterly_gross_profit,2025-03-31
6515,79e5d9ad-cd16-4a9f-ad33-5c023a5d4bdc,quarterly_gross_profit,2024-12-31
6515,79e5d9ad-cd16-4a9f-ad33-5c023a5d4bdc,quarterly_gross_profit,2024-09-30
6515,79e5d9ad-cd16-4a9f-ad33-5c023a5d4bdc,quarterly_operating_income,2026-06-30
6515,79e5d9ad-cd16-4a9f-ad33-5c023a5d4bdc,quarterly_operating_income,2026-03-31
6515,79e5d9ad-cd16-4a9f-ad33-5c023a5d4bdc,quarterly_operating_income,2025-12-31
6515,79e5d9ad-cd16-4a9f-ad33-5c023a5d4bdc,quarterly_operating_income,2025-09-30
6515,79e5d9ad-cd16-4a9f-ad33-5c023a5d4bdc,quarterly_operating_income,2025-06-30
6515,79e5d9ad-cd16-4a9f-ad33-5c023a5d4bdc,quarterly_operating_income,2025-03-31
6515,79e5d9ad-cd16-4a9f-ad33-5c023a5d4bdc,quarterly_operating_income,2024-12-31
6515,79e5d9ad-cd16-4a9f-ad33-5c023a5d4bdc,quarterly_operating_income,2024-09-30
6515,79e5d9ad-cd16-4a9f-ad33-5c023a5d4bdc,quarterly_net_income_attributable_to_common,2026-06-30
6515,79e5d9ad-cd16-4a9f-ad33-5c023a5d4bdc,quarterly_net_income_attributable_to_common,2026-03-31
6515,79e5d9ad-cd16-4a9f-ad33-5c023a5d4bdc,quarterly_net_income_attributable_to_common,2025-12-31
6515,79e5d9ad-cd16-4a9f-ad33-5c023a5d4bdc,quarterly_net_income_attributable_to_common,2025-09-30
6515,79e5d9ad-cd16-4a9f-ad33-5c023a5d4bdc,quarterly_net_income_attributable_to_common,2025-06-30
6515,79e5d9ad-cd16-4a9f-ad33-5c023a5d4bdc,quarterly_net_income_attributable_to_common,2025-03-31
6515,79e5d9ad-cd16-4a9f-ad33-5c023a5d4bdc,quarterly_net_income_attributable_to_common,2024-12-31
6515,79e5d9ad-cd16-4a9f-ad33-5c023a5d4bdc,quarterly_net_income_attributable_to_common,2024-09-30
6515,79e5d9ad-cd16-4a9f-ad33-5c023a5d4bdc,quarterly_diluted_eps,2026-06-30
6515,79e5d9ad-cd16-4a9f-ad33-5c023a5d4bdc,quarterly_diluted_eps,2026-03-31
6515,79e5d9ad-cd16-4a9f-ad33-5c023a5d4bdc,quarterly_diluted_eps,2025-12-31
6515,79e5d9ad-cd16-4a9f-ad33-5c023a5d4bdc,quarterly_diluted_eps,2025-09-30
6515,79e5d9ad-cd16-4a9f-ad33-5c023a5d4bdc,quarterly_diluted_eps,2025-06-30
6515,79e5d9ad-cd16-4a9f-ad33-5c023a5d4bdc,quarterly_diluted_eps,2025-03-31
6515,79e5d9ad-cd16-4a9f-ad33-5c023a5d4bdc,quarterly_diluted_eps,2024-12-31
6515,79e5d9ad-cd16-4a9f-ad33-5c023a5d4bdc,quarterly_diluted_eps,2024-09-30
6515,79e5d9ad-cd16-4a9f-ad33-5c023a5d4bdc,diluted_weighted_average_shares,2026-06-30
6515,79e5d9ad-cd16-4a9f-ad33-5c023a5d4bdc,diluted_weighted_average_shares,2026-03-31
6515,79e5d9ad-cd16-4a9f-ad33-5c023a5d4bdc,diluted_weighted_average_shares,2025-12-31
6515,79e5d9ad-cd16-4a9f-ad33-5c023a5d4bdc,diluted_weighted_average_shares,2025-09-30
6515,79e5d9ad-cd16-4a9f-ad33-5c023a5d4bdc,diluted_weighted_average_shares,2025-06-30
6515,79e5d9ad-cd16-4a9f-ad33-5c023a5d4bdc,diluted_weighted_average_shares,2025-03-31
6515,79e5d9ad-cd16-4a9f-ad33-5c023a5d4bdc,diluted_weighted_average_shares,2024-12-31
6515,79e5d9ad-cd16-4a9f-ad33-5c023a5d4bdc,diluted_weighted_average_shares,2024-09-30
6526,b981ee8d-3b0f-4358-9db5-5a09104e18e5,quarterly_revenue,2026-06-30
6526,b981ee8d-3b0f-4358-9db5-5a09104e18e5,quarterly_revenue,2026-03-31
6526,b981ee8d-3b0f-4358-9db5-5a09104e18e5,quarterly_revenue,2025-12-31
6526,b981ee8d-3b0f-4358-9db5-5a09104e18e5,quarterly_revenue,2025-09-30
6526,b981ee8d-3b0f-4358-9db5-5a09104e18e5,quarterly_revenue,2025-06-30
6526,b981ee8d-3b0f-4358-9db5-5a09104e18e5,quarterly_revenue,2025-03-31
6526,b981ee8d-3b0f-4358-9db5-5a09104e18e5,quarterly_revenue,2024-12-31
6526,b981ee8d-3b0f-4358-9db5-5a09104e18e5,quarterly_revenue,2024-09-30
6526,b981ee8d-3b0f-4358-9db5-5a09104e18e5,quarterly_gross_profit,2026-06-30
6526,b981ee8d-3b0f-4358-9db5-5a09104e18e5,quarterly_gross_profit,2026-03-31
6526,b981ee8d-3b0f-4358-9db5-5a09104e18e5,quarterly_gross_profit,2025-12-31
6526,b981ee8d-3b0f-4358-9db5-5a09104e18e5,quarterly_gross_profit,2025-09-30
6526,b981ee8d-3b0f-4358-9db5-5a09104e18e5,quarterly_gross_profit,2025-06-30
6526,b981ee8d-3b0f-4358-9db5-5a09104e18e5,quarterly_gross_profit,2025-03-31
6526,b981ee8d-3b0f-4358-9db5-5a09104e18e5,quarterly_gross_profit,2024-12-31
6526,b981ee8d-3b0f-4358-9db5-5a09104e18e5,quarterly_gross_profit,2024-09-30
6526,b981ee8d-3b0f-4358-9db5-5a09104e18e5,quarterly_operating_income,2026-06-30
6526,b981ee8d-3b0f-4358-9db5-5a09104e18e5,quarterly_operating_income,2026-03-31
6526,b981ee8d-3b0f-4358-9db5-5a09104e18e5,quarterly_operating_income,2025-12-31
6526,b981ee8d-3b0f-4358-9db5-5a09104e18e5,quarterly_operating_income,2025-09-30
6526,b981ee8d-3b0f-4358-9db5-5a09104e18e5,quarterly_operating_income,2025-06-30
6526,b981ee8d-3b0f-4358-9db5-5a09104e18e5,quarterly_operating_income,2025-03-31
6526,b981ee8d-3b0f-4358-9db5-5a09104e18e5,quarterly_operating_income,2024-12-31
6526,b981ee8d-3b0f-4358-9db5-5a09104e18e5,quarterly_operating_income,2024-09-30
6526,b981ee8d-3b0f-4358-9db5-5a09104e18e5,quarterly_net_income_attributable_to_common,2026-06-30
6526,b981ee8d-3b0f-4358-9db5-5a09104e18e5,quarterly_net_income_attributable_to_common,2026-03-31
6526,b981ee8d-3b0f-4358-9db5-5a09104e18e5,quarterly_net_income_attributable_to_common,2025-12-31
6526,b981ee8d-3b0f-4358-9db5-5a09104e18e5,quarterly_net_income_attributable_to_common,2025-09-30
6526,b981ee8d-3b0f-4358-9db5-5a09104e18e5,quarterly_net_income_attributable_to_common,2025-06-30
6526,b981ee8d-3b0f-4358-9db5-5a09104e18e5,quarterly_net_income_attributable_to_common,2025-03-31
6526,b981ee8d-3b0f-4358-9db5-5a09104e18e5,quarterly_net_income_attributable_to_common,2024-12-31
6526,b981ee8d-3b0f-4358-9db5-5a09104e18e5,quarterly_net_income_attributable_to_common,2024-09-30
6526,b981ee8d-3b0f-4358-9db5-5a09104e18e5,quarterly_diluted_eps,2026-06-30
6526,b981ee8d-3b0f-4358-9db5-5a09104e18e5,quarterly_diluted_eps,2026-03-31
6526,b981ee8d-3b0f-4358-9db5-5a09104e18e5,quarterly_diluted_eps,2025-12-31
6526,b981ee8d-3b0f-4358-9db5-5a09104e18e5,quarterly_diluted_eps,2025-09-30
6526,b981ee8d-3b0f-4358-9db5-5a09104e18e5,quarterly_diluted_eps,2025-06-30
6526,b981ee8d-3b0f-4358-9db5-5a09104e18e5,quarterly_diluted_eps,2025-03-31
6526,b981ee8d-3b0f-4358-9db5-5a09104e18e5,quarterly_diluted_eps,2024-12-31
6526,b981ee8d-3b0f-4358-9db5-5a09104e18e5,quarterly_diluted_eps,2024-09-30
6526,b981ee8d-3b0f-4358-9db5-5a09104e18e5,diluted_weighted_average_shares,2026-06-30
6526,b981ee8d-3b0f-4358-9db5-5a09104e18e5,diluted_weighted_average_shares,2026-03-31
6526,b981ee8d-3b0f-4358-9db5-5a09104e18e5,diluted_weighted_average_shares,2025-12-31
6526,b981ee8d-3b0f-4358-9db5-5a09104e18e5,diluted_weighted_average_shares,2025-09-30
6526,b981ee8d-3b0f-4358-9db5-5a09104e18e5,diluted_weighted_average_shares,2025-06-30
6526,b981ee8d-3b0f-4358-9db5-5a09104e18e5,diluted_weighted_average_shares,2025-03-31
6526,b981ee8d-3b0f-4358-9db5-5a09104e18e5,diluted_weighted_average_shares,2024-12-31
6526,b981ee8d-3b0f-4358-9db5-5a09104e18e5,diluted_weighted_average_shares,2024-09-30
6530,da935ac2-e563-4aa3-8a37-510040cf79c8,quarterly_revenue,2026-06-30
6530,da935ac2-e563-4aa3-8a37-510040cf79c8,quarterly_revenue,2026-03-31
6530,da935ac2-e563-4aa3-8a37-510040cf79c8,quarterly_revenue,2025-12-31
6530,da935ac2-e563-4aa3-8a37-510040cf79c8,quarterly_revenue,2025-09-30
6530,da935ac2-e563-4aa3-8a37-510040cf79c8,quarterly_revenue,2025-06-30
6530,da935ac2-e563-4aa3-8a37-510040cf79c8,quarterly_revenue,2025-03-31
6530,da935ac2-e563-4aa3-8a37-510040cf79c8,quarterly_revenue,2024-12-31
6530,da935ac2-e563-4aa3-8a37-510040cf79c8,quarterly_revenue,2024-09-30
6530,da935ac2-e563-4aa3-8a37-510040cf79c8,quarterly_gross_profit,2026-06-30
6530,da935ac2-e563-4aa3-8a37-510040cf79c8,quarterly_gross_profit,2026-03-31
6530,da935ac2-e563-4aa3-8a37-510040cf79c8,quarterly_gross_profit,2025-12-31
6530,da935ac2-e563-4aa3-8a37-510040cf79c8,quarterly_gross_profit,2025-09-30
6530,da935ac2-e563-4aa3-8a37-510040cf79c8,quarterly_gross_profit,2025-06-30
6530,da935ac2-e563-4aa3-8a37-510040cf79c8,quarterly_gross_profit,2025-03-31
6530,da935ac2-e563-4aa3-8a37-510040cf79c8,quarterly_gross_profit,2024-12-31
6530,da935ac2-e563-4aa3-8a37-510040cf79c8,quarterly_gross_profit,2024-09-30
6530,da935ac2-e563-4aa3-8a37-510040cf79c8,quarterly_operating_income,2026-06-30
6530,da935ac2-e563-4aa3-8a37-510040cf79c8,quarterly_operating_income,2026-03-31
6530,da935ac2-e563-4aa3-8a37-510040cf79c8,quarterly_operating_income,2025-12-31
6530,da935ac2-e563-4aa3-8a37-510040cf79c8,quarterly_operating_income,2025-09-30
6530,da935ac2-e563-4aa3-8a37-510040cf79c8,quarterly_operating_income,2025-06-30
6530,da935ac2-e563-4aa3-8a37-510040cf79c8,quarterly_operating_income,2025-03-31
6530,da935ac2-e563-4aa3-8a37-510040cf79c8,quarterly_operating_income,2024-12-31
6530,da935ac2-e563-4aa3-8a37-510040cf79c8,quarterly_operating_income,2024-09-30
6530,da935ac2-e563-4aa3-8a37-510040cf79c8,quarterly_net_income_attributable_to_common,2026-06-30
6530,da935ac2-e563-4aa3-8a37-510040cf79c8,quarterly_net_income_attributable_to_common,2026-03-31
6530,da935ac2-e563-4aa3-8a37-510040cf79c8,quarterly_net_income_attributable_to_common,2025-12-31
6530,da935ac2-e563-4aa3-8a37-510040cf79c8,quarterly_net_income_attributable_to_common,2025-09-30
6530,da935ac2-e563-4aa3-8a37-510040cf79c8,quarterly_net_income_attributable_to_common,2025-06-30
6530,da935ac2-e563-4aa3-8a37-510040cf79c8,quarterly_net_income_attributable_to_common,2025-03-31
6530,da935ac2-e563-4aa3-8a37-510040cf79c8,quarterly_net_income_attributable_to_common,2024-12-31
6530,da935ac2-e563-4aa3-8a37-510040cf79c8,quarterly_net_income_attributable_to_common,2024-09-30
6530,da935ac2-e563-4aa3-8a37-510040cf79c8,quarterly_diluted_eps,2026-06-30
6530,da935ac2-e563-4aa3-8a37-510040cf79c8,quarterly_diluted_eps,2026-03-31
6530,da935ac2-e563-4aa3-8a37-510040cf79c8,quarterly_diluted_eps,2025-12-31
6530,da935ac2-e563-4aa3-8a37-510040cf79c8,quarterly_diluted_eps,2025-09-30
6530,da935ac2-e563-4aa3-8a37-510040cf79c8,quarterly_diluted_eps,2025-06-30
6530,da935ac2-e563-4aa3-8a37-510040cf79c8,quarterly_diluted_eps,2025-03-31
6530,da935ac2-e563-4aa3-8a37-510040cf79c8,quarterly_diluted_eps,2024-12-31
6530,da935ac2-e563-4aa3-8a37-510040cf79c8,quarterly_diluted_eps,2024-09-30
6530,da935ac2-e563-4aa3-8a37-510040cf79c8,diluted_weighted_average_shares,2026-06-30
6530,da935ac2-e563-4aa3-8a37-510040cf79c8,diluted_weighted_average_shares,2026-03-31
6530,da935ac2-e563-4aa3-8a37-510040cf79c8,diluted_weighted_average_shares,2025-12-31
6530,da935ac2-e563-4aa3-8a37-510040cf79c8,diluted_weighted_average_shares,2025-09-30
6530,da935ac2-e563-4aa3-8a37-510040cf79c8,diluted_weighted_average_shares,2025-06-30
6530,da935ac2-e563-4aa3-8a37-510040cf79c8,diluted_weighted_average_shares,2025-03-31
6530,da935ac2-e563-4aa3-8a37-510040cf79c8,diluted_weighted_average_shares,2024-12-31
6530,da935ac2-e563-4aa3-8a37-510040cf79c8,diluted_weighted_average_shares,2024-09-30
6533,2a2339e1-8b9a-4f07-b079-a49be7454739,quarterly_revenue,2026-06-30
6533,2a2339e1-8b9a-4f07-b079-a49be7454739,quarterly_revenue,2026-03-31
6533,2a2339e1-8b9a-4f07-b079-a49be7454739,quarterly_revenue,2025-12-31
6533,2a2339e1-8b9a-4f07-b079-a49be7454739,quarterly_revenue,2025-09-30
6533,2a2339e1-8b9a-4f07-b079-a49be7454739,quarterly_revenue,2025-06-30
6533,2a2339e1-8b9a-4f07-b079-a49be7454739,quarterly_revenue,2025-03-31
6533,2a2339e1-8b9a-4f07-b079-a49be7454739,quarterly_revenue,2024-12-31
6533,2a2339e1-8b9a-4f07-b079-a49be7454739,quarterly_revenue,2024-09-30
6533,2a2339e1-8b9a-4f07-b079-a49be7454739,quarterly_gross_profit,2026-06-30
6533,2a2339e1-8b9a-4f07-b079-a49be7454739,quarterly_gross_profit,2026-03-31
6533,2a2339e1-8b9a-4f07-b079-a49be7454739,quarterly_gross_profit,2025-12-31
6533,2a2339e1-8b9a-4f07-b079-a49be7454739,quarterly_gross_profit,2025-09-30
6533,2a2339e1-8b9a-4f07-b079-a49be7454739,quarterly_gross_profit,2025-06-30
6533,2a2339e1-8b9a-4f07-b079-a49be7454739,quarterly_gross_profit,2025-03-31
6533,2a2339e1-8b9a-4f07-b079-a49be7454739,quarterly_gross_profit,2024-12-31
6533,2a2339e1-8b9a-4f07-b079-a49be7454739,quarterly_gross_profit,2024-09-30
6533,2a2339e1-8b9a-4f07-b079-a49be7454739,quarterly_operating_income,2026-06-30
6533,2a2339e1-8b9a-4f07-b079-a49be7454739,quarterly_operating_income,2026-03-31
6533,2a2339e1-8b9a-4f07-b079-a49be7454739,quarterly_operating_income,2025-12-31
6533,2a2339e1-8b9a-4f07-b079-a49be7454739,quarterly_operating_income,2025-09-30
6533,2a2339e1-8b9a-4f07-b079-a49be7454739,quarterly_operating_income,2025-06-30
6533,2a2339e1-8b9a-4f07-b079-a49be7454739,quarterly_operating_income,2025-03-31
6533,2a2339e1-8b9a-4f07-b079-a49be7454739,quarterly_operating_income,2024-12-31
6533,2a2339e1-8b9a-4f07-b079-a49be7454739,quarterly_operating_income,2024-09-30
6533,2a2339e1-8b9a-4f07-b079-a49be7454739,quarterly_net_income_attributable_to_common,2026-06-30
6533,2a2339e1-8b9a-4f07-b079-a49be7454739,quarterly_net_income_attributable_to_common,2026-03-31
6533,2a2339e1-8b9a-4f07-b079-a49be7454739,quarterly_net_income_attributable_to_common,2025-12-31
6533,2a2339e1-8b9a-4f07-b079-a49be7454739,quarterly_net_income_attributable_to_common,2025-09-30
6533,2a2339e1-8b9a-4f07-b079-a49be7454739,quarterly_net_income_attributable_to_common,2025-06-30
6533,2a2339e1-8b9a-4f07-b079-a49be7454739,quarterly_net_income_attributable_to_common,2025-03-31
6533,2a2339e1-8b9a-4f07-b079-a49be7454739,quarterly_net_income_attributable_to_common,2024-12-31
6533,2a2339e1-8b9a-4f07-b079-a49be7454739,quarterly_net_income_attributable_to_common,2024-09-30
6533,2a2339e1-8b9a-4f07-b079-a49be7454739,quarterly_diluted_eps,2026-06-30
6533,2a2339e1-8b9a-4f07-b079-a49be7454739,quarterly_diluted_eps,2026-03-31
6533,2a2339e1-8b9a-4f07-b079-a49be7454739,quarterly_diluted_eps,2025-12-31
6533,2a2339e1-8b9a-4f07-b079-a49be7454739,quarterly_diluted_eps,2025-09-30
6533,2a2339e1-8b9a-4f07-b079-a49be7454739,quarterly_diluted_eps,2025-06-30
6533,2a2339e1-8b9a-4f07-b079-a49be7454739,quarterly_diluted_eps,2025-03-31
6533,2a2339e1-8b9a-4f07-b079-a49be7454739,quarterly_diluted_eps,2024-12-31
6533,2a2339e1-8b9a-4f07-b079-a49be7454739,quarterly_diluted_eps,2024-09-30
6533,2a2339e1-8b9a-4f07-b079-a49be7454739,diluted_weighted_average_shares,2026-06-30
6533,2a2339e1-8b9a-4f07-b079-a49be7454739,diluted_weighted_average_shares,2026-03-31
6533,2a2339e1-8b9a-4f07-b079-a49be7454739,diluted_weighted_average_shares,2025-12-31
6533,2a2339e1-8b9a-4f07-b079-a49be7454739,diluted_weighted_average_shares,2025-09-30
6533,2a2339e1-8b9a-4f07-b079-a49be7454739,diluted_weighted_average_shares,2025-06-30
6533,2a2339e1-8b9a-4f07-b079-a49be7454739,diluted_weighted_average_shares,2025-03-31
6533,2a2339e1-8b9a-4f07-b079-a49be7454739,diluted_weighted_average_shares,2024-12-31
6533,2a2339e1-8b9a-4f07-b079-a49be7454739,diluted_weighted_average_shares,2024-09-30
6538,befc4420-0fef-4392-aa67-b1777572a098,quarterly_revenue,2026-06-30
6538,befc4420-0fef-4392-aa67-b1777572a098,quarterly_revenue,2026-03-31
6538,befc4420-0fef-4392-aa67-b1777572a098,quarterly_revenue,2025-12-31
6538,befc4420-0fef-4392-aa67-b1777572a098,quarterly_revenue,2025-09-30
6538,befc4420-0fef-4392-aa67-b1777572a098,quarterly_revenue,2025-06-30
6538,befc4420-0fef-4392-aa67-b1777572a098,quarterly_revenue,2025-03-31
6538,befc4420-0fef-4392-aa67-b1777572a098,quarterly_revenue,2024-12-31
6538,befc4420-0fef-4392-aa67-b1777572a098,quarterly_revenue,2024-09-30
6538,befc4420-0fef-4392-aa67-b1777572a098,quarterly_gross_profit,2026-06-30
6538,befc4420-0fef-4392-aa67-b1777572a098,quarterly_gross_profit,2026-03-31
6538,befc4420-0fef-4392-aa67-b1777572a098,quarterly_gross_profit,2025-12-31
6538,befc4420-0fef-4392-aa67-b1777572a098,quarterly_gross_profit,2025-09-30
6538,befc4420-0fef-4392-aa67-b1777572a098,quarterly_gross_profit,2025-06-30
6538,befc4420-0fef-4392-aa67-b1777572a098,quarterly_gross_profit,2025-03-31
6538,befc4420-0fef-4392-aa67-b1777572a098,quarterly_gross_profit,2024-12-31
6538,befc4420-0fef-4392-aa67-b1777572a098,quarterly_gross_profit,2024-09-30
6538,befc4420-0fef-4392-aa67-b1777572a098,quarterly_operating_income,2026-06-30
6538,befc4420-0fef-4392-aa67-b1777572a098,quarterly_operating_income,2026-03-31
6538,befc4420-0fef-4392-aa67-b1777572a098,quarterly_operating_income,2025-12-31
6538,befc4420-0fef-4392-aa67-b1777572a098,quarterly_operating_income,2025-09-30
6538,befc4420-0fef-4392-aa67-b1777572a098,quarterly_operating_income,2025-06-30
6538,befc4420-0fef-4392-aa67-b1777572a098,quarterly_operating_income,2025-03-31
6538,befc4420-0fef-4392-aa67-b1777572a098,quarterly_operating_income,2024-12-31
6538,befc4420-0fef-4392-aa67-b1777572a098,quarterly_operating_income,2024-09-30
6538,befc4420-0fef-4392-aa67-b1777572a098,quarterly_net_income_attributable_to_common,2026-06-30
6538,befc4420-0fef-4392-aa67-b1777572a098,quarterly_net_income_attributable_to_common,2026-03-31
6538,befc4420-0fef-4392-aa67-b1777572a098,quarterly_net_income_attributable_to_common,2025-12-31
6538,befc4420-0fef-4392-aa67-b1777572a098,quarterly_net_income_attributable_to_common,2025-09-30
6538,befc4420-0fef-4392-aa67-b1777572a098,quarterly_net_income_attributable_to_common,2025-06-30
6538,befc4420-0fef-4392-aa67-b1777572a098,quarterly_net_income_attributable_to_common,2025-03-31
6538,befc4420-0fef-4392-aa67-b1777572a098,quarterly_net_income_attributable_to_common,2024-12-31
6538,befc4420-0fef-4392-aa67-b1777572a098,quarterly_net_income_attributable_to_common,2024-09-30
6538,befc4420-0fef-4392-aa67-b1777572a098,quarterly_diluted_eps,2026-06-30
6538,befc4420-0fef-4392-aa67-b1777572a098,quarterly_diluted_eps,2026-03-31
6538,befc4420-0fef-4392-aa67-b1777572a098,quarterly_diluted_eps,2025-12-31
6538,befc4420-0fef-4392-aa67-b1777572a098,quarterly_diluted_eps,2025-09-30
6538,befc4420-0fef-4392-aa67-b1777572a098,quarterly_diluted_eps,2025-06-30
6538,befc4420-0fef-4392-aa67-b1777572a098,quarterly_diluted_eps,2025-03-31
6538,befc4420-0fef-4392-aa67-b1777572a098,quarterly_diluted_eps,2024-12-31
6538,befc4420-0fef-4392-aa67-b1777572a098,quarterly_diluted_eps,2024-09-30
6538,befc4420-0fef-4392-aa67-b1777572a098,diluted_weighted_average_shares,2026-06-30
6538,befc4420-0fef-4392-aa67-b1777572a098,diluted_weighted_average_shares,2026-03-31
6538,befc4420-0fef-4392-aa67-b1777572a098,diluted_weighted_average_shares,2025-12-31
6538,befc4420-0fef-4392-aa67-b1777572a098,diluted_weighted_average_shares,2025-09-30
6538,befc4420-0fef-4392-aa67-b1777572a098,diluted_weighted_average_shares,2025-06-30
6538,befc4420-0fef-4392-aa67-b1777572a098,diluted_weighted_average_shares,2025-03-31
6538,befc4420-0fef-4392-aa67-b1777572a098,diluted_weighted_average_shares,2024-12-31
6538,befc4420-0fef-4392-aa67-b1777572a098,diluted_weighted_average_shares,2024-09-30
6588,ef253ce5-8af3-4b29-830a-a365317fcbd7,quarterly_revenue,2026-06-30
6588,ef253ce5-8af3-4b29-830a-a365317fcbd7,quarterly_revenue,2026-03-31
6588,ef253ce5-8af3-4b29-830a-a365317fcbd7,quarterly_revenue,2025-12-31
6588,ef253ce5-8af3-4b29-830a-a365317fcbd7,quarterly_revenue,2025-09-30
6588,ef253ce5-8af3-4b29-830a-a365317fcbd7,quarterly_revenue,2025-06-30
6588,ef253ce5-8af3-4b29-830a-a365317fcbd7,quarterly_revenue,2025-03-31
6588,ef253ce5-8af3-4b29-830a-a365317fcbd7,quarterly_revenue,2024-12-31
6588,ef253ce5-8af3-4b29-830a-a365317fcbd7,quarterly_revenue,2024-09-30
6588,ef253ce5-8af3-4b29-830a-a365317fcbd7,quarterly_gross_profit,2026-06-30
6588,ef253ce5-8af3-4b29-830a-a365317fcbd7,quarterly_gross_profit,2026-03-31
6588,ef253ce5-8af3-4b29-830a-a365317fcbd7,quarterly_gross_profit,2025-12-31
6588,ef253ce5-8af3-4b29-830a-a365317fcbd7,quarterly_gross_profit,2025-09-30
6588,ef253ce5-8af3-4b29-830a-a365317fcbd7,quarterly_gross_profit,2025-06-30
6588,ef253ce5-8af3-4b29-830a-a365317fcbd7,quarterly_gross_profit,2025-03-31
6588,ef253ce5-8af3-4b29-830a-a365317fcbd7,quarterly_gross_profit,2024-12-31
6588,ef253ce5-8af3-4b29-830a-a365317fcbd7,quarterly_gross_profit,2024-09-30
6588,ef253ce5-8af3-4b29-830a-a365317fcbd7,quarterly_operating_income,2026-06-30
6588,ef253ce5-8af3-4b29-830a-a365317fcbd7,quarterly_operating_income,2026-03-31
6588,ef253ce5-8af3-4b29-830a-a365317fcbd7,quarterly_operating_income,2025-12-31
6588,ef253ce5-8af3-4b29-830a-a365317fcbd7,quarterly_operating_income,2025-09-30
6588,ef253ce5-8af3-4b29-830a-a365317fcbd7,quarterly_operating_income,2025-06-30
6588,ef253ce5-8af3-4b29-830a-a365317fcbd7,quarterly_operating_income,2025-03-31
6588,ef253ce5-8af3-4b29-830a-a365317fcbd7,quarterly_operating_income,2024-12-31
6588,ef253ce5-8af3-4b29-830a-a365317fcbd7,quarterly_operating_income,2024-09-30
6588,ef253ce5-8af3-4b29-830a-a365317fcbd7,quarterly_net_income_attributable_to_common,2026-06-30
6588,ef253ce5-8af3-4b29-830a-a365317fcbd7,quarterly_net_income_attributable_to_common,2026-03-31
6588,ef253ce5-8af3-4b29-830a-a365317fcbd7,quarterly_net_income_attributable_to_common,2025-12-31
6588,ef253ce5-8af3-4b29-830a-a365317fcbd7,quarterly_net_income_attributable_to_common,2025-09-30
6588,ef253ce5-8af3-4b29-830a-a365317fcbd7,quarterly_net_income_attributable_to_common,2025-06-30
6588,ef253ce5-8af3-4b29-830a-a365317fcbd7,quarterly_net_income_attributable_to_common,2025-03-31
6588,ef253ce5-8af3-4b29-830a-a365317fcbd7,quarterly_net_income_attributable_to_common,2024-12-31
6588,ef253ce5-8af3-4b29-830a-a365317fcbd7,quarterly_net_income_attributable_to_common,2024-09-30
6588,ef253ce5-8af3-4b29-830a-a365317fcbd7,quarterly_diluted_eps,2026-06-30
6588,ef253ce5-8af3-4b29-830a-a365317fcbd7,quarterly_diluted_eps,2026-03-31
6588,ef253ce5-8af3-4b29-830a-a365317fcbd7,quarterly_diluted_eps,2025-12-31
6588,ef253ce5-8af3-4b29-830a-a365317fcbd7,quarterly_diluted_eps,2025-09-30
6588,ef253ce5-8af3-4b29-830a-a365317fcbd7,quarterly_diluted_eps,2025-06-30
6588,ef253ce5-8af3-4b29-830a-a365317fcbd7,quarterly_diluted_eps,2025-03-31
6588,ef253ce5-8af3-4b29-830a-a365317fcbd7,quarterly_diluted_eps,2024-12-31
6588,ef253ce5-8af3-4b29-830a-a365317fcbd7,quarterly_diluted_eps,2024-09-30
6588,ef253ce5-8af3-4b29-830a-a365317fcbd7,diluted_weighted_average_shares,2026-06-30
6588,ef253ce5-8af3-4b29-830a-a365317fcbd7,diluted_weighted_average_shares,2026-03-31
6588,ef253ce5-8af3-4b29-830a-a365317fcbd7,diluted_weighted_average_shares,2025-12-31
6588,ef253ce5-8af3-4b29-830a-a365317fcbd7,diluted_weighted_average_shares,2025-09-30
6588,ef253ce5-8af3-4b29-830a-a365317fcbd7,diluted_weighted_average_shares,2025-06-30
6588,ef253ce5-8af3-4b29-830a-a365317fcbd7,diluted_weighted_average_shares,2025-03-31
6588,ef253ce5-8af3-4b29-830a-a365317fcbd7,diluted_weighted_average_shares,2024-12-31
6588,ef253ce5-8af3-4b29-830a-a365317fcbd7,diluted_weighted_average_shares,2024-09-30
6668,c8ca946a-0c3b-42bd-ac3b-046270cdeaf7,quarterly_revenue,2026-06-30
6668,c8ca946a-0c3b-42bd-ac3b-046270cdeaf7,quarterly_revenue,2026-03-31
6668,c8ca946a-0c3b-42bd-ac3b-046270cdeaf7,quarterly_revenue,2025-12-31
6668,c8ca946a-0c3b-42bd-ac3b-046270cdeaf7,quarterly_revenue,2025-09-30
6668,c8ca946a-0c3b-42bd-ac3b-046270cdeaf7,quarterly_revenue,2025-06-30
6668,c8ca946a-0c3b-42bd-ac3b-046270cdeaf7,quarterly_revenue,2025-03-31
6668,c8ca946a-0c3b-42bd-ac3b-046270cdeaf7,quarterly_revenue,2024-12-31
6668,c8ca946a-0c3b-42bd-ac3b-046270cdeaf7,quarterly_revenue,2024-09-30
6668,c8ca946a-0c3b-42bd-ac3b-046270cdeaf7,quarterly_gross_profit,2026-06-30
6668,c8ca946a-0c3b-42bd-ac3b-046270cdeaf7,quarterly_gross_profit,2026-03-31
6668,c8ca946a-0c3b-42bd-ac3b-046270cdeaf7,quarterly_gross_profit,2025-12-31
6668,c8ca946a-0c3b-42bd-ac3b-046270cdeaf7,quarterly_gross_profit,2025-09-30
6668,c8ca946a-0c3b-42bd-ac3b-046270cdeaf7,quarterly_gross_profit,2025-06-30
6668,c8ca946a-0c3b-42bd-ac3b-046270cdeaf7,quarterly_gross_profit,2025-03-31
6668,c8ca946a-0c3b-42bd-ac3b-046270cdeaf7,quarterly_gross_profit,2024-12-31
6668,c8ca946a-0c3b-42bd-ac3b-046270cdeaf7,quarterly_gross_profit,2024-09-30
6668,c8ca946a-0c3b-42bd-ac3b-046270cdeaf7,quarterly_operating_income,2026-06-30
6668,c8ca946a-0c3b-42bd-ac3b-046270cdeaf7,quarterly_operating_income,2026-03-31
6668,c8ca946a-0c3b-42bd-ac3b-046270cdeaf7,quarterly_operating_income,2025-12-31
6668,c8ca946a-0c3b-42bd-ac3b-046270cdeaf7,quarterly_operating_income,2025-09-30
6668,c8ca946a-0c3b-42bd-ac3b-046270cdeaf7,quarterly_operating_income,2025-06-30
6668,c8ca946a-0c3b-42bd-ac3b-046270cdeaf7,quarterly_operating_income,2025-03-31
6668,c8ca946a-0c3b-42bd-ac3b-046270cdeaf7,quarterly_operating_income,2024-12-31
6668,c8ca946a-0c3b-42bd-ac3b-046270cdeaf7,quarterly_operating_income,2024-09-30
6668,c8ca946a-0c3b-42bd-ac3b-046270cdeaf7,quarterly_net_income_attributable_to_common,2026-06-30
6668,c8ca946a-0c3b-42bd-ac3b-046270cdeaf7,quarterly_net_income_attributable_to_common,2026-03-31
6668,c8ca946a-0c3b-42bd-ac3b-046270cdeaf7,quarterly_net_income_attributable_to_common,2025-12-31
6668,c8ca946a-0c3b-42bd-ac3b-046270cdeaf7,quarterly_net_income_attributable_to_common,2025-09-30
6668,c8ca946a-0c3b-42bd-ac3b-046270cdeaf7,quarterly_net_income_attributable_to_common,2025-06-30
6668,c8ca946a-0c3b-42bd-ac3b-046270cdeaf7,quarterly_net_income_attributable_to_common,2025-03-31
6668,c8ca946a-0c3b-42bd-ac3b-046270cdeaf7,quarterly_net_income_attributable_to_common,2024-12-31
6668,c8ca946a-0c3b-42bd-ac3b-046270cdeaf7,quarterly_net_income_attributable_to_common,2024-09-30
6668,c8ca946a-0c3b-42bd-ac3b-046270cdeaf7,quarterly_diluted_eps,2026-06-30
6668,c8ca946a-0c3b-42bd-ac3b-046270cdeaf7,quarterly_diluted_eps,2026-03-31
6668,c8ca946a-0c3b-42bd-ac3b-046270cdeaf7,quarterly_diluted_eps,2025-12-31
6668,c8ca946a-0c3b-42bd-ac3b-046270cdeaf7,quarterly_diluted_eps,2025-09-30
6668,c8ca946a-0c3b-42bd-ac3b-046270cdeaf7,quarterly_diluted_eps,2025-06-30
6668,c8ca946a-0c3b-42bd-ac3b-046270cdeaf7,quarterly_diluted_eps,2025-03-31
6668,c8ca946a-0c3b-42bd-ac3b-046270cdeaf7,quarterly_diluted_eps,2024-12-31
6668,c8ca946a-0c3b-42bd-ac3b-046270cdeaf7,quarterly_diluted_eps,2024-09-30
6668,c8ca946a-0c3b-42bd-ac3b-046270cdeaf7,diluted_weighted_average_shares,2026-06-30
6668,c8ca946a-0c3b-42bd-ac3b-046270cdeaf7,diluted_weighted_average_shares,2026-03-31
6668,c8ca946a-0c3b-42bd-ac3b-046270cdeaf7,diluted_weighted_average_shares,2025-12-31
6668,c8ca946a-0c3b-42bd-ac3b-046270cdeaf7,diluted_weighted_average_shares,2025-09-30
6668,c8ca946a-0c3b-42bd-ac3b-046270cdeaf7,diluted_weighted_average_shares,2025-06-30
6668,c8ca946a-0c3b-42bd-ac3b-046270cdeaf7,diluted_weighted_average_shares,2025-03-31
6668,c8ca946a-0c3b-42bd-ac3b-046270cdeaf7,diluted_weighted_average_shares,2024-12-31
6668,c8ca946a-0c3b-42bd-ac3b-046270cdeaf7,diluted_weighted_average_shares,2024-09-30
6669,1becbf00-739f-4947-9bad-c4b8f741b02f,quarterly_revenue,2026-06-30
6669,1becbf00-739f-4947-9bad-c4b8f741b02f,quarterly_revenue,2026-03-31
6669,1becbf00-739f-4947-9bad-c4b8f741b02f,quarterly_revenue,2025-12-31
6669,1becbf00-739f-4947-9bad-c4b8f741b02f,quarterly_revenue,2025-09-30
6669,1becbf00-739f-4947-9bad-c4b8f741b02f,quarterly_revenue,2025-06-30
6669,1becbf00-739f-4947-9bad-c4b8f741b02f,quarterly_revenue,2025-03-31
6669,1becbf00-739f-4947-9bad-c4b8f741b02f,quarterly_revenue,2024-12-31
6669,1becbf00-739f-4947-9bad-c4b8f741b02f,quarterly_revenue,2024-09-30
6669,1becbf00-739f-4947-9bad-c4b8f741b02f,quarterly_gross_profit,2026-06-30
6669,1becbf00-739f-4947-9bad-c4b8f741b02f,quarterly_gross_profit,2026-03-31
6669,1becbf00-739f-4947-9bad-c4b8f741b02f,quarterly_gross_profit,2025-12-31
6669,1becbf00-739f-4947-9bad-c4b8f741b02f,quarterly_gross_profit,2025-09-30
6669,1becbf00-739f-4947-9bad-c4b8f741b02f,quarterly_gross_profit,2025-06-30
6669,1becbf00-739f-4947-9bad-c4b8f741b02f,quarterly_gross_profit,2025-03-31
6669,1becbf00-739f-4947-9bad-c4b8f741b02f,quarterly_gross_profit,2024-12-31
6669,1becbf00-739f-4947-9bad-c4b8f741b02f,quarterly_gross_profit,2024-09-30
6669,1becbf00-739f-4947-9bad-c4b8f741b02f,quarterly_operating_income,2026-06-30
6669,1becbf00-739f-4947-9bad-c4b8f741b02f,quarterly_operating_income,2026-03-31
6669,1becbf00-739f-4947-9bad-c4b8f741b02f,quarterly_operating_income,2025-12-31
6669,1becbf00-739f-4947-9bad-c4b8f741b02f,quarterly_operating_income,2025-09-30
6669,1becbf00-739f-4947-9bad-c4b8f741b02f,quarterly_operating_income,2025-06-30
6669,1becbf00-739f-4947-9bad-c4b8f741b02f,quarterly_operating_income,2025-03-31
6669,1becbf00-739f-4947-9bad-c4b8f741b02f,quarterly_operating_income,2024-12-31
6669,1becbf00-739f-4947-9bad-c4b8f741b02f,quarterly_operating_income,2024-09-30
6669,1becbf00-739f-4947-9bad-c4b8f741b02f,quarterly_net_income_attributable_to_common,2026-06-30
6669,1becbf00-739f-4947-9bad-c4b8f741b02f,quarterly_net_income_attributable_to_common,2026-03-31
6669,1becbf00-739f-4947-9bad-c4b8f741b02f,quarterly_net_income_attributable_to_common,2025-12-31
6669,1becbf00-739f-4947-9bad-c4b8f741b02f,quarterly_net_income_attributable_to_common,2025-09-30
6669,1becbf00-739f-4947-9bad-c4b8f741b02f,quarterly_net_income_attributable_to_common,2025-06-30
6669,1becbf00-739f-4947-9bad-c4b8f741b02f,quarterly_net_income_attributable_to_common,2025-03-31
6669,1becbf00-739f-4947-9bad-c4b8f741b02f,quarterly_net_income_attributable_to_common,2024-12-31
6669,1becbf00-739f-4947-9bad-c4b8f741b02f,quarterly_net_income_attributable_to_common,2024-09-30
6669,1becbf00-739f-4947-9bad-c4b8f741b02f,quarterly_diluted_eps,2026-06-30
6669,1becbf00-739f-4947-9bad-c4b8f741b02f,quarterly_diluted_eps,2026-03-31
6669,1becbf00-739f-4947-9bad-c4b8f741b02f,quarterly_diluted_eps,2025-12-31
6669,1becbf00-739f-4947-9bad-c4b8f741b02f,quarterly_diluted_eps,2025-09-30
6669,1becbf00-739f-4947-9bad-c4b8f741b02f,quarterly_diluted_eps,2025-06-30
6669,1becbf00-739f-4947-9bad-c4b8f741b02f,quarterly_diluted_eps,2025-03-31
6669,1becbf00-739f-4947-9bad-c4b8f741b02f,quarterly_diluted_eps,2024-12-31
6669,1becbf00-739f-4947-9bad-c4b8f741b02f,quarterly_diluted_eps,2024-09-30
6669,1becbf00-739f-4947-9bad-c4b8f741b02f,diluted_weighted_average_shares,2026-06-30
6669,1becbf00-739f-4947-9bad-c4b8f741b02f,diluted_weighted_average_shares,2026-03-31
6669,1becbf00-739f-4947-9bad-c4b8f741b02f,diluted_weighted_average_shares,2025-12-31
6669,1becbf00-739f-4947-9bad-c4b8f741b02f,diluted_weighted_average_shares,2025-09-30
6669,1becbf00-739f-4947-9bad-c4b8f741b02f,diluted_weighted_average_shares,2025-06-30
6669,1becbf00-739f-4947-9bad-c4b8f741b02f,diluted_weighted_average_shares,2025-03-31
6669,1becbf00-739f-4947-9bad-c4b8f741b02f,diluted_weighted_average_shares,2024-12-31
6669,1becbf00-739f-4947-9bad-c4b8f741b02f,diluted_weighted_average_shares,2024-09-30
6674,91b307ae-1041-4c37-a4ad-fa04e37f89b3,quarterly_revenue,2026-06-30
6674,91b307ae-1041-4c37-a4ad-fa04e37f89b3,quarterly_revenue,2026-03-31
6674,91b307ae-1041-4c37-a4ad-fa04e37f89b3,quarterly_revenue,2025-12-31
6674,91b307ae-1041-4c37-a4ad-fa04e37f89b3,quarterly_revenue,2025-09-30
6674,91b307ae-1041-4c37-a4ad-fa04e37f89b3,quarterly_revenue,2025-06-30
6674,91b307ae-1041-4c37-a4ad-fa04e37f89b3,quarterly_revenue,2025-03-31
6674,91b307ae-1041-4c37-a4ad-fa04e37f89b3,quarterly_revenue,2024-12-31
6674,91b307ae-1041-4c37-a4ad-fa04e37f89b3,quarterly_revenue,2024-09-30
6674,91b307ae-1041-4c37-a4ad-fa04e37f89b3,quarterly_gross_profit,2026-06-30
6674,91b307ae-1041-4c37-a4ad-fa04e37f89b3,quarterly_gross_profit,2026-03-31
6674,91b307ae-1041-4c37-a4ad-fa04e37f89b3,quarterly_gross_profit,2025-12-31
6674,91b307ae-1041-4c37-a4ad-fa04e37f89b3,quarterly_gross_profit,2025-09-30
6674,91b307ae-1041-4c37-a4ad-fa04e37f89b3,quarterly_gross_profit,2025-06-30
6674,91b307ae-1041-4c37-a4ad-fa04e37f89b3,quarterly_gross_profit,2025-03-31
6674,91b307ae-1041-4c37-a4ad-fa04e37f89b3,quarterly_gross_profit,2024-12-31
6674,91b307ae-1041-4c37-a4ad-fa04e37f89b3,quarterly_gross_profit,2024-09-30
6674,91b307ae-1041-4c37-a4ad-fa04e37f89b3,quarterly_operating_income,2026-06-30
6674,91b307ae-1041-4c37-a4ad-fa04e37f89b3,quarterly_operating_income,2026-03-31
6674,91b307ae-1041-4c37-a4ad-fa04e37f89b3,quarterly_operating_income,2025-12-31
6674,91b307ae-1041-4c37-a4ad-fa04e37f89b3,quarterly_operating_income,2025-09-30
6674,91b307ae-1041-4c37-a4ad-fa04e37f89b3,quarterly_operating_income,2025-06-30
6674,91b307ae-1041-4c37-a4ad-fa04e37f89b3,quarterly_operating_income,2025-03-31
6674,91b307ae-1041-4c37-a4ad-fa04e37f89b3,quarterly_operating_income,2024-12-31
6674,91b307ae-1041-4c37-a4ad-fa04e37f89b3,quarterly_operating_income,2024-09-30
6674,91b307ae-1041-4c37-a4ad-fa04e37f89b3,quarterly_net_income_attributable_to_common,2026-06-30
6674,91b307ae-1041-4c37-a4ad-fa04e37f89b3,quarterly_net_income_attributable_to_common,2026-03-31
6674,91b307ae-1041-4c37-a4ad-fa04e37f89b3,quarterly_net_income_attributable_to_common,2025-12-31
6674,91b307ae-1041-4c37-a4ad-fa04e37f89b3,quarterly_net_income_attributable_to_common,2025-09-30
6674,91b307ae-1041-4c37-a4ad-fa04e37f89b3,quarterly_net_income_attributable_to_common,2025-06-30
6674,91b307ae-1041-4c37-a4ad-fa04e37f89b3,quarterly_net_income_attributable_to_common,2025-03-31
6674,91b307ae-1041-4c37-a4ad-fa04e37f89b3,quarterly_net_income_attributable_to_common,2024-12-31
6674,91b307ae-1041-4c37-a4ad-fa04e37f89b3,quarterly_net_income_attributable_to_common,2024-09-30
6674,91b307ae-1041-4c37-a4ad-fa04e37f89b3,quarterly_diluted_eps,2026-06-30
6674,91b307ae-1041-4c37-a4ad-fa04e37f89b3,quarterly_diluted_eps,2026-03-31
6674,91b307ae-1041-4c37-a4ad-fa04e37f89b3,quarterly_diluted_eps,2025-12-31
6674,91b307ae-1041-4c37-a4ad-fa04e37f89b3,quarterly_diluted_eps,2025-09-30
6674,91b307ae-1041-4c37-a4ad-fa04e37f89b3,quarterly_diluted_eps,2025-06-30
6674,91b307ae-1041-4c37-a4ad-fa04e37f89b3,quarterly_diluted_eps,2025-03-31
6674,91b307ae-1041-4c37-a4ad-fa04e37f89b3,quarterly_diluted_eps,2024-12-31
6674,91b307ae-1041-4c37-a4ad-fa04e37f89b3,quarterly_diluted_eps,2024-09-30
6674,91b307ae-1041-4c37-a4ad-fa04e37f89b3,diluted_weighted_average_shares,2026-06-30
6674,91b307ae-1041-4c37-a4ad-fa04e37f89b3,diluted_weighted_average_shares,2026-03-31
6674,91b307ae-1041-4c37-a4ad-fa04e37f89b3,diluted_weighted_average_shares,2025-12-31
6674,91b307ae-1041-4c37-a4ad-fa04e37f89b3,diluted_weighted_average_shares,2025-09-30
6674,91b307ae-1041-4c37-a4ad-fa04e37f89b3,diluted_weighted_average_shares,2025-06-30
6674,91b307ae-1041-4c37-a4ad-fa04e37f89b3,diluted_weighted_average_shares,2025-03-31
6674,91b307ae-1041-4c37-a4ad-fa04e37f89b3,diluted_weighted_average_shares,2024-12-31
6674,91b307ae-1041-4c37-a4ad-fa04e37f89b3,diluted_weighted_average_shares,2024-09-30
6683,3378532d-cf91-412b-9efa-8f26d6f220fc,quarterly_revenue,2026-06-30
6683,3378532d-cf91-412b-9efa-8f26d6f220fc,quarterly_revenue,2026-03-31
6683,3378532d-cf91-412b-9efa-8f26d6f220fc,quarterly_revenue,2025-12-31
6683,3378532d-cf91-412b-9efa-8f26d6f220fc,quarterly_revenue,2025-09-30
6683,3378532d-cf91-412b-9efa-8f26d6f220fc,quarterly_revenue,2025-06-30
6683,3378532d-cf91-412b-9efa-8f26d6f220fc,quarterly_revenue,2025-03-31
6683,3378532d-cf91-412b-9efa-8f26d6f220fc,quarterly_revenue,2024-12-31
6683,3378532d-cf91-412b-9efa-8f26d6f220fc,quarterly_revenue,2024-09-30
6683,3378532d-cf91-412b-9efa-8f26d6f220fc,quarterly_gross_profit,2026-06-30
6683,3378532d-cf91-412b-9efa-8f26d6f220fc,quarterly_gross_profit,2026-03-31
6683,3378532d-cf91-412b-9efa-8f26d6f220fc,quarterly_gross_profit,2025-12-31
6683,3378532d-cf91-412b-9efa-8f26d6f220fc,quarterly_gross_profit,2025-09-30
6683,3378532d-cf91-412b-9efa-8f26d6f220fc,quarterly_gross_profit,2025-06-30
6683,3378532d-cf91-412b-9efa-8f26d6f220fc,quarterly_gross_profit,2025-03-31
6683,3378532d-cf91-412b-9efa-8f26d6f220fc,quarterly_gross_profit,2024-12-31
6683,3378532d-cf91-412b-9efa-8f26d6f220fc,quarterly_gross_profit,2024-09-30
6683,3378532d-cf91-412b-9efa-8f26d6f220fc,quarterly_operating_income,2026-06-30
6683,3378532d-cf91-412b-9efa-8f26d6f220fc,quarterly_operating_income,2026-03-31
6683,3378532d-cf91-412b-9efa-8f26d6f220fc,quarterly_operating_income,2025-12-31
6683,3378532d-cf91-412b-9efa-8f26d6f220fc,quarterly_operating_income,2025-09-30
6683,3378532d-cf91-412b-9efa-8f26d6f220fc,quarterly_operating_income,2025-06-30
6683,3378532d-cf91-412b-9efa-8f26d6f220fc,quarterly_operating_income,2025-03-31
6683,3378532d-cf91-412b-9efa-8f26d6f220fc,quarterly_operating_income,2024-12-31
6683,3378532d-cf91-412b-9efa-8f26d6f220fc,quarterly_operating_income,2024-09-30
6683,3378532d-cf91-412b-9efa-8f26d6f220fc,quarterly_net_income_attributable_to_common,2026-06-30
6683,3378532d-cf91-412b-9efa-8f26d6f220fc,quarterly_net_income_attributable_to_common,2026-03-31
6683,3378532d-cf91-412b-9efa-8f26d6f220fc,quarterly_net_income_attributable_to_common,2025-12-31
6683,3378532d-cf91-412b-9efa-8f26d6f220fc,quarterly_net_income_attributable_to_common,2025-09-30
6683,3378532d-cf91-412b-9efa-8f26d6f220fc,quarterly_net_income_attributable_to_common,2025-06-30
6683,3378532d-cf91-412b-9efa-8f26d6f220fc,quarterly_net_income_attributable_to_common,2025-03-31
6683,3378532d-cf91-412b-9efa-8f26d6f220fc,quarterly_net_income_attributable_to_common,2024-12-31
6683,3378532d-cf91-412b-9efa-8f26d6f220fc,quarterly_net_income_attributable_to_common,2024-09-30
6683,3378532d-cf91-412b-9efa-8f26d6f220fc,quarterly_diluted_eps,2026-06-30
6683,3378532d-cf91-412b-9efa-8f26d6f220fc,quarterly_diluted_eps,2026-03-31
6683,3378532d-cf91-412b-9efa-8f26d6f220fc,quarterly_diluted_eps,2025-12-31
6683,3378532d-cf91-412b-9efa-8f26d6f220fc,quarterly_diluted_eps,2025-09-30
6683,3378532d-cf91-412b-9efa-8f26d6f220fc,quarterly_diluted_eps,2025-06-30
6683,3378532d-cf91-412b-9efa-8f26d6f220fc,quarterly_diluted_eps,2025-03-31
6683,3378532d-cf91-412b-9efa-8f26d6f220fc,quarterly_diluted_eps,2024-12-31
6683,3378532d-cf91-412b-9efa-8f26d6f220fc,quarterly_diluted_eps,2024-09-30
6683,3378532d-cf91-412b-9efa-8f26d6f220fc,diluted_weighted_average_shares,2026-06-30
6683,3378532d-cf91-412b-9efa-8f26d6f220fc,diluted_weighted_average_shares,2026-03-31
6683,3378532d-cf91-412b-9efa-8f26d6f220fc,diluted_weighted_average_shares,2025-12-31
6683,3378532d-cf91-412b-9efa-8f26d6f220fc,diluted_weighted_average_shares,2025-09-30
6683,3378532d-cf91-412b-9efa-8f26d6f220fc,diluted_weighted_average_shares,2025-06-30
6683,3378532d-cf91-412b-9efa-8f26d6f220fc,diluted_weighted_average_shares,2025-03-31
6683,3378532d-cf91-412b-9efa-8f26d6f220fc,diluted_weighted_average_shares,2024-12-31
6683,3378532d-cf91-412b-9efa-8f26d6f220fc,diluted_weighted_average_shares,2024-09-30
6693,9acd421c-382d-467f-a048-82132fafe086,quarterly_revenue,2026-06-30
6693,9acd421c-382d-467f-a048-82132fafe086,quarterly_revenue,2026-03-31
6693,9acd421c-382d-467f-a048-82132fafe086,quarterly_revenue,2025-12-31
6693,9acd421c-382d-467f-a048-82132fafe086,quarterly_revenue,2025-09-30
6693,9acd421c-382d-467f-a048-82132fafe086,quarterly_revenue,2025-06-30
6693,9acd421c-382d-467f-a048-82132fafe086,quarterly_revenue,2025-03-31
6693,9acd421c-382d-467f-a048-82132fafe086,quarterly_revenue,2024-12-31
6693,9acd421c-382d-467f-a048-82132fafe086,quarterly_revenue,2024-09-30
6693,9acd421c-382d-467f-a048-82132fafe086,quarterly_gross_profit,2026-06-30
6693,9acd421c-382d-467f-a048-82132fafe086,quarterly_gross_profit,2026-03-31
6693,9acd421c-382d-467f-a048-82132fafe086,quarterly_gross_profit,2025-12-31
6693,9acd421c-382d-467f-a048-82132fafe086,quarterly_gross_profit,2025-09-30
6693,9acd421c-382d-467f-a048-82132fafe086,quarterly_gross_profit,2025-06-30
6693,9acd421c-382d-467f-a048-82132fafe086,quarterly_gross_profit,2025-03-31
6693,9acd421c-382d-467f-a048-82132fafe086,quarterly_gross_profit,2024-12-31
6693,9acd421c-382d-467f-a048-82132fafe086,quarterly_gross_profit,2024-09-30
6693,9acd421c-382d-467f-a048-82132fafe086,quarterly_operating_income,2026-06-30
6693,9acd421c-382d-467f-a048-82132fafe086,quarterly_operating_income,2026-03-31
6693,9acd421c-382d-467f-a048-82132fafe086,quarterly_operating_income,2025-12-31
6693,9acd421c-382d-467f-a048-82132fafe086,quarterly_operating_income,2025-09-30
6693,9acd421c-382d-467f-a048-82132fafe086,quarterly_operating_income,2025-06-30
6693,9acd421c-382d-467f-a048-82132fafe086,quarterly_operating_income,2025-03-31
6693,9acd421c-382d-467f-a048-82132fafe086,quarterly_operating_income,2024-12-31
6693,9acd421c-382d-467f-a048-82132fafe086,quarterly_operating_income,2024-09-30
6693,9acd421c-382d-467f-a048-82132fafe086,quarterly_net_income_attributable_to_common,2026-06-30
6693,9acd421c-382d-467f-a048-82132fafe086,quarterly_net_income_attributable_to_common,2026-03-31
6693,9acd421c-382d-467f-a048-82132fafe086,quarterly_net_income_attributable_to_common,2025-12-31
6693,9acd421c-382d-467f-a048-82132fafe086,quarterly_net_income_attributable_to_common,2025-09-30
6693,9acd421c-382d-467f-a048-82132fafe086,quarterly_net_income_attributable_to_common,2025-06-30
6693,9acd421c-382d-467f-a048-82132fafe086,quarterly_net_income_attributable_to_common,2025-03-31
6693,9acd421c-382d-467f-a048-82132fafe086,quarterly_net_income_attributable_to_common,2024-12-31
6693,9acd421c-382d-467f-a048-82132fafe086,quarterly_net_income_attributable_to_common,2024-09-30
6693,9acd421c-382d-467f-a048-82132fafe086,quarterly_diluted_eps,2026-06-30
6693,9acd421c-382d-467f-a048-82132fafe086,quarterly_diluted_eps,2026-03-31
6693,9acd421c-382d-467f-a048-82132fafe086,quarterly_diluted_eps,2025-12-31
6693,9acd421c-382d-467f-a048-82132fafe086,quarterly_diluted_eps,2025-09-30
6693,9acd421c-382d-467f-a048-82132fafe086,quarterly_diluted_eps,2025-06-30
6693,9acd421c-382d-467f-a048-82132fafe086,quarterly_diluted_eps,2025-03-31
6693,9acd421c-382d-467f-a048-82132fafe086,quarterly_diluted_eps,2024-12-31
6693,9acd421c-382d-467f-a048-82132fafe086,quarterly_diluted_eps,2024-09-30
6693,9acd421c-382d-467f-a048-82132fafe086,diluted_weighted_average_shares,2026-06-30
6693,9acd421c-382d-467f-a048-82132fafe086,diluted_weighted_average_shares,2026-03-31
6693,9acd421c-382d-467f-a048-82132fafe086,diluted_weighted_average_shares,2025-12-31
6693,9acd421c-382d-467f-a048-82132fafe086,diluted_weighted_average_shares,2025-09-30
6693,9acd421c-382d-467f-a048-82132fafe086,diluted_weighted_average_shares,2025-06-30
6693,9acd421c-382d-467f-a048-82132fafe086,diluted_weighted_average_shares,2025-03-31
6693,9acd421c-382d-467f-a048-82132fafe086,diluted_weighted_average_shares,2024-12-31
6693,9acd421c-382d-467f-a048-82132fafe086,diluted_weighted_average_shares,2024-09-30
6706,351aaf8a-c4d4-4295-9b7c-fbca174c8707,quarterly_revenue,2026-06-30
6706,351aaf8a-c4d4-4295-9b7c-fbca174c8707,quarterly_revenue,2026-03-31
6706,351aaf8a-c4d4-4295-9b7c-fbca174c8707,quarterly_revenue,2025-12-31
6706,351aaf8a-c4d4-4295-9b7c-fbca174c8707,quarterly_revenue,2025-09-30
6706,351aaf8a-c4d4-4295-9b7c-fbca174c8707,quarterly_revenue,2025-06-30
6706,351aaf8a-c4d4-4295-9b7c-fbca174c8707,quarterly_revenue,2025-03-31
6706,351aaf8a-c4d4-4295-9b7c-fbca174c8707,quarterly_revenue,2024-12-31
6706,351aaf8a-c4d4-4295-9b7c-fbca174c8707,quarterly_revenue,2024-09-30
6706,351aaf8a-c4d4-4295-9b7c-fbca174c8707,quarterly_gross_profit,2026-06-30
6706,351aaf8a-c4d4-4295-9b7c-fbca174c8707,quarterly_gross_profit,2026-03-31
6706,351aaf8a-c4d4-4295-9b7c-fbca174c8707,quarterly_gross_profit,2025-12-31
6706,351aaf8a-c4d4-4295-9b7c-fbca174c8707,quarterly_gross_profit,2025-09-30
6706,351aaf8a-c4d4-4295-9b7c-fbca174c8707,quarterly_gross_profit,2025-06-30
6706,351aaf8a-c4d4-4295-9b7c-fbca174c8707,quarterly_gross_profit,2025-03-31
6706,351aaf8a-c4d4-4295-9b7c-fbca174c8707,quarterly_gross_profit,2024-12-31
6706,351aaf8a-c4d4-4295-9b7c-fbca174c8707,quarterly_gross_profit,2024-09-30
6706,351aaf8a-c4d4-4295-9b7c-fbca174c8707,quarterly_operating_income,2026-06-30
6706,351aaf8a-c4d4-4295-9b7c-fbca174c8707,quarterly_operating_income,2026-03-31
6706,351aaf8a-c4d4-4295-9b7c-fbca174c8707,quarterly_operating_income,2025-12-31
6706,351aaf8a-c4d4-4295-9b7c-fbca174c8707,quarterly_operating_income,2025-09-30
6706,351aaf8a-c4d4-4295-9b7c-fbca174c8707,quarterly_operating_income,2025-06-30
6706,351aaf8a-c4d4-4295-9b7c-fbca174c8707,quarterly_operating_income,2025-03-31
6706,351aaf8a-c4d4-4295-9b7c-fbca174c8707,quarterly_operating_income,2024-12-31
6706,351aaf8a-c4d4-4295-9b7c-fbca174c8707,quarterly_operating_income,2024-09-30
6706,351aaf8a-c4d4-4295-9b7c-fbca174c8707,quarterly_net_income_attributable_to_common,2026-06-30
6706,351aaf8a-c4d4-4295-9b7c-fbca174c8707,quarterly_net_income_attributable_to_common,2026-03-31
6706,351aaf8a-c4d4-4295-9b7c-fbca174c8707,quarterly_net_income_attributable_to_common,2025-12-31
6706,351aaf8a-c4d4-4295-9b7c-fbca174c8707,quarterly_net_income_attributable_to_common,2025-09-30
6706,351aaf8a-c4d4-4295-9b7c-fbca174c8707,quarterly_net_income_attributable_to_common,2025-06-30
6706,351aaf8a-c4d4-4295-9b7c-fbca174c8707,quarterly_net_income_attributable_to_common,2025-03-31
6706,351aaf8a-c4d4-4295-9b7c-fbca174c8707,quarterly_net_income_attributable_to_common,2024-12-31
6706,351aaf8a-c4d4-4295-9b7c-fbca174c8707,quarterly_net_income_attributable_to_common,2024-09-30
6706,351aaf8a-c4d4-4295-9b7c-fbca174c8707,quarterly_diluted_eps,2026-06-30
6706,351aaf8a-c4d4-4295-9b7c-fbca174c8707,quarterly_diluted_eps,2026-03-31
6706,351aaf8a-c4d4-4295-9b7c-fbca174c8707,quarterly_diluted_eps,2025-12-31
6706,351aaf8a-c4d4-4295-9b7c-fbca174c8707,quarterly_diluted_eps,2025-09-30
6706,351aaf8a-c4d4-4295-9b7c-fbca174c8707,quarterly_diluted_eps,2025-06-30
6706,351aaf8a-c4d4-4295-9b7c-fbca174c8707,quarterly_diluted_eps,2025-03-31
6706,351aaf8a-c4d4-4295-9b7c-fbca174c8707,quarterly_diluted_eps,2024-12-31
6706,351aaf8a-c4d4-4295-9b7c-fbca174c8707,quarterly_diluted_eps,2024-09-30
6706,351aaf8a-c4d4-4295-9b7c-fbca174c8707,diluted_weighted_average_shares,2026-06-30
6706,351aaf8a-c4d4-4295-9b7c-fbca174c8707,diluted_weighted_average_shares,2026-03-31
6706,351aaf8a-c4d4-4295-9b7c-fbca174c8707,diluted_weighted_average_shares,2025-12-31
6706,351aaf8a-c4d4-4295-9b7c-fbca174c8707,diluted_weighted_average_shares,2025-09-30
6706,351aaf8a-c4d4-4295-9b7c-fbca174c8707,diluted_weighted_average_shares,2025-06-30
6706,351aaf8a-c4d4-4295-9b7c-fbca174c8707,diluted_weighted_average_shares,2025-03-31
6706,351aaf8a-c4d4-4295-9b7c-fbca174c8707,diluted_weighted_average_shares,2024-12-31
6706,351aaf8a-c4d4-4295-9b7c-fbca174c8707,diluted_weighted_average_shares,2024-09-30
6770,61c0c546-0c22-4b34-ad0e-3f435e1e96b0,quarterly_revenue,2026-06-30
6770,61c0c546-0c22-4b34-ad0e-3f435e1e96b0,quarterly_revenue,2026-03-31
6770,61c0c546-0c22-4b34-ad0e-3f435e1e96b0,quarterly_revenue,2025-12-31
6770,61c0c546-0c22-4b34-ad0e-3f435e1e96b0,quarterly_revenue,2025-09-30
6770,61c0c546-0c22-4b34-ad0e-3f435e1e96b0,quarterly_revenue,2025-06-30
6770,61c0c546-0c22-4b34-ad0e-3f435e1e96b0,quarterly_revenue,2025-03-31
6770,61c0c546-0c22-4b34-ad0e-3f435e1e96b0,quarterly_revenue,2024-12-31
6770,61c0c546-0c22-4b34-ad0e-3f435e1e96b0,quarterly_revenue,2024-09-30
6770,61c0c546-0c22-4b34-ad0e-3f435e1e96b0,quarterly_gross_profit,2026-06-30
6770,61c0c546-0c22-4b34-ad0e-3f435e1e96b0,quarterly_gross_profit,2026-03-31
6770,61c0c546-0c22-4b34-ad0e-3f435e1e96b0,quarterly_gross_profit,2025-12-31
6770,61c0c546-0c22-4b34-ad0e-3f435e1e96b0,quarterly_gross_profit,2025-09-30
6770,61c0c546-0c22-4b34-ad0e-3f435e1e96b0,quarterly_gross_profit,2025-06-30
6770,61c0c546-0c22-4b34-ad0e-3f435e1e96b0,quarterly_gross_profit,2025-03-31
6770,61c0c546-0c22-4b34-ad0e-3f435e1e96b0,quarterly_gross_profit,2024-12-31
6770,61c0c546-0c22-4b34-ad0e-3f435e1e96b0,quarterly_gross_profit,2024-09-30
6770,61c0c546-0c22-4b34-ad0e-3f435e1e96b0,quarterly_operating_income,2026-06-30
6770,61c0c546-0c22-4b34-ad0e-3f435e1e96b0,quarterly_operating_income,2026-03-31
6770,61c0c546-0c22-4b34-ad0e-3f435e1e96b0,quarterly_operating_income,2025-12-31
6770,61c0c546-0c22-4b34-ad0e-3f435e1e96b0,quarterly_operating_income,2025-09-30
6770,61c0c546-0c22-4b34-ad0e-3f435e1e96b0,quarterly_operating_income,2025-06-30
6770,61c0c546-0c22-4b34-ad0e-3f435e1e96b0,quarterly_operating_income,2025-03-31
6770,61c0c546-0c22-4b34-ad0e-3f435e1e96b0,quarterly_operating_income,2024-12-31
6770,61c0c546-0c22-4b34-ad0e-3f435e1e96b0,quarterly_operating_income,2024-09-30
6770,61c0c546-0c22-4b34-ad0e-3f435e1e96b0,quarterly_net_income_attributable_to_common,2026-06-30
6770,61c0c546-0c22-4b34-ad0e-3f435e1e96b0,quarterly_net_income_attributable_to_common,2026-03-31
6770,61c0c546-0c22-4b34-ad0e-3f435e1e96b0,quarterly_net_income_attributable_to_common,2025-12-31
6770,61c0c546-0c22-4b34-ad0e-3f435e1e96b0,quarterly_net_income_attributable_to_common,2025-09-30
6770,61c0c546-0c22-4b34-ad0e-3f435e1e96b0,quarterly_net_income_attributable_to_common,2025-06-30
6770,61c0c546-0c22-4b34-ad0e-3f435e1e96b0,quarterly_net_income_attributable_to_common,2025-03-31
6770,61c0c546-0c22-4b34-ad0e-3f435e1e96b0,quarterly_net_income_attributable_to_common,2024-12-31
6770,61c0c546-0c22-4b34-ad0e-3f435e1e96b0,quarterly_net_income_attributable_to_common,2024-09-30
6770,61c0c546-0c22-4b34-ad0e-3f435e1e96b0,quarterly_diluted_eps,2026-06-30
6770,61c0c546-0c22-4b34-ad0e-3f435e1e96b0,quarterly_diluted_eps,2026-03-31
6770,61c0c546-0c22-4b34-ad0e-3f435e1e96b0,quarterly_diluted_eps,2025-12-31
6770,61c0c546-0c22-4b34-ad0e-3f435e1e96b0,quarterly_diluted_eps,2025-09-30
6770,61c0c546-0c22-4b34-ad0e-3f435e1e96b0,quarterly_diluted_eps,2025-06-30
6770,61c0c546-0c22-4b34-ad0e-3f435e1e96b0,quarterly_diluted_eps,2025-03-31
6770,61c0c546-0c22-4b34-ad0e-3f435e1e96b0,quarterly_diluted_eps,2024-12-31
6770,61c0c546-0c22-4b34-ad0e-3f435e1e96b0,quarterly_diluted_eps,2024-09-30
6770,61c0c546-0c22-4b34-ad0e-3f435e1e96b0,diluted_weighted_average_shares,2026-06-30
6770,61c0c546-0c22-4b34-ad0e-3f435e1e96b0,diluted_weighted_average_shares,2026-03-31
6770,61c0c546-0c22-4b34-ad0e-3f435e1e96b0,diluted_weighted_average_shares,2025-12-31
6770,61c0c546-0c22-4b34-ad0e-3f435e1e96b0,diluted_weighted_average_shares,2025-09-30
6770,61c0c546-0c22-4b34-ad0e-3f435e1e96b0,diluted_weighted_average_shares,2025-06-30
6770,61c0c546-0c22-4b34-ad0e-3f435e1e96b0,diluted_weighted_average_shares,2025-03-31
6770,61c0c546-0c22-4b34-ad0e-3f435e1e96b0,diluted_weighted_average_shares,2024-12-31
6770,61c0c546-0c22-4b34-ad0e-3f435e1e96b0,diluted_weighted_average_shares,2024-09-30
6805,6cd3b505-b07f-4c49-9e7f-7d28523e48e1,quarterly_revenue,2026-06-30
6805,6cd3b505-b07f-4c49-9e7f-7d28523e48e1,quarterly_revenue,2026-03-31
6805,6cd3b505-b07f-4c49-9e7f-7d28523e48e1,quarterly_revenue,2025-12-31
6805,6cd3b505-b07f-4c49-9e7f-7d28523e48e1,quarterly_revenue,2025-09-30
6805,6cd3b505-b07f-4c49-9e7f-7d28523e48e1,quarterly_revenue,2025-06-30
6805,6cd3b505-b07f-4c49-9e7f-7d28523e48e1,quarterly_revenue,2025-03-31
6805,6cd3b505-b07f-4c49-9e7f-7d28523e48e1,quarterly_revenue,2024-12-31
6805,6cd3b505-b07f-4c49-9e7f-7d28523e48e1,quarterly_revenue,2024-09-30
6805,6cd3b505-b07f-4c49-9e7f-7d28523e48e1,quarterly_gross_profit,2026-06-30
6805,6cd3b505-b07f-4c49-9e7f-7d28523e48e1,quarterly_gross_profit,2026-03-31
6805,6cd3b505-b07f-4c49-9e7f-7d28523e48e1,quarterly_gross_profit,2025-12-31
6805,6cd3b505-b07f-4c49-9e7f-7d28523e48e1,quarterly_gross_profit,2025-09-30
6805,6cd3b505-b07f-4c49-9e7f-7d28523e48e1,quarterly_gross_profit,2025-06-30
6805,6cd3b505-b07f-4c49-9e7f-7d28523e48e1,quarterly_gross_profit,2025-03-31
6805,6cd3b505-b07f-4c49-9e7f-7d28523e48e1,quarterly_gross_profit,2024-12-31
6805,6cd3b505-b07f-4c49-9e7f-7d28523e48e1,quarterly_gross_profit,2024-09-30
6805,6cd3b505-b07f-4c49-9e7f-7d28523e48e1,quarterly_operating_income,2026-06-30
6805,6cd3b505-b07f-4c49-9e7f-7d28523e48e1,quarterly_operating_income,2026-03-31
6805,6cd3b505-b07f-4c49-9e7f-7d28523e48e1,quarterly_operating_income,2025-12-31
6805,6cd3b505-b07f-4c49-9e7f-7d28523e48e1,quarterly_operating_income,2025-09-30
6805,6cd3b505-b07f-4c49-9e7f-7d28523e48e1,quarterly_operating_income,2025-06-30
6805,6cd3b505-b07f-4c49-9e7f-7d28523e48e1,quarterly_operating_income,2025-03-31
6805,6cd3b505-b07f-4c49-9e7f-7d28523e48e1,quarterly_operating_income,2024-12-31
6805,6cd3b505-b07f-4c49-9e7f-7d28523e48e1,quarterly_operating_income,2024-09-30
6805,6cd3b505-b07f-4c49-9e7f-7d28523e48e1,quarterly_net_income_attributable_to_common,2026-06-30
6805,6cd3b505-b07f-4c49-9e7f-7d28523e48e1,quarterly_net_income_attributable_to_common,2026-03-31
6805,6cd3b505-b07f-4c49-9e7f-7d28523e48e1,quarterly_net_income_attributable_to_common,2025-12-31
6805,6cd3b505-b07f-4c49-9e7f-7d28523e48e1,quarterly_net_income_attributable_to_common,2025-09-30
6805,6cd3b505-b07f-4c49-9e7f-7d28523e48e1,quarterly_net_income_attributable_to_common,2025-06-30
6805,6cd3b505-b07f-4c49-9e7f-7d28523e48e1,quarterly_net_income_attributable_to_common,2025-03-31
6805,6cd3b505-b07f-4c49-9e7f-7d28523e48e1,quarterly_net_income_attributable_to_common,2024-12-31
6805,6cd3b505-b07f-4c49-9e7f-7d28523e48e1,quarterly_net_income_attributable_to_common,2024-09-30
6805,6cd3b505-b07f-4c49-9e7f-7d28523e48e1,quarterly_diluted_eps,2026-06-30
6805,6cd3b505-b07f-4c49-9e7f-7d28523e48e1,quarterly_diluted_eps,2026-03-31
6805,6cd3b505-b07f-4c49-9e7f-7d28523e48e1,quarterly_diluted_eps,2025-12-31
6805,6cd3b505-b07f-4c49-9e7f-7d28523e48e1,quarterly_diluted_eps,2025-09-30
6805,6cd3b505-b07f-4c49-9e7f-7d28523e48e1,quarterly_diluted_eps,2025-06-30
6805,6cd3b505-b07f-4c49-9e7f-7d28523e48e1,quarterly_diluted_eps,2025-03-31
6805,6cd3b505-b07f-4c49-9e7f-7d28523e48e1,quarterly_diluted_eps,2024-12-31
6805,6cd3b505-b07f-4c49-9e7f-7d28523e48e1,quarterly_diluted_eps,2024-09-30
6805,6cd3b505-b07f-4c49-9e7f-7d28523e48e1,diluted_weighted_average_shares,2026-06-30
6805,6cd3b505-b07f-4c49-9e7f-7d28523e48e1,diluted_weighted_average_shares,2026-03-31
6805,6cd3b505-b07f-4c49-9e7f-7d28523e48e1,diluted_weighted_average_shares,2025-12-31
6805,6cd3b505-b07f-4c49-9e7f-7d28523e48e1,diluted_weighted_average_shares,2025-09-30
6805,6cd3b505-b07f-4c49-9e7f-7d28523e48e1,diluted_weighted_average_shares,2025-06-30
6805,6cd3b505-b07f-4c49-9e7f-7d28523e48e1,diluted_weighted_average_shares,2025-03-31
6805,6cd3b505-b07f-4c49-9e7f-7d28523e48e1,diluted_weighted_average_shares,2024-12-31
6805,6cd3b505-b07f-4c49-9e7f-7d28523e48e1,diluted_weighted_average_shares,2024-09-30
6834,a3ad4087-902d-4f11-b51a-3abb64d91680,quarterly_revenue,2026-06-30
6834,a3ad4087-902d-4f11-b51a-3abb64d91680,quarterly_revenue,2026-03-31
6834,a3ad4087-902d-4f11-b51a-3abb64d91680,quarterly_revenue,2025-12-31
6834,a3ad4087-902d-4f11-b51a-3abb64d91680,quarterly_revenue,2025-09-30
6834,a3ad4087-902d-4f11-b51a-3abb64d91680,quarterly_revenue,2025-06-30
6834,a3ad4087-902d-4f11-b51a-3abb64d91680,quarterly_revenue,2025-03-31
6834,a3ad4087-902d-4f11-b51a-3abb64d91680,quarterly_revenue,2024-12-31
6834,a3ad4087-902d-4f11-b51a-3abb64d91680,quarterly_revenue,2024-09-30
6834,a3ad4087-902d-4f11-b51a-3abb64d91680,quarterly_gross_profit,2026-06-30
6834,a3ad4087-902d-4f11-b51a-3abb64d91680,quarterly_gross_profit,2026-03-31
6834,a3ad4087-902d-4f11-b51a-3abb64d91680,quarterly_gross_profit,2025-12-31
6834,a3ad4087-902d-4f11-b51a-3abb64d91680,quarterly_gross_profit,2025-09-30
6834,a3ad4087-902d-4f11-b51a-3abb64d91680,quarterly_gross_profit,2025-06-30
6834,a3ad4087-902d-4f11-b51a-3abb64d91680,quarterly_gross_profit,2025-03-31
6834,a3ad4087-902d-4f11-b51a-3abb64d91680,quarterly_gross_profit,2024-12-31
6834,a3ad4087-902d-4f11-b51a-3abb64d91680,quarterly_gross_profit,2024-09-30
6834,a3ad4087-902d-4f11-b51a-3abb64d91680,quarterly_operating_income,2026-06-30
6834,a3ad4087-902d-4f11-b51a-3abb64d91680,quarterly_operating_income,2026-03-31
6834,a3ad4087-902d-4f11-b51a-3abb64d91680,quarterly_operating_income,2025-12-31
6834,a3ad4087-902d-4f11-b51a-3abb64d91680,quarterly_operating_income,2025-09-30
6834,a3ad4087-902d-4f11-b51a-3abb64d91680,quarterly_operating_income,2025-06-30
6834,a3ad4087-902d-4f11-b51a-3abb64d91680,quarterly_operating_income,2025-03-31
6834,a3ad4087-902d-4f11-b51a-3abb64d91680,quarterly_operating_income,2024-12-31
6834,a3ad4087-902d-4f11-b51a-3abb64d91680,quarterly_operating_income,2024-09-30
6834,a3ad4087-902d-4f11-b51a-3abb64d91680,quarterly_net_income_attributable_to_common,2026-06-30
6834,a3ad4087-902d-4f11-b51a-3abb64d91680,quarterly_net_income_attributable_to_common,2026-03-31
6834,a3ad4087-902d-4f11-b51a-3abb64d91680,quarterly_net_income_attributable_to_common,2025-12-31
6834,a3ad4087-902d-4f11-b51a-3abb64d91680,quarterly_net_income_attributable_to_common,2025-09-30
6834,a3ad4087-902d-4f11-b51a-3abb64d91680,quarterly_net_income_attributable_to_common,2025-06-30
6834,a3ad4087-902d-4f11-b51a-3abb64d91680,quarterly_net_income_attributable_to_common,2025-03-31
6834,a3ad4087-902d-4f11-b51a-3abb64d91680,quarterly_net_income_attributable_to_common,2024-12-31
6834,a3ad4087-902d-4f11-b51a-3abb64d91680,quarterly_net_income_attributable_to_common,2024-09-30
6834,a3ad4087-902d-4f11-b51a-3abb64d91680,quarterly_diluted_eps,2026-06-30
6834,a3ad4087-902d-4f11-b51a-3abb64d91680,quarterly_diluted_eps,2026-03-31
6834,a3ad4087-902d-4f11-b51a-3abb64d91680,quarterly_diluted_eps,2025-12-31
6834,a3ad4087-902d-4f11-b51a-3abb64d91680,quarterly_diluted_eps,2025-09-30
6834,a3ad4087-902d-4f11-b51a-3abb64d91680,quarterly_diluted_eps,2025-06-30
6834,a3ad4087-902d-4f11-b51a-3abb64d91680,quarterly_diluted_eps,2025-03-31
6834,a3ad4087-902d-4f11-b51a-3abb64d91680,quarterly_diluted_eps,2024-12-31
6834,a3ad4087-902d-4f11-b51a-3abb64d91680,quarterly_diluted_eps,2024-09-30
6834,a3ad4087-902d-4f11-b51a-3abb64d91680,diluted_weighted_average_shares,2026-06-30
6834,a3ad4087-902d-4f11-b51a-3abb64d91680,diluted_weighted_average_shares,2026-03-31
6834,a3ad4087-902d-4f11-b51a-3abb64d91680,diluted_weighted_average_shares,2025-12-31
6834,a3ad4087-902d-4f11-b51a-3abb64d91680,diluted_weighted_average_shares,2025-09-30
6834,a3ad4087-902d-4f11-b51a-3abb64d91680,diluted_weighted_average_shares,2025-06-30
6834,a3ad4087-902d-4f11-b51a-3abb64d91680,diluted_weighted_average_shares,2025-03-31
6834,a3ad4087-902d-4f11-b51a-3abb64d91680,diluted_weighted_average_shares,2024-12-31
6834,a3ad4087-902d-4f11-b51a-3abb64d91680,diluted_weighted_average_shares,2024-09-30
6861,59fa23da-66d0-476b-9395-2eb7b8939ec2,quarterly_revenue,2026-06-30
6861,59fa23da-66d0-476b-9395-2eb7b8939ec2,quarterly_revenue,2026-03-31
6861,59fa23da-66d0-476b-9395-2eb7b8939ec2,quarterly_revenue,2025-12-31
6861,59fa23da-66d0-476b-9395-2eb7b8939ec2,quarterly_revenue,2025-09-30
6861,59fa23da-66d0-476b-9395-2eb7b8939ec2,quarterly_revenue,2025-06-30
6861,59fa23da-66d0-476b-9395-2eb7b8939ec2,quarterly_revenue,2025-03-31
6861,59fa23da-66d0-476b-9395-2eb7b8939ec2,quarterly_revenue,2024-12-31
6861,59fa23da-66d0-476b-9395-2eb7b8939ec2,quarterly_revenue,2024-09-30
6861,59fa23da-66d0-476b-9395-2eb7b8939ec2,quarterly_gross_profit,2026-06-30
6861,59fa23da-66d0-476b-9395-2eb7b8939ec2,quarterly_gross_profit,2026-03-31
6861,59fa23da-66d0-476b-9395-2eb7b8939ec2,quarterly_gross_profit,2025-12-31
6861,59fa23da-66d0-476b-9395-2eb7b8939ec2,quarterly_gross_profit,2025-09-30
6861,59fa23da-66d0-476b-9395-2eb7b8939ec2,quarterly_gross_profit,2025-06-30
6861,59fa23da-66d0-476b-9395-2eb7b8939ec2,quarterly_gross_profit,2025-03-31
6861,59fa23da-66d0-476b-9395-2eb7b8939ec2,quarterly_gross_profit,2024-12-31
6861,59fa23da-66d0-476b-9395-2eb7b8939ec2,quarterly_gross_profit,2024-09-30
6861,59fa23da-66d0-476b-9395-2eb7b8939ec2,quarterly_operating_income,2026-06-30
6861,59fa23da-66d0-476b-9395-2eb7b8939ec2,quarterly_operating_income,2026-03-31
6861,59fa23da-66d0-476b-9395-2eb7b8939ec2,quarterly_operating_income,2025-12-31
6861,59fa23da-66d0-476b-9395-2eb7b8939ec2,quarterly_operating_income,2025-09-30
6861,59fa23da-66d0-476b-9395-2eb7b8939ec2,quarterly_operating_income,2025-06-30
6861,59fa23da-66d0-476b-9395-2eb7b8939ec2,quarterly_operating_income,2025-03-31
6861,59fa23da-66d0-476b-9395-2eb7b8939ec2,quarterly_operating_income,2024-12-31
6861,59fa23da-66d0-476b-9395-2eb7b8939ec2,quarterly_operating_income,2024-09-30
6861,59fa23da-66d0-476b-9395-2eb7b8939ec2,quarterly_net_income_attributable_to_common,2026-06-30
6861,59fa23da-66d0-476b-9395-2eb7b8939ec2,quarterly_net_income_attributable_to_common,2026-03-31
6861,59fa23da-66d0-476b-9395-2eb7b8939ec2,quarterly_net_income_attributable_to_common,2025-12-31
6861,59fa23da-66d0-476b-9395-2eb7b8939ec2,quarterly_net_income_attributable_to_common,2025-09-30
6861,59fa23da-66d0-476b-9395-2eb7b8939ec2,quarterly_net_income_attributable_to_common,2025-06-30
6861,59fa23da-66d0-476b-9395-2eb7b8939ec2,quarterly_net_income_attributable_to_common,2025-03-31
6861,59fa23da-66d0-476b-9395-2eb7b8939ec2,quarterly_net_income_attributable_to_common,2024-12-31
6861,59fa23da-66d0-476b-9395-2eb7b8939ec2,quarterly_net_income_attributable_to_common,2024-09-30
6861,59fa23da-66d0-476b-9395-2eb7b8939ec2,quarterly_diluted_eps,2026-06-30
6861,59fa23da-66d0-476b-9395-2eb7b8939ec2,quarterly_diluted_eps,2026-03-31
6861,59fa23da-66d0-476b-9395-2eb7b8939ec2,quarterly_diluted_eps,2025-12-31
6861,59fa23da-66d0-476b-9395-2eb7b8939ec2,quarterly_diluted_eps,2025-09-30
6861,59fa23da-66d0-476b-9395-2eb7b8939ec2,quarterly_diluted_eps,2025-06-30
6861,59fa23da-66d0-476b-9395-2eb7b8939ec2,quarterly_diluted_eps,2025-03-31
6861,59fa23da-66d0-476b-9395-2eb7b8939ec2,quarterly_diluted_eps,2024-12-31
6861,59fa23da-66d0-476b-9395-2eb7b8939ec2,quarterly_diluted_eps,2024-09-30
6861,59fa23da-66d0-476b-9395-2eb7b8939ec2,diluted_weighted_average_shares,2026-06-30
6861,59fa23da-66d0-476b-9395-2eb7b8939ec2,diluted_weighted_average_shares,2026-03-31
6861,59fa23da-66d0-476b-9395-2eb7b8939ec2,diluted_weighted_average_shares,2025-12-31
6861,59fa23da-66d0-476b-9395-2eb7b8939ec2,diluted_weighted_average_shares,2025-09-30
6861,59fa23da-66d0-476b-9395-2eb7b8939ec2,diluted_weighted_average_shares,2025-06-30
6861,59fa23da-66d0-476b-9395-2eb7b8939ec2,diluted_weighted_average_shares,2025-03-31
6861,59fa23da-66d0-476b-9395-2eb7b8939ec2,diluted_weighted_average_shares,2024-12-31
6861,59fa23da-66d0-476b-9395-2eb7b8939ec2,diluted_weighted_average_shares,2024-09-30
7716,9196dca7-7428-40aa-aa81-3d355be81779,quarterly_revenue,2026-06-30
7716,9196dca7-7428-40aa-aa81-3d355be81779,quarterly_revenue,2026-03-31
7716,9196dca7-7428-40aa-aa81-3d355be81779,quarterly_revenue,2025-12-31
7716,9196dca7-7428-40aa-aa81-3d355be81779,quarterly_revenue,2025-09-30
7716,9196dca7-7428-40aa-aa81-3d355be81779,quarterly_revenue,2025-06-30
7716,9196dca7-7428-40aa-aa81-3d355be81779,quarterly_revenue,2025-03-31
7716,9196dca7-7428-40aa-aa81-3d355be81779,quarterly_revenue,2024-12-31
7716,9196dca7-7428-40aa-aa81-3d355be81779,quarterly_revenue,2024-09-30
7716,9196dca7-7428-40aa-aa81-3d355be81779,quarterly_gross_profit,2026-06-30
7716,9196dca7-7428-40aa-aa81-3d355be81779,quarterly_gross_profit,2026-03-31
7716,9196dca7-7428-40aa-aa81-3d355be81779,quarterly_gross_profit,2025-12-31
7716,9196dca7-7428-40aa-aa81-3d355be81779,quarterly_gross_profit,2025-09-30
7716,9196dca7-7428-40aa-aa81-3d355be81779,quarterly_gross_profit,2025-06-30
7716,9196dca7-7428-40aa-aa81-3d355be81779,quarterly_gross_profit,2025-03-31
7716,9196dca7-7428-40aa-aa81-3d355be81779,quarterly_gross_profit,2024-12-31
7716,9196dca7-7428-40aa-aa81-3d355be81779,quarterly_gross_profit,2024-09-30
7716,9196dca7-7428-40aa-aa81-3d355be81779,quarterly_operating_income,2026-06-30
7716,9196dca7-7428-40aa-aa81-3d355be81779,quarterly_operating_income,2026-03-31
7716,9196dca7-7428-40aa-aa81-3d355be81779,quarterly_operating_income,2025-12-31
7716,9196dca7-7428-40aa-aa81-3d355be81779,quarterly_operating_income,2025-09-30
7716,9196dca7-7428-40aa-aa81-3d355be81779,quarterly_operating_income,2025-06-30
7716,9196dca7-7428-40aa-aa81-3d355be81779,quarterly_operating_income,2025-03-31
7716,9196dca7-7428-40aa-aa81-3d355be81779,quarterly_operating_income,2024-12-31
7716,9196dca7-7428-40aa-aa81-3d355be81779,quarterly_operating_income,2024-09-30
7716,9196dca7-7428-40aa-aa81-3d355be81779,quarterly_net_income_attributable_to_common,2026-06-30
7716,9196dca7-7428-40aa-aa81-3d355be81779,quarterly_net_income_attributable_to_common,2026-03-31
7716,9196dca7-7428-40aa-aa81-3d355be81779,quarterly_net_income_attributable_to_common,2025-12-31
7716,9196dca7-7428-40aa-aa81-3d355be81779,quarterly_net_income_attributable_to_common,2025-09-30
7716,9196dca7-7428-40aa-aa81-3d355be81779,quarterly_net_income_attributable_to_common,2025-06-30
7716,9196dca7-7428-40aa-aa81-3d355be81779,quarterly_net_income_attributable_to_common,2025-03-31
7716,9196dca7-7428-40aa-aa81-3d355be81779,quarterly_net_income_attributable_to_common,2024-12-31
7716,9196dca7-7428-40aa-aa81-3d355be81779,quarterly_net_income_attributable_to_common,2024-09-30
7716,9196dca7-7428-40aa-aa81-3d355be81779,quarterly_diluted_eps,2026-06-30
7716,9196dca7-7428-40aa-aa81-3d355be81779,quarterly_diluted_eps,2026-03-31
7716,9196dca7-7428-40aa-aa81-3d355be81779,quarterly_diluted_eps,2025-12-31
7716,9196dca7-7428-40aa-aa81-3d355be81779,quarterly_diluted_eps,2025-09-30
7716,9196dca7-7428-40aa-aa81-3d355be81779,quarterly_diluted_eps,2025-06-30
7716,9196dca7-7428-40aa-aa81-3d355be81779,quarterly_diluted_eps,2025-03-31
7716,9196dca7-7428-40aa-aa81-3d355be81779,quarterly_diluted_eps,2024-12-31
7716,9196dca7-7428-40aa-aa81-3d355be81779,quarterly_diluted_eps,2024-09-30
7716,9196dca7-7428-40aa-aa81-3d355be81779,diluted_weighted_average_shares,2026-06-30
7716,9196dca7-7428-40aa-aa81-3d355be81779,diluted_weighted_average_shares,2026-03-31
7716,9196dca7-7428-40aa-aa81-3d355be81779,diluted_weighted_average_shares,2025-12-31
7716,9196dca7-7428-40aa-aa81-3d355be81779,diluted_weighted_average_shares,2025-09-30
7716,9196dca7-7428-40aa-aa81-3d355be81779,diluted_weighted_average_shares,2025-06-30
7716,9196dca7-7428-40aa-aa81-3d355be81779,diluted_weighted_average_shares,2025-03-31
7716,9196dca7-7428-40aa-aa81-3d355be81779,diluted_weighted_average_shares,2024-12-31
7716,9196dca7-7428-40aa-aa81-3d355be81779,diluted_weighted_average_shares,2024-09-30
7723,6cc8f55d-7ef6-4494-9fe5-30ed54eb1292,quarterly_revenue,2026-06-30
7723,6cc8f55d-7ef6-4494-9fe5-30ed54eb1292,quarterly_revenue,2026-03-31
7723,6cc8f55d-7ef6-4494-9fe5-30ed54eb1292,quarterly_revenue,2025-12-31
7723,6cc8f55d-7ef6-4494-9fe5-30ed54eb1292,quarterly_revenue,2025-09-30
7723,6cc8f55d-7ef6-4494-9fe5-30ed54eb1292,quarterly_revenue,2025-06-30
7723,6cc8f55d-7ef6-4494-9fe5-30ed54eb1292,quarterly_revenue,2025-03-31
7723,6cc8f55d-7ef6-4494-9fe5-30ed54eb1292,quarterly_revenue,2024-12-31
7723,6cc8f55d-7ef6-4494-9fe5-30ed54eb1292,quarterly_revenue,2024-09-30
7723,6cc8f55d-7ef6-4494-9fe5-30ed54eb1292,quarterly_gross_profit,2026-06-30
7723,6cc8f55d-7ef6-4494-9fe5-30ed54eb1292,quarterly_gross_profit,2026-03-31
7723,6cc8f55d-7ef6-4494-9fe5-30ed54eb1292,quarterly_gross_profit,2025-12-31
7723,6cc8f55d-7ef6-4494-9fe5-30ed54eb1292,quarterly_gross_profit,2025-09-30
7723,6cc8f55d-7ef6-4494-9fe5-30ed54eb1292,quarterly_gross_profit,2025-06-30
7723,6cc8f55d-7ef6-4494-9fe5-30ed54eb1292,quarterly_gross_profit,2025-03-31
7723,6cc8f55d-7ef6-4494-9fe5-30ed54eb1292,quarterly_gross_profit,2024-12-31
7723,6cc8f55d-7ef6-4494-9fe5-30ed54eb1292,quarterly_gross_profit,2024-09-30
7723,6cc8f55d-7ef6-4494-9fe5-30ed54eb1292,quarterly_operating_income,2026-06-30
7723,6cc8f55d-7ef6-4494-9fe5-30ed54eb1292,quarterly_operating_income,2026-03-31
7723,6cc8f55d-7ef6-4494-9fe5-30ed54eb1292,quarterly_operating_income,2025-12-31
7723,6cc8f55d-7ef6-4494-9fe5-30ed54eb1292,quarterly_operating_income,2025-09-30
7723,6cc8f55d-7ef6-4494-9fe5-30ed54eb1292,quarterly_operating_income,2025-06-30
7723,6cc8f55d-7ef6-4494-9fe5-30ed54eb1292,quarterly_operating_income,2025-03-31
7723,6cc8f55d-7ef6-4494-9fe5-30ed54eb1292,quarterly_operating_income,2024-12-31
7723,6cc8f55d-7ef6-4494-9fe5-30ed54eb1292,quarterly_operating_income,2024-09-30
7723,6cc8f55d-7ef6-4494-9fe5-30ed54eb1292,quarterly_net_income_attributable_to_common,2026-06-30
7723,6cc8f55d-7ef6-4494-9fe5-30ed54eb1292,quarterly_net_income_attributable_to_common,2026-03-31
7723,6cc8f55d-7ef6-4494-9fe5-30ed54eb1292,quarterly_net_income_attributable_to_common,2025-12-31
7723,6cc8f55d-7ef6-4494-9fe5-30ed54eb1292,quarterly_net_income_attributable_to_common,2025-09-30
7723,6cc8f55d-7ef6-4494-9fe5-30ed54eb1292,quarterly_net_income_attributable_to_common,2025-06-30
7723,6cc8f55d-7ef6-4494-9fe5-30ed54eb1292,quarterly_net_income_attributable_to_common,2025-03-31
7723,6cc8f55d-7ef6-4494-9fe5-30ed54eb1292,quarterly_net_income_attributable_to_common,2024-12-31
7723,6cc8f55d-7ef6-4494-9fe5-30ed54eb1292,quarterly_net_income_attributable_to_common,2024-09-30
7723,6cc8f55d-7ef6-4494-9fe5-30ed54eb1292,quarterly_diluted_eps,2026-06-30
7723,6cc8f55d-7ef6-4494-9fe5-30ed54eb1292,quarterly_diluted_eps,2026-03-31
7723,6cc8f55d-7ef6-4494-9fe5-30ed54eb1292,quarterly_diluted_eps,2025-12-31
7723,6cc8f55d-7ef6-4494-9fe5-30ed54eb1292,quarterly_diluted_eps,2025-09-30
7723,6cc8f55d-7ef6-4494-9fe5-30ed54eb1292,quarterly_diluted_eps,2025-06-30
7723,6cc8f55d-7ef6-4494-9fe5-30ed54eb1292,quarterly_diluted_eps,2025-03-31
7723,6cc8f55d-7ef6-4494-9fe5-30ed54eb1292,quarterly_diluted_eps,2024-12-31
7723,6cc8f55d-7ef6-4494-9fe5-30ed54eb1292,quarterly_diluted_eps,2024-09-30
7723,6cc8f55d-7ef6-4494-9fe5-30ed54eb1292,diluted_weighted_average_shares,2026-06-30
7723,6cc8f55d-7ef6-4494-9fe5-30ed54eb1292,diluted_weighted_average_shares,2026-03-31
7723,6cc8f55d-7ef6-4494-9fe5-30ed54eb1292,diluted_weighted_average_shares,2025-12-31
7723,6cc8f55d-7ef6-4494-9fe5-30ed54eb1292,diluted_weighted_average_shares,2025-09-30
7723,6cc8f55d-7ef6-4494-9fe5-30ed54eb1292,diluted_weighted_average_shares,2025-06-30
7723,6cc8f55d-7ef6-4494-9fe5-30ed54eb1292,diluted_weighted_average_shares,2025-03-31
7723,6cc8f55d-7ef6-4494-9fe5-30ed54eb1292,diluted_weighted_average_shares,2024-12-31
7723,6cc8f55d-7ef6-4494-9fe5-30ed54eb1292,diluted_weighted_average_shares,2024-09-30
7769,55ffd856-a387-421d-bc7a-3cf18c3845a7,quarterly_revenue,2026-06-30
7769,55ffd856-a387-421d-bc7a-3cf18c3845a7,quarterly_revenue,2026-03-31
7769,55ffd856-a387-421d-bc7a-3cf18c3845a7,quarterly_revenue,2025-12-31
7769,55ffd856-a387-421d-bc7a-3cf18c3845a7,quarterly_revenue,2025-09-30
7769,55ffd856-a387-421d-bc7a-3cf18c3845a7,quarterly_revenue,2025-06-30
7769,55ffd856-a387-421d-bc7a-3cf18c3845a7,quarterly_revenue,2025-03-31
7769,55ffd856-a387-421d-bc7a-3cf18c3845a7,quarterly_revenue,2024-12-31
7769,55ffd856-a387-421d-bc7a-3cf18c3845a7,quarterly_revenue,2024-09-30
7769,55ffd856-a387-421d-bc7a-3cf18c3845a7,quarterly_gross_profit,2026-06-30
7769,55ffd856-a387-421d-bc7a-3cf18c3845a7,quarterly_gross_profit,2026-03-31
7769,55ffd856-a387-421d-bc7a-3cf18c3845a7,quarterly_gross_profit,2025-12-31
7769,55ffd856-a387-421d-bc7a-3cf18c3845a7,quarterly_gross_profit,2025-09-30
7769,55ffd856-a387-421d-bc7a-3cf18c3845a7,quarterly_gross_profit,2025-06-30
7769,55ffd856-a387-421d-bc7a-3cf18c3845a7,quarterly_gross_profit,2025-03-31
7769,55ffd856-a387-421d-bc7a-3cf18c3845a7,quarterly_gross_profit,2024-12-31
7769,55ffd856-a387-421d-bc7a-3cf18c3845a7,quarterly_gross_profit,2024-09-30
7769,55ffd856-a387-421d-bc7a-3cf18c3845a7,quarterly_operating_income,2026-06-30
7769,55ffd856-a387-421d-bc7a-3cf18c3845a7,quarterly_operating_income,2026-03-31
7769,55ffd856-a387-421d-bc7a-3cf18c3845a7,quarterly_operating_income,2025-12-31
7769,55ffd856-a387-421d-bc7a-3cf18c3845a7,quarterly_operating_income,2025-09-30
7769,55ffd856-a387-421d-bc7a-3cf18c3845a7,quarterly_operating_income,2025-06-30
7769,55ffd856-a387-421d-bc7a-3cf18c3845a7,quarterly_operating_income,2025-03-31
7769,55ffd856-a387-421d-bc7a-3cf18c3845a7,quarterly_operating_income,2024-12-31
7769,55ffd856-a387-421d-bc7a-3cf18c3845a7,quarterly_operating_income,2024-09-30
7769,55ffd856-a387-421d-bc7a-3cf18c3845a7,quarterly_net_income_attributable_to_common,2026-06-30
7769,55ffd856-a387-421d-bc7a-3cf18c3845a7,quarterly_net_income_attributable_to_common,2026-03-31
7769,55ffd856-a387-421d-bc7a-3cf18c3845a7,quarterly_net_income_attributable_to_common,2025-12-31
7769,55ffd856-a387-421d-bc7a-3cf18c3845a7,quarterly_net_income_attributable_to_common,2025-09-30
7769,55ffd856-a387-421d-bc7a-3cf18c3845a7,quarterly_net_income_attributable_to_common,2025-06-30
7769,55ffd856-a387-421d-bc7a-3cf18c3845a7,quarterly_net_income_attributable_to_common,2025-03-31
7769,55ffd856-a387-421d-bc7a-3cf18c3845a7,quarterly_net_income_attributable_to_common,2024-12-31
7769,55ffd856-a387-421d-bc7a-3cf18c3845a7,quarterly_net_income_attributable_to_common,2024-09-30
7769,55ffd856-a387-421d-bc7a-3cf18c3845a7,quarterly_diluted_eps,2026-06-30
7769,55ffd856-a387-421d-bc7a-3cf18c3845a7,quarterly_diluted_eps,2026-03-31
7769,55ffd856-a387-421d-bc7a-3cf18c3845a7,quarterly_diluted_eps,2025-12-31
7769,55ffd856-a387-421d-bc7a-3cf18c3845a7,quarterly_diluted_eps,2025-09-30
7769,55ffd856-a387-421d-bc7a-3cf18c3845a7,quarterly_diluted_eps,2025-06-30
7769,55ffd856-a387-421d-bc7a-3cf18c3845a7,quarterly_diluted_eps,2025-03-31
7769,55ffd856-a387-421d-bc7a-3cf18c3845a7,quarterly_diluted_eps,2024-12-31
7769,55ffd856-a387-421d-bc7a-3cf18c3845a7,quarterly_diluted_eps,2024-09-30
7769,55ffd856-a387-421d-bc7a-3cf18c3845a7,diluted_weighted_average_shares,2026-06-30
7769,55ffd856-a387-421d-bc7a-3cf18c3845a7,diluted_weighted_average_shares,2026-03-31
7769,55ffd856-a387-421d-bc7a-3cf18c3845a7,diluted_weighted_average_shares,2025-12-31
7769,55ffd856-a387-421d-bc7a-3cf18c3845a7,diluted_weighted_average_shares,2025-09-30
7769,55ffd856-a387-421d-bc7a-3cf18c3845a7,diluted_weighted_average_shares,2025-06-30
7769,55ffd856-a387-421d-bc7a-3cf18c3845a7,diluted_weighted_average_shares,2025-03-31
7769,55ffd856-a387-421d-bc7a-3cf18c3845a7,diluted_weighted_average_shares,2024-12-31
7769,55ffd856-a387-421d-bc7a-3cf18c3845a7,diluted_weighted_average_shares,2024-09-30
7772,b8d08319-4cf6-42dd-8ce1-5a1457e4234c,quarterly_revenue,2026-06-30
7772,b8d08319-4cf6-42dd-8ce1-5a1457e4234c,quarterly_revenue,2026-03-31
7772,b8d08319-4cf6-42dd-8ce1-5a1457e4234c,quarterly_revenue,2025-12-31
7772,b8d08319-4cf6-42dd-8ce1-5a1457e4234c,quarterly_revenue,2025-09-30
7772,b8d08319-4cf6-42dd-8ce1-5a1457e4234c,quarterly_revenue,2025-06-30
7772,b8d08319-4cf6-42dd-8ce1-5a1457e4234c,quarterly_revenue,2025-03-31
7772,b8d08319-4cf6-42dd-8ce1-5a1457e4234c,quarterly_revenue,2024-12-31
7772,b8d08319-4cf6-42dd-8ce1-5a1457e4234c,quarterly_revenue,2024-09-30
7772,b8d08319-4cf6-42dd-8ce1-5a1457e4234c,quarterly_gross_profit,2026-06-30
7772,b8d08319-4cf6-42dd-8ce1-5a1457e4234c,quarterly_gross_profit,2026-03-31
7772,b8d08319-4cf6-42dd-8ce1-5a1457e4234c,quarterly_gross_profit,2025-12-31
7772,b8d08319-4cf6-42dd-8ce1-5a1457e4234c,quarterly_gross_profit,2025-09-30
7772,b8d08319-4cf6-42dd-8ce1-5a1457e4234c,quarterly_gross_profit,2025-06-30
7772,b8d08319-4cf6-42dd-8ce1-5a1457e4234c,quarterly_gross_profit,2025-03-31
7772,b8d08319-4cf6-42dd-8ce1-5a1457e4234c,quarterly_gross_profit,2024-12-31
7772,b8d08319-4cf6-42dd-8ce1-5a1457e4234c,quarterly_gross_profit,2024-09-30
7772,b8d08319-4cf6-42dd-8ce1-5a1457e4234c,quarterly_operating_income,2026-06-30
7772,b8d08319-4cf6-42dd-8ce1-5a1457e4234c,quarterly_operating_income,2026-03-31
7772,b8d08319-4cf6-42dd-8ce1-5a1457e4234c,quarterly_operating_income,2025-12-31
7772,b8d08319-4cf6-42dd-8ce1-5a1457e4234c,quarterly_operating_income,2025-09-30
7772,b8d08319-4cf6-42dd-8ce1-5a1457e4234c,quarterly_operating_income,2025-06-30
7772,b8d08319-4cf6-42dd-8ce1-5a1457e4234c,quarterly_operating_income,2025-03-31
7772,b8d08319-4cf6-42dd-8ce1-5a1457e4234c,quarterly_operating_income,2024-12-31
7772,b8d08319-4cf6-42dd-8ce1-5a1457e4234c,quarterly_operating_income,2024-09-30
7772,b8d08319-4cf6-42dd-8ce1-5a1457e4234c,quarterly_net_income_attributable_to_common,2026-06-30
7772,b8d08319-4cf6-42dd-8ce1-5a1457e4234c,quarterly_net_income_attributable_to_common,2026-03-31
7772,b8d08319-4cf6-42dd-8ce1-5a1457e4234c,quarterly_net_income_attributable_to_common,2025-12-31
7772,b8d08319-4cf6-42dd-8ce1-5a1457e4234c,quarterly_net_income_attributable_to_common,2025-09-30
7772,b8d08319-4cf6-42dd-8ce1-5a1457e4234c,quarterly_net_income_attributable_to_common,2025-06-30
7772,b8d08319-4cf6-42dd-8ce1-5a1457e4234c,quarterly_net_income_attributable_to_common,2025-03-31
7772,b8d08319-4cf6-42dd-8ce1-5a1457e4234c,quarterly_net_income_attributable_to_common,2024-12-31
7772,b8d08319-4cf6-42dd-8ce1-5a1457e4234c,quarterly_net_income_attributable_to_common,2024-09-30
7772,b8d08319-4cf6-42dd-8ce1-5a1457e4234c,quarterly_diluted_eps,2026-06-30
7772,b8d08319-4cf6-42dd-8ce1-5a1457e4234c,quarterly_diluted_eps,2026-03-31
7772,b8d08319-4cf6-42dd-8ce1-5a1457e4234c,quarterly_diluted_eps,2025-12-31
7772,b8d08319-4cf6-42dd-8ce1-5a1457e4234c,quarterly_diluted_eps,2025-09-30
7772,b8d08319-4cf6-42dd-8ce1-5a1457e4234c,quarterly_diluted_eps,2025-06-30
7772,b8d08319-4cf6-42dd-8ce1-5a1457e4234c,quarterly_diluted_eps,2025-03-31
7772,b8d08319-4cf6-42dd-8ce1-5a1457e4234c,quarterly_diluted_eps,2024-12-31
7772,b8d08319-4cf6-42dd-8ce1-5a1457e4234c,quarterly_diluted_eps,2024-09-30
7772,b8d08319-4cf6-42dd-8ce1-5a1457e4234c,diluted_weighted_average_shares,2026-06-30
7772,b8d08319-4cf6-42dd-8ce1-5a1457e4234c,diluted_weighted_average_shares,2026-03-31
7772,b8d08319-4cf6-42dd-8ce1-5a1457e4234c,diluted_weighted_average_shares,2025-12-31
7772,b8d08319-4cf6-42dd-8ce1-5a1457e4234c,diluted_weighted_average_shares,2025-09-30
7772,b8d08319-4cf6-42dd-8ce1-5a1457e4234c,diluted_weighted_average_shares,2025-06-30
7772,b8d08319-4cf6-42dd-8ce1-5a1457e4234c,diluted_weighted_average_shares,2025-03-31
7772,b8d08319-4cf6-42dd-8ce1-5a1457e4234c,diluted_weighted_average_shares,2024-12-31
7772,b8d08319-4cf6-42dd-8ce1-5a1457e4234c,diluted_weighted_average_shares,2024-09-30
7827,d466a58a-f3cc-4cc3-a8bc-486f9ddbae89,quarterly_revenue,2026-06-30
7827,d466a58a-f3cc-4cc3-a8bc-486f9ddbae89,quarterly_revenue,2026-03-31
7827,d466a58a-f3cc-4cc3-a8bc-486f9ddbae89,quarterly_revenue,2025-12-31
7827,d466a58a-f3cc-4cc3-a8bc-486f9ddbae89,quarterly_revenue,2025-09-30
7827,d466a58a-f3cc-4cc3-a8bc-486f9ddbae89,quarterly_revenue,2025-06-30
7827,d466a58a-f3cc-4cc3-a8bc-486f9ddbae89,quarterly_revenue,2025-03-31
7827,d466a58a-f3cc-4cc3-a8bc-486f9ddbae89,quarterly_revenue,2024-12-31
7827,d466a58a-f3cc-4cc3-a8bc-486f9ddbae89,quarterly_revenue,2024-09-30
7827,d466a58a-f3cc-4cc3-a8bc-486f9ddbae89,quarterly_gross_profit,2026-06-30
7827,d466a58a-f3cc-4cc3-a8bc-486f9ddbae89,quarterly_gross_profit,2026-03-31
7827,d466a58a-f3cc-4cc3-a8bc-486f9ddbae89,quarterly_gross_profit,2025-12-31
7827,d466a58a-f3cc-4cc3-a8bc-486f9ddbae89,quarterly_gross_profit,2025-09-30
7827,d466a58a-f3cc-4cc3-a8bc-486f9ddbae89,quarterly_gross_profit,2025-06-30
7827,d466a58a-f3cc-4cc3-a8bc-486f9ddbae89,quarterly_gross_profit,2025-03-31
7827,d466a58a-f3cc-4cc3-a8bc-486f9ddbae89,quarterly_gross_profit,2024-12-31
7827,d466a58a-f3cc-4cc3-a8bc-486f9ddbae89,quarterly_gross_profit,2024-09-30
7827,d466a58a-f3cc-4cc3-a8bc-486f9ddbae89,quarterly_operating_income,2026-06-30
7827,d466a58a-f3cc-4cc3-a8bc-486f9ddbae89,quarterly_operating_income,2026-03-31
7827,d466a58a-f3cc-4cc3-a8bc-486f9ddbae89,quarterly_operating_income,2025-12-31
7827,d466a58a-f3cc-4cc3-a8bc-486f9ddbae89,quarterly_operating_income,2025-09-30
7827,d466a58a-f3cc-4cc3-a8bc-486f9ddbae89,quarterly_operating_income,2025-06-30
7827,d466a58a-f3cc-4cc3-a8bc-486f9ddbae89,quarterly_operating_income,2025-03-31
7827,d466a58a-f3cc-4cc3-a8bc-486f9ddbae89,quarterly_operating_income,2024-12-31
7827,d466a58a-f3cc-4cc3-a8bc-486f9ddbae89,quarterly_operating_income,2024-09-30
7827,d466a58a-f3cc-4cc3-a8bc-486f9ddbae89,quarterly_net_income_attributable_to_common,2026-06-30
7827,d466a58a-f3cc-4cc3-a8bc-486f9ddbae89,quarterly_net_income_attributable_to_common,2026-03-31
7827,d466a58a-f3cc-4cc3-a8bc-486f9ddbae89,quarterly_net_income_attributable_to_common,2025-12-31
7827,d466a58a-f3cc-4cc3-a8bc-486f9ddbae89,quarterly_net_income_attributable_to_common,2025-09-30
7827,d466a58a-f3cc-4cc3-a8bc-486f9ddbae89,quarterly_net_income_attributable_to_common,2025-06-30
7827,d466a58a-f3cc-4cc3-a8bc-486f9ddbae89,quarterly_net_income_attributable_to_common,2025-03-31
7827,d466a58a-f3cc-4cc3-a8bc-486f9ddbae89,quarterly_net_income_attributable_to_common,2024-12-31
7827,d466a58a-f3cc-4cc3-a8bc-486f9ddbae89,quarterly_net_income_attributable_to_common,2024-09-30
7827,d466a58a-f3cc-4cc3-a8bc-486f9ddbae89,quarterly_diluted_eps,2026-06-30
7827,d466a58a-f3cc-4cc3-a8bc-486f9ddbae89,quarterly_diluted_eps,2026-03-31
7827,d466a58a-f3cc-4cc3-a8bc-486f9ddbae89,quarterly_diluted_eps,2025-12-31
7827,d466a58a-f3cc-4cc3-a8bc-486f9ddbae89,quarterly_diluted_eps,2025-09-30
7827,d466a58a-f3cc-4cc3-a8bc-486f9ddbae89,quarterly_diluted_eps,2025-06-30
7827,d466a58a-f3cc-4cc3-a8bc-486f9ddbae89,quarterly_diluted_eps,2025-03-31
7827,d466a58a-f3cc-4cc3-a8bc-486f9ddbae89,quarterly_diluted_eps,2024-12-31
7827,d466a58a-f3cc-4cc3-a8bc-486f9ddbae89,quarterly_diluted_eps,2024-09-30
7827,d466a58a-f3cc-4cc3-a8bc-486f9ddbae89,diluted_weighted_average_shares,2026-06-30
7827,d466a58a-f3cc-4cc3-a8bc-486f9ddbae89,diluted_weighted_average_shares,2026-03-31
7827,d466a58a-f3cc-4cc3-a8bc-486f9ddbae89,diluted_weighted_average_shares,2025-12-31
7827,d466a58a-f3cc-4cc3-a8bc-486f9ddbae89,diluted_weighted_average_shares,2025-09-30
7827,d466a58a-f3cc-4cc3-a8bc-486f9ddbae89,diluted_weighted_average_shares,2025-06-30
7827,d466a58a-f3cc-4cc3-a8bc-486f9ddbae89,diluted_weighted_average_shares,2025-03-31
7827,d466a58a-f3cc-4cc3-a8bc-486f9ddbae89,diluted_weighted_average_shares,2024-12-31
7827,d466a58a-f3cc-4cc3-a8bc-486f9ddbae89,diluted_weighted_average_shares,2024-09-30
7828,5761104b-4e3f-45f6-ab2d-efee09255ae6,quarterly_revenue,2026-06-30
7828,5761104b-4e3f-45f6-ab2d-efee09255ae6,quarterly_revenue,2026-03-31
7828,5761104b-4e3f-45f6-ab2d-efee09255ae6,quarterly_revenue,2025-12-31
7828,5761104b-4e3f-45f6-ab2d-efee09255ae6,quarterly_revenue,2025-09-30
7828,5761104b-4e3f-45f6-ab2d-efee09255ae6,quarterly_revenue,2025-06-30
7828,5761104b-4e3f-45f6-ab2d-efee09255ae6,quarterly_revenue,2025-03-31
7828,5761104b-4e3f-45f6-ab2d-efee09255ae6,quarterly_revenue,2024-12-31
7828,5761104b-4e3f-45f6-ab2d-efee09255ae6,quarterly_revenue,2024-09-30
7828,5761104b-4e3f-45f6-ab2d-efee09255ae6,quarterly_gross_profit,2026-06-30
7828,5761104b-4e3f-45f6-ab2d-efee09255ae6,quarterly_gross_profit,2026-03-31
7828,5761104b-4e3f-45f6-ab2d-efee09255ae6,quarterly_gross_profit,2025-12-31
7828,5761104b-4e3f-45f6-ab2d-efee09255ae6,quarterly_gross_profit,2025-09-30
7828,5761104b-4e3f-45f6-ab2d-efee09255ae6,quarterly_gross_profit,2025-06-30
7828,5761104b-4e3f-45f6-ab2d-efee09255ae6,quarterly_gross_profit,2025-03-31
7828,5761104b-4e3f-45f6-ab2d-efee09255ae6,quarterly_gross_profit,2024-12-31
7828,5761104b-4e3f-45f6-ab2d-efee09255ae6,quarterly_gross_profit,2024-09-30
7828,5761104b-4e3f-45f6-ab2d-efee09255ae6,quarterly_operating_income,2026-06-30
7828,5761104b-4e3f-45f6-ab2d-efee09255ae6,quarterly_operating_income,2026-03-31
7828,5761104b-4e3f-45f6-ab2d-efee09255ae6,quarterly_operating_income,2025-12-31
7828,5761104b-4e3f-45f6-ab2d-efee09255ae6,quarterly_operating_income,2025-09-30
7828,5761104b-4e3f-45f6-ab2d-efee09255ae6,quarterly_operating_income,2025-06-30
7828,5761104b-4e3f-45f6-ab2d-efee09255ae6,quarterly_operating_income,2025-03-31
7828,5761104b-4e3f-45f6-ab2d-efee09255ae6,quarterly_operating_income,2024-12-31
7828,5761104b-4e3f-45f6-ab2d-efee09255ae6,quarterly_operating_income,2024-09-30
7828,5761104b-4e3f-45f6-ab2d-efee09255ae6,quarterly_net_income_attributable_to_common,2026-06-30
7828,5761104b-4e3f-45f6-ab2d-efee09255ae6,quarterly_net_income_attributable_to_common,2026-03-31
7828,5761104b-4e3f-45f6-ab2d-efee09255ae6,quarterly_net_income_attributable_to_common,2025-12-31
7828,5761104b-4e3f-45f6-ab2d-efee09255ae6,quarterly_net_income_attributable_to_common,2025-09-30
7828,5761104b-4e3f-45f6-ab2d-efee09255ae6,quarterly_net_income_attributable_to_common,2025-06-30
7828,5761104b-4e3f-45f6-ab2d-efee09255ae6,quarterly_net_income_attributable_to_common,2025-03-31
7828,5761104b-4e3f-45f6-ab2d-efee09255ae6,quarterly_net_income_attributable_to_common,2024-12-31
7828,5761104b-4e3f-45f6-ab2d-efee09255ae6,quarterly_net_income_attributable_to_common,2024-09-30
7828,5761104b-4e3f-45f6-ab2d-efee09255ae6,quarterly_diluted_eps,2026-06-30
7828,5761104b-4e3f-45f6-ab2d-efee09255ae6,quarterly_diluted_eps,2026-03-31
7828,5761104b-4e3f-45f6-ab2d-efee09255ae6,quarterly_diluted_eps,2025-12-31
7828,5761104b-4e3f-45f6-ab2d-efee09255ae6,quarterly_diluted_eps,2025-09-30
7828,5761104b-4e3f-45f6-ab2d-efee09255ae6,quarterly_diluted_eps,2025-06-30
7828,5761104b-4e3f-45f6-ab2d-efee09255ae6,quarterly_diluted_eps,2025-03-31
7828,5761104b-4e3f-45f6-ab2d-efee09255ae6,quarterly_diluted_eps,2024-12-31
7828,5761104b-4e3f-45f6-ab2d-efee09255ae6,quarterly_diluted_eps,2024-09-30
7828,5761104b-4e3f-45f6-ab2d-efee09255ae6,diluted_weighted_average_shares,2026-06-30
7828,5761104b-4e3f-45f6-ab2d-efee09255ae6,diluted_weighted_average_shares,2026-03-31
7828,5761104b-4e3f-45f6-ab2d-efee09255ae6,diluted_weighted_average_shares,2025-12-31
7828,5761104b-4e3f-45f6-ab2d-efee09255ae6,diluted_weighted_average_shares,2025-09-30
7828,5761104b-4e3f-45f6-ab2d-efee09255ae6,diluted_weighted_average_shares,2025-06-30
7828,5761104b-4e3f-45f6-ab2d-efee09255ae6,diluted_weighted_average_shares,2025-03-31
7828,5761104b-4e3f-45f6-ab2d-efee09255ae6,diluted_weighted_average_shares,2024-12-31
7828,5761104b-4e3f-45f6-ab2d-efee09255ae6,diluted_weighted_average_shares,2024-09-30
8021,7de3d6b5-6b7b-4cb0-9f36-ad7116f3dab0,quarterly_revenue,2026-06-30
8021,7de3d6b5-6b7b-4cb0-9f36-ad7116f3dab0,quarterly_revenue,2026-03-31
8021,7de3d6b5-6b7b-4cb0-9f36-ad7116f3dab0,quarterly_revenue,2025-12-31
8021,7de3d6b5-6b7b-4cb0-9f36-ad7116f3dab0,quarterly_revenue,2025-09-30
8021,7de3d6b5-6b7b-4cb0-9f36-ad7116f3dab0,quarterly_revenue,2025-06-30
8021,7de3d6b5-6b7b-4cb0-9f36-ad7116f3dab0,quarterly_revenue,2025-03-31
8021,7de3d6b5-6b7b-4cb0-9f36-ad7116f3dab0,quarterly_revenue,2024-12-31
8021,7de3d6b5-6b7b-4cb0-9f36-ad7116f3dab0,quarterly_revenue,2024-09-30
8021,7de3d6b5-6b7b-4cb0-9f36-ad7116f3dab0,quarterly_gross_profit,2026-06-30
8021,7de3d6b5-6b7b-4cb0-9f36-ad7116f3dab0,quarterly_gross_profit,2026-03-31
8021,7de3d6b5-6b7b-4cb0-9f36-ad7116f3dab0,quarterly_gross_profit,2025-12-31
8021,7de3d6b5-6b7b-4cb0-9f36-ad7116f3dab0,quarterly_gross_profit,2025-09-30
8021,7de3d6b5-6b7b-4cb0-9f36-ad7116f3dab0,quarterly_gross_profit,2025-06-30
8021,7de3d6b5-6b7b-4cb0-9f36-ad7116f3dab0,quarterly_gross_profit,2025-03-31
8021,7de3d6b5-6b7b-4cb0-9f36-ad7116f3dab0,quarterly_gross_profit,2024-12-31
8021,7de3d6b5-6b7b-4cb0-9f36-ad7116f3dab0,quarterly_gross_profit,2024-09-30
8021,7de3d6b5-6b7b-4cb0-9f36-ad7116f3dab0,quarterly_operating_income,2026-06-30
8021,7de3d6b5-6b7b-4cb0-9f36-ad7116f3dab0,quarterly_operating_income,2026-03-31
8021,7de3d6b5-6b7b-4cb0-9f36-ad7116f3dab0,quarterly_operating_income,2025-12-31
8021,7de3d6b5-6b7b-4cb0-9f36-ad7116f3dab0,quarterly_operating_income,2025-09-30
8021,7de3d6b5-6b7b-4cb0-9f36-ad7116f3dab0,quarterly_operating_income,2025-06-30
8021,7de3d6b5-6b7b-4cb0-9f36-ad7116f3dab0,quarterly_operating_income,2025-03-31
8021,7de3d6b5-6b7b-4cb0-9f36-ad7116f3dab0,quarterly_operating_income,2024-12-31
8021,7de3d6b5-6b7b-4cb0-9f36-ad7116f3dab0,quarterly_operating_income,2024-09-30
8021,7de3d6b5-6b7b-4cb0-9f36-ad7116f3dab0,quarterly_net_income_attributable_to_common,2026-06-30
8021,7de3d6b5-6b7b-4cb0-9f36-ad7116f3dab0,quarterly_net_income_attributable_to_common,2026-03-31
8021,7de3d6b5-6b7b-4cb0-9f36-ad7116f3dab0,quarterly_net_income_attributable_to_common,2025-12-31
8021,7de3d6b5-6b7b-4cb0-9f36-ad7116f3dab0,quarterly_net_income_attributable_to_common,2025-09-30
8021,7de3d6b5-6b7b-4cb0-9f36-ad7116f3dab0,quarterly_net_income_attributable_to_common,2025-06-30
8021,7de3d6b5-6b7b-4cb0-9f36-ad7116f3dab0,quarterly_net_income_attributable_to_common,2025-03-31
8021,7de3d6b5-6b7b-4cb0-9f36-ad7116f3dab0,quarterly_net_income_attributable_to_common,2024-12-31
8021,7de3d6b5-6b7b-4cb0-9f36-ad7116f3dab0,quarterly_net_income_attributable_to_common,2024-09-30
8021,7de3d6b5-6b7b-4cb0-9f36-ad7116f3dab0,quarterly_diluted_eps,2026-06-30
8021,7de3d6b5-6b7b-4cb0-9f36-ad7116f3dab0,quarterly_diluted_eps,2026-03-31
8021,7de3d6b5-6b7b-4cb0-9f36-ad7116f3dab0,quarterly_diluted_eps,2025-12-31
8021,7de3d6b5-6b7b-4cb0-9f36-ad7116f3dab0,quarterly_diluted_eps,2025-09-30
8021,7de3d6b5-6b7b-4cb0-9f36-ad7116f3dab0,quarterly_diluted_eps,2025-06-30
8021,7de3d6b5-6b7b-4cb0-9f36-ad7116f3dab0,quarterly_diluted_eps,2025-03-31
8021,7de3d6b5-6b7b-4cb0-9f36-ad7116f3dab0,quarterly_diluted_eps,2024-12-31
8021,7de3d6b5-6b7b-4cb0-9f36-ad7116f3dab0,quarterly_diluted_eps,2024-09-30
8021,7de3d6b5-6b7b-4cb0-9f36-ad7116f3dab0,diluted_weighted_average_shares,2026-06-30
8021,7de3d6b5-6b7b-4cb0-9f36-ad7116f3dab0,diluted_weighted_average_shares,2026-03-31
8021,7de3d6b5-6b7b-4cb0-9f36-ad7116f3dab0,diluted_weighted_average_shares,2025-12-31
8021,7de3d6b5-6b7b-4cb0-9f36-ad7116f3dab0,diluted_weighted_average_shares,2025-09-30
8021,7de3d6b5-6b7b-4cb0-9f36-ad7116f3dab0,diluted_weighted_average_shares,2025-06-30
8021,7de3d6b5-6b7b-4cb0-9f36-ad7116f3dab0,diluted_weighted_average_shares,2025-03-31
8021,7de3d6b5-6b7b-4cb0-9f36-ad7116f3dab0,diluted_weighted_average_shares,2024-12-31
8021,7de3d6b5-6b7b-4cb0-9f36-ad7116f3dab0,diluted_weighted_average_shares,2024-09-30
8039,00ca7653-4825-4ad7-bc33-2ab9ab34fdd5,quarterly_revenue,2026-06-30
8039,00ca7653-4825-4ad7-bc33-2ab9ab34fdd5,quarterly_revenue,2026-03-31
8039,00ca7653-4825-4ad7-bc33-2ab9ab34fdd5,quarterly_revenue,2025-12-31
8039,00ca7653-4825-4ad7-bc33-2ab9ab34fdd5,quarterly_revenue,2025-09-30
8039,00ca7653-4825-4ad7-bc33-2ab9ab34fdd5,quarterly_revenue,2025-06-30
8039,00ca7653-4825-4ad7-bc33-2ab9ab34fdd5,quarterly_revenue,2025-03-31
8039,00ca7653-4825-4ad7-bc33-2ab9ab34fdd5,quarterly_revenue,2024-12-31
8039,00ca7653-4825-4ad7-bc33-2ab9ab34fdd5,quarterly_revenue,2024-09-30
8039,00ca7653-4825-4ad7-bc33-2ab9ab34fdd5,quarterly_gross_profit,2026-06-30
8039,00ca7653-4825-4ad7-bc33-2ab9ab34fdd5,quarterly_gross_profit,2026-03-31
8039,00ca7653-4825-4ad7-bc33-2ab9ab34fdd5,quarterly_gross_profit,2025-12-31
8039,00ca7653-4825-4ad7-bc33-2ab9ab34fdd5,quarterly_gross_profit,2025-09-30
8039,00ca7653-4825-4ad7-bc33-2ab9ab34fdd5,quarterly_gross_profit,2025-06-30
8039,00ca7653-4825-4ad7-bc33-2ab9ab34fdd5,quarterly_gross_profit,2025-03-31
8039,00ca7653-4825-4ad7-bc33-2ab9ab34fdd5,quarterly_gross_profit,2024-12-31
8039,00ca7653-4825-4ad7-bc33-2ab9ab34fdd5,quarterly_gross_profit,2024-09-30
8039,00ca7653-4825-4ad7-bc33-2ab9ab34fdd5,quarterly_operating_income,2026-06-30
8039,00ca7653-4825-4ad7-bc33-2ab9ab34fdd5,quarterly_operating_income,2026-03-31
8039,00ca7653-4825-4ad7-bc33-2ab9ab34fdd5,quarterly_operating_income,2025-12-31
8039,00ca7653-4825-4ad7-bc33-2ab9ab34fdd5,quarterly_operating_income,2025-09-30
8039,00ca7653-4825-4ad7-bc33-2ab9ab34fdd5,quarterly_operating_income,2025-06-30
8039,00ca7653-4825-4ad7-bc33-2ab9ab34fdd5,quarterly_operating_income,2025-03-31
8039,00ca7653-4825-4ad7-bc33-2ab9ab34fdd5,quarterly_operating_income,2024-12-31
8039,00ca7653-4825-4ad7-bc33-2ab9ab34fdd5,quarterly_operating_income,2024-09-30
8039,00ca7653-4825-4ad7-bc33-2ab9ab34fdd5,quarterly_net_income_attributable_to_common,2026-06-30
8039,00ca7653-4825-4ad7-bc33-2ab9ab34fdd5,quarterly_net_income_attributable_to_common,2026-03-31
8039,00ca7653-4825-4ad7-bc33-2ab9ab34fdd5,quarterly_net_income_attributable_to_common,2025-12-31
8039,00ca7653-4825-4ad7-bc33-2ab9ab34fdd5,quarterly_net_income_attributable_to_common,2025-09-30
8039,00ca7653-4825-4ad7-bc33-2ab9ab34fdd5,quarterly_net_income_attributable_to_common,2025-06-30
8039,00ca7653-4825-4ad7-bc33-2ab9ab34fdd5,quarterly_net_income_attributable_to_common,2025-03-31
8039,00ca7653-4825-4ad7-bc33-2ab9ab34fdd5,quarterly_net_income_attributable_to_common,2024-12-31
8039,00ca7653-4825-4ad7-bc33-2ab9ab34fdd5,quarterly_net_income_attributable_to_common,2024-09-30
8039,00ca7653-4825-4ad7-bc33-2ab9ab34fdd5,quarterly_diluted_eps,2026-06-30
8039,00ca7653-4825-4ad7-bc33-2ab9ab34fdd5,quarterly_diluted_eps,2026-03-31
8039,00ca7653-4825-4ad7-bc33-2ab9ab34fdd5,quarterly_diluted_eps,2025-12-31
8039,00ca7653-4825-4ad7-bc33-2ab9ab34fdd5,quarterly_diluted_eps,2025-09-30
8039,00ca7653-4825-4ad7-bc33-2ab9ab34fdd5,quarterly_diluted_eps,2025-06-30
8039,00ca7653-4825-4ad7-bc33-2ab9ab34fdd5,quarterly_diluted_eps,2025-03-31
8039,00ca7653-4825-4ad7-bc33-2ab9ab34fdd5,quarterly_diluted_eps,2024-12-31
8039,00ca7653-4825-4ad7-bc33-2ab9ab34fdd5,quarterly_diluted_eps,2024-09-30
8039,00ca7653-4825-4ad7-bc33-2ab9ab34fdd5,diluted_weighted_average_shares,2026-06-30
8039,00ca7653-4825-4ad7-bc33-2ab9ab34fdd5,diluted_weighted_average_shares,2026-03-31
8039,00ca7653-4825-4ad7-bc33-2ab9ab34fdd5,diluted_weighted_average_shares,2025-12-31
8039,00ca7653-4825-4ad7-bc33-2ab9ab34fdd5,diluted_weighted_average_shares,2025-09-30
8039,00ca7653-4825-4ad7-bc33-2ab9ab34fdd5,diluted_weighted_average_shares,2025-06-30
8039,00ca7653-4825-4ad7-bc33-2ab9ab34fdd5,diluted_weighted_average_shares,2025-03-31
8039,00ca7653-4825-4ad7-bc33-2ab9ab34fdd5,diluted_weighted_average_shares,2024-12-31
8039,00ca7653-4825-4ad7-bc33-2ab9ab34fdd5,diluted_weighted_average_shares,2024-09-30
8040,d9d9fadf-7613-4ec6-8702-526e2bd58e9c,quarterly_revenue,2026-06-30
8040,d9d9fadf-7613-4ec6-8702-526e2bd58e9c,quarterly_revenue,2026-03-31
8040,d9d9fadf-7613-4ec6-8702-526e2bd58e9c,quarterly_revenue,2025-12-31
8040,d9d9fadf-7613-4ec6-8702-526e2bd58e9c,quarterly_revenue,2025-09-30
8040,d9d9fadf-7613-4ec6-8702-526e2bd58e9c,quarterly_revenue,2025-06-30
8040,d9d9fadf-7613-4ec6-8702-526e2bd58e9c,quarterly_revenue,2025-03-31
8040,d9d9fadf-7613-4ec6-8702-526e2bd58e9c,quarterly_revenue,2024-12-31
8040,d9d9fadf-7613-4ec6-8702-526e2bd58e9c,quarterly_revenue,2024-09-30
8040,d9d9fadf-7613-4ec6-8702-526e2bd58e9c,quarterly_gross_profit,2026-06-30
8040,d9d9fadf-7613-4ec6-8702-526e2bd58e9c,quarterly_gross_profit,2026-03-31
8040,d9d9fadf-7613-4ec6-8702-526e2bd58e9c,quarterly_gross_profit,2025-12-31
8040,d9d9fadf-7613-4ec6-8702-526e2bd58e9c,quarterly_gross_profit,2025-09-30
8040,d9d9fadf-7613-4ec6-8702-526e2bd58e9c,quarterly_gross_profit,2025-06-30
8040,d9d9fadf-7613-4ec6-8702-526e2bd58e9c,quarterly_gross_profit,2025-03-31
8040,d9d9fadf-7613-4ec6-8702-526e2bd58e9c,quarterly_gross_profit,2024-12-31
8040,d9d9fadf-7613-4ec6-8702-526e2bd58e9c,quarterly_gross_profit,2024-09-30
8040,d9d9fadf-7613-4ec6-8702-526e2bd58e9c,quarterly_operating_income,2026-06-30
8040,d9d9fadf-7613-4ec6-8702-526e2bd58e9c,quarterly_operating_income,2026-03-31
8040,d9d9fadf-7613-4ec6-8702-526e2bd58e9c,quarterly_operating_income,2025-12-31
8040,d9d9fadf-7613-4ec6-8702-526e2bd58e9c,quarterly_operating_income,2025-09-30
8040,d9d9fadf-7613-4ec6-8702-526e2bd58e9c,quarterly_operating_income,2025-06-30
8040,d9d9fadf-7613-4ec6-8702-526e2bd58e9c,quarterly_operating_income,2025-03-31
8040,d9d9fadf-7613-4ec6-8702-526e2bd58e9c,quarterly_operating_income,2024-12-31
8040,d9d9fadf-7613-4ec6-8702-526e2bd58e9c,quarterly_operating_income,2024-09-30
8040,d9d9fadf-7613-4ec6-8702-526e2bd58e9c,quarterly_net_income_attributable_to_common,2026-06-30
8040,d9d9fadf-7613-4ec6-8702-526e2bd58e9c,quarterly_net_income_attributable_to_common,2026-03-31
8040,d9d9fadf-7613-4ec6-8702-526e2bd58e9c,quarterly_net_income_attributable_to_common,2025-12-31
8040,d9d9fadf-7613-4ec6-8702-526e2bd58e9c,quarterly_net_income_attributable_to_common,2025-09-30
8040,d9d9fadf-7613-4ec6-8702-526e2bd58e9c,quarterly_net_income_attributable_to_common,2025-06-30
8040,d9d9fadf-7613-4ec6-8702-526e2bd58e9c,quarterly_net_income_attributable_to_common,2025-03-31
8040,d9d9fadf-7613-4ec6-8702-526e2bd58e9c,quarterly_net_income_attributable_to_common,2024-12-31
8040,d9d9fadf-7613-4ec6-8702-526e2bd58e9c,quarterly_net_income_attributable_to_common,2024-09-30
8040,d9d9fadf-7613-4ec6-8702-526e2bd58e9c,quarterly_diluted_eps,2026-06-30
8040,d9d9fadf-7613-4ec6-8702-526e2bd58e9c,quarterly_diluted_eps,2026-03-31
8040,d9d9fadf-7613-4ec6-8702-526e2bd58e9c,quarterly_diluted_eps,2025-12-31
8040,d9d9fadf-7613-4ec6-8702-526e2bd58e9c,quarterly_diluted_eps,2025-09-30
8040,d9d9fadf-7613-4ec6-8702-526e2bd58e9c,quarterly_diluted_eps,2025-06-30
8040,d9d9fadf-7613-4ec6-8702-526e2bd58e9c,quarterly_diluted_eps,2025-03-31
8040,d9d9fadf-7613-4ec6-8702-526e2bd58e9c,quarterly_diluted_eps,2024-12-31
8040,d9d9fadf-7613-4ec6-8702-526e2bd58e9c,quarterly_diluted_eps,2024-09-30
8040,d9d9fadf-7613-4ec6-8702-526e2bd58e9c,diluted_weighted_average_shares,2026-06-30
8040,d9d9fadf-7613-4ec6-8702-526e2bd58e9c,diluted_weighted_average_shares,2026-03-31
8040,d9d9fadf-7613-4ec6-8702-526e2bd58e9c,diluted_weighted_average_shares,2025-12-31
8040,d9d9fadf-7613-4ec6-8702-526e2bd58e9c,diluted_weighted_average_shares,2025-09-30
8040,d9d9fadf-7613-4ec6-8702-526e2bd58e9c,diluted_weighted_average_shares,2025-06-30
8040,d9d9fadf-7613-4ec6-8702-526e2bd58e9c,diluted_weighted_average_shares,2025-03-31
8040,d9d9fadf-7613-4ec6-8702-526e2bd58e9c,diluted_weighted_average_shares,2024-12-31
8040,d9d9fadf-7613-4ec6-8702-526e2bd58e9c,diluted_weighted_average_shares,2024-09-30
8046,528dcfa3-e917-44c2-889c-a77b6121f5a2,quarterly_revenue,2026-06-30
8046,528dcfa3-e917-44c2-889c-a77b6121f5a2,quarterly_revenue,2026-03-31
8046,528dcfa3-e917-44c2-889c-a77b6121f5a2,quarterly_revenue,2025-12-31
8046,528dcfa3-e917-44c2-889c-a77b6121f5a2,quarterly_revenue,2025-09-30
8046,528dcfa3-e917-44c2-889c-a77b6121f5a2,quarterly_revenue,2025-06-30
8046,528dcfa3-e917-44c2-889c-a77b6121f5a2,quarterly_revenue,2025-03-31
8046,528dcfa3-e917-44c2-889c-a77b6121f5a2,quarterly_revenue,2024-12-31
8046,528dcfa3-e917-44c2-889c-a77b6121f5a2,quarterly_revenue,2024-09-30
8046,528dcfa3-e917-44c2-889c-a77b6121f5a2,quarterly_gross_profit,2026-06-30
8046,528dcfa3-e917-44c2-889c-a77b6121f5a2,quarterly_gross_profit,2026-03-31
8046,528dcfa3-e917-44c2-889c-a77b6121f5a2,quarterly_gross_profit,2025-12-31
8046,528dcfa3-e917-44c2-889c-a77b6121f5a2,quarterly_gross_profit,2025-09-30
8046,528dcfa3-e917-44c2-889c-a77b6121f5a2,quarterly_gross_profit,2025-06-30
8046,528dcfa3-e917-44c2-889c-a77b6121f5a2,quarterly_gross_profit,2025-03-31
8046,528dcfa3-e917-44c2-889c-a77b6121f5a2,quarterly_gross_profit,2024-12-31
8046,528dcfa3-e917-44c2-889c-a77b6121f5a2,quarterly_gross_profit,2024-09-30
8046,528dcfa3-e917-44c2-889c-a77b6121f5a2,quarterly_operating_income,2026-06-30
8046,528dcfa3-e917-44c2-889c-a77b6121f5a2,quarterly_operating_income,2026-03-31
8046,528dcfa3-e917-44c2-889c-a77b6121f5a2,quarterly_operating_income,2025-12-31
8046,528dcfa3-e917-44c2-889c-a77b6121f5a2,quarterly_operating_income,2025-09-30
8046,528dcfa3-e917-44c2-889c-a77b6121f5a2,quarterly_operating_income,2025-06-30
8046,528dcfa3-e917-44c2-889c-a77b6121f5a2,quarterly_operating_income,2025-03-31
8046,528dcfa3-e917-44c2-889c-a77b6121f5a2,quarterly_operating_income,2024-12-31
8046,528dcfa3-e917-44c2-889c-a77b6121f5a2,quarterly_operating_income,2024-09-30
8046,528dcfa3-e917-44c2-889c-a77b6121f5a2,quarterly_net_income_attributable_to_common,2026-06-30
8046,528dcfa3-e917-44c2-889c-a77b6121f5a2,quarterly_net_income_attributable_to_common,2026-03-31
8046,528dcfa3-e917-44c2-889c-a77b6121f5a2,quarterly_net_income_attributable_to_common,2025-12-31
8046,528dcfa3-e917-44c2-889c-a77b6121f5a2,quarterly_net_income_attributable_to_common,2025-09-30
8046,528dcfa3-e917-44c2-889c-a77b6121f5a2,quarterly_net_income_attributable_to_common,2025-06-30
8046,528dcfa3-e917-44c2-889c-a77b6121f5a2,quarterly_net_income_attributable_to_common,2025-03-31
8046,528dcfa3-e917-44c2-889c-a77b6121f5a2,quarterly_net_income_attributable_to_common,2024-12-31
8046,528dcfa3-e917-44c2-889c-a77b6121f5a2,quarterly_net_income_attributable_to_common,2024-09-30
8046,528dcfa3-e917-44c2-889c-a77b6121f5a2,quarterly_diluted_eps,2026-06-30
8046,528dcfa3-e917-44c2-889c-a77b6121f5a2,quarterly_diluted_eps,2026-03-31
8046,528dcfa3-e917-44c2-889c-a77b6121f5a2,quarterly_diluted_eps,2025-12-31
8046,528dcfa3-e917-44c2-889c-a77b6121f5a2,quarterly_diluted_eps,2025-09-30
8046,528dcfa3-e917-44c2-889c-a77b6121f5a2,quarterly_diluted_eps,2025-06-30
8046,528dcfa3-e917-44c2-889c-a77b6121f5a2,quarterly_diluted_eps,2025-03-31
8046,528dcfa3-e917-44c2-889c-a77b6121f5a2,quarterly_diluted_eps,2024-12-31
8046,528dcfa3-e917-44c2-889c-a77b6121f5a2,quarterly_diluted_eps,2024-09-30
8046,528dcfa3-e917-44c2-889c-a77b6121f5a2,diluted_weighted_average_shares,2026-06-30
8046,528dcfa3-e917-44c2-889c-a77b6121f5a2,diluted_weighted_average_shares,2026-03-31
8046,528dcfa3-e917-44c2-889c-a77b6121f5a2,diluted_weighted_average_shares,2025-12-31
8046,528dcfa3-e917-44c2-889c-a77b6121f5a2,diluted_weighted_average_shares,2025-09-30
8046,528dcfa3-e917-44c2-889c-a77b6121f5a2,diluted_weighted_average_shares,2025-06-30
8046,528dcfa3-e917-44c2-889c-a77b6121f5a2,diluted_weighted_average_shares,2025-03-31
8046,528dcfa3-e917-44c2-889c-a77b6121f5a2,diluted_weighted_average_shares,2024-12-31
8046,528dcfa3-e917-44c2-889c-a77b6121f5a2,diluted_weighted_average_shares,2024-09-30
8064,828d13bb-9523-42e7-8ea4-7d1a474cc645,quarterly_revenue,2026-06-30
8064,828d13bb-9523-42e7-8ea4-7d1a474cc645,quarterly_revenue,2026-03-31
8064,828d13bb-9523-42e7-8ea4-7d1a474cc645,quarterly_revenue,2025-12-31
8064,828d13bb-9523-42e7-8ea4-7d1a474cc645,quarterly_revenue,2025-09-30
8064,828d13bb-9523-42e7-8ea4-7d1a474cc645,quarterly_revenue,2025-06-30
8064,828d13bb-9523-42e7-8ea4-7d1a474cc645,quarterly_revenue,2025-03-31
8064,828d13bb-9523-42e7-8ea4-7d1a474cc645,quarterly_revenue,2024-12-31
8064,828d13bb-9523-42e7-8ea4-7d1a474cc645,quarterly_revenue,2024-09-30
8064,828d13bb-9523-42e7-8ea4-7d1a474cc645,quarterly_gross_profit,2026-06-30
8064,828d13bb-9523-42e7-8ea4-7d1a474cc645,quarterly_gross_profit,2026-03-31
8064,828d13bb-9523-42e7-8ea4-7d1a474cc645,quarterly_gross_profit,2025-12-31
8064,828d13bb-9523-42e7-8ea4-7d1a474cc645,quarterly_gross_profit,2025-09-30
8064,828d13bb-9523-42e7-8ea4-7d1a474cc645,quarterly_gross_profit,2025-06-30
8064,828d13bb-9523-42e7-8ea4-7d1a474cc645,quarterly_gross_profit,2025-03-31
8064,828d13bb-9523-42e7-8ea4-7d1a474cc645,quarterly_gross_profit,2024-12-31
8064,828d13bb-9523-42e7-8ea4-7d1a474cc645,quarterly_gross_profit,2024-09-30
8064,828d13bb-9523-42e7-8ea4-7d1a474cc645,quarterly_operating_income,2026-06-30
8064,828d13bb-9523-42e7-8ea4-7d1a474cc645,quarterly_operating_income,2026-03-31
8064,828d13bb-9523-42e7-8ea4-7d1a474cc645,quarterly_operating_income,2025-12-31
8064,828d13bb-9523-42e7-8ea4-7d1a474cc645,quarterly_operating_income,2025-09-30
8064,828d13bb-9523-42e7-8ea4-7d1a474cc645,quarterly_operating_income,2025-06-30
8064,828d13bb-9523-42e7-8ea4-7d1a474cc645,quarterly_operating_income,2025-03-31
8064,828d13bb-9523-42e7-8ea4-7d1a474cc645,quarterly_operating_income,2024-12-31
8064,828d13bb-9523-42e7-8ea4-7d1a474cc645,quarterly_operating_income,2024-09-30
8064,828d13bb-9523-42e7-8ea4-7d1a474cc645,quarterly_net_income_attributable_to_common,2026-06-30
8064,828d13bb-9523-42e7-8ea4-7d1a474cc645,quarterly_net_income_attributable_to_common,2026-03-31
8064,828d13bb-9523-42e7-8ea4-7d1a474cc645,quarterly_net_income_attributable_to_common,2025-12-31
8064,828d13bb-9523-42e7-8ea4-7d1a474cc645,quarterly_net_income_attributable_to_common,2025-09-30
8064,828d13bb-9523-42e7-8ea4-7d1a474cc645,quarterly_net_income_attributable_to_common,2025-06-30
8064,828d13bb-9523-42e7-8ea4-7d1a474cc645,quarterly_net_income_attributable_to_common,2025-03-31
8064,828d13bb-9523-42e7-8ea4-7d1a474cc645,quarterly_net_income_attributable_to_common,2024-12-31
8064,828d13bb-9523-42e7-8ea4-7d1a474cc645,quarterly_net_income_attributable_to_common,2024-09-30
8064,828d13bb-9523-42e7-8ea4-7d1a474cc645,quarterly_diluted_eps,2026-06-30
8064,828d13bb-9523-42e7-8ea4-7d1a474cc645,quarterly_diluted_eps,2026-03-31
8064,828d13bb-9523-42e7-8ea4-7d1a474cc645,quarterly_diluted_eps,2025-12-31
8064,828d13bb-9523-42e7-8ea4-7d1a474cc645,quarterly_diluted_eps,2025-09-30
8064,828d13bb-9523-42e7-8ea4-7d1a474cc645,quarterly_diluted_eps,2025-06-30
8064,828d13bb-9523-42e7-8ea4-7d1a474cc645,quarterly_diluted_eps,2025-03-31
8064,828d13bb-9523-42e7-8ea4-7d1a474cc645,quarterly_diluted_eps,2024-12-31
8064,828d13bb-9523-42e7-8ea4-7d1a474cc645,quarterly_diluted_eps,2024-09-30
8064,828d13bb-9523-42e7-8ea4-7d1a474cc645,diluted_weighted_average_shares,2026-06-30
8064,828d13bb-9523-42e7-8ea4-7d1a474cc645,diluted_weighted_average_shares,2026-03-31
8064,828d13bb-9523-42e7-8ea4-7d1a474cc645,diluted_weighted_average_shares,2025-12-31
8064,828d13bb-9523-42e7-8ea4-7d1a474cc645,diluted_weighted_average_shares,2025-09-30
8064,828d13bb-9523-42e7-8ea4-7d1a474cc645,diluted_weighted_average_shares,2025-06-30
8064,828d13bb-9523-42e7-8ea4-7d1a474cc645,diluted_weighted_average_shares,2025-03-31
8064,828d13bb-9523-42e7-8ea4-7d1a474cc645,diluted_weighted_average_shares,2024-12-31
8064,828d13bb-9523-42e7-8ea4-7d1a474cc645,diluted_weighted_average_shares,2024-09-30
8069,2a7d3406-5d1f-4268-a4e5-f9cb36828d70,quarterly_revenue,2026-06-30
8069,2a7d3406-5d1f-4268-a4e5-f9cb36828d70,quarterly_revenue,2026-03-31
8069,2a7d3406-5d1f-4268-a4e5-f9cb36828d70,quarterly_revenue,2025-12-31
8069,2a7d3406-5d1f-4268-a4e5-f9cb36828d70,quarterly_revenue,2025-09-30
8069,2a7d3406-5d1f-4268-a4e5-f9cb36828d70,quarterly_revenue,2025-06-30
8069,2a7d3406-5d1f-4268-a4e5-f9cb36828d70,quarterly_revenue,2025-03-31
8069,2a7d3406-5d1f-4268-a4e5-f9cb36828d70,quarterly_revenue,2024-12-31
8069,2a7d3406-5d1f-4268-a4e5-f9cb36828d70,quarterly_revenue,2024-09-30
8069,2a7d3406-5d1f-4268-a4e5-f9cb36828d70,quarterly_gross_profit,2026-06-30
8069,2a7d3406-5d1f-4268-a4e5-f9cb36828d70,quarterly_gross_profit,2026-03-31
8069,2a7d3406-5d1f-4268-a4e5-f9cb36828d70,quarterly_gross_profit,2025-12-31
8069,2a7d3406-5d1f-4268-a4e5-f9cb36828d70,quarterly_gross_profit,2025-09-30
8069,2a7d3406-5d1f-4268-a4e5-f9cb36828d70,quarterly_gross_profit,2025-06-30
8069,2a7d3406-5d1f-4268-a4e5-f9cb36828d70,quarterly_gross_profit,2025-03-31
8069,2a7d3406-5d1f-4268-a4e5-f9cb36828d70,quarterly_gross_profit,2024-12-31
8069,2a7d3406-5d1f-4268-a4e5-f9cb36828d70,quarterly_gross_profit,2024-09-30
8069,2a7d3406-5d1f-4268-a4e5-f9cb36828d70,quarterly_operating_income,2026-06-30
8069,2a7d3406-5d1f-4268-a4e5-f9cb36828d70,quarterly_operating_income,2026-03-31
8069,2a7d3406-5d1f-4268-a4e5-f9cb36828d70,quarterly_operating_income,2025-12-31
8069,2a7d3406-5d1f-4268-a4e5-f9cb36828d70,quarterly_operating_income,2025-09-30
8069,2a7d3406-5d1f-4268-a4e5-f9cb36828d70,quarterly_operating_income,2025-06-30
8069,2a7d3406-5d1f-4268-a4e5-f9cb36828d70,quarterly_operating_income,2025-03-31
8069,2a7d3406-5d1f-4268-a4e5-f9cb36828d70,quarterly_operating_income,2024-12-31
8069,2a7d3406-5d1f-4268-a4e5-f9cb36828d70,quarterly_operating_income,2024-09-30
8069,2a7d3406-5d1f-4268-a4e5-f9cb36828d70,quarterly_net_income_attributable_to_common,2026-06-30
8069,2a7d3406-5d1f-4268-a4e5-f9cb36828d70,quarterly_net_income_attributable_to_common,2026-03-31
8069,2a7d3406-5d1f-4268-a4e5-f9cb36828d70,quarterly_net_income_attributable_to_common,2025-12-31
8069,2a7d3406-5d1f-4268-a4e5-f9cb36828d70,quarterly_net_income_attributable_to_common,2025-09-30
8069,2a7d3406-5d1f-4268-a4e5-f9cb36828d70,quarterly_net_income_attributable_to_common,2025-06-30
8069,2a7d3406-5d1f-4268-a4e5-f9cb36828d70,quarterly_net_income_attributable_to_common,2025-03-31
8069,2a7d3406-5d1f-4268-a4e5-f9cb36828d70,quarterly_net_income_attributable_to_common,2024-12-31
8069,2a7d3406-5d1f-4268-a4e5-f9cb36828d70,quarterly_net_income_attributable_to_common,2024-09-30
8069,2a7d3406-5d1f-4268-a4e5-f9cb36828d70,quarterly_diluted_eps,2026-06-30
8069,2a7d3406-5d1f-4268-a4e5-f9cb36828d70,quarterly_diluted_eps,2026-03-31
8069,2a7d3406-5d1f-4268-a4e5-f9cb36828d70,quarterly_diluted_eps,2025-12-31
8069,2a7d3406-5d1f-4268-a4e5-f9cb36828d70,quarterly_diluted_eps,2025-09-30
8069,2a7d3406-5d1f-4268-a4e5-f9cb36828d70,quarterly_diluted_eps,2025-06-30
8069,2a7d3406-5d1f-4268-a4e5-f9cb36828d70,quarterly_diluted_eps,2025-03-31
8069,2a7d3406-5d1f-4268-a4e5-f9cb36828d70,quarterly_diluted_eps,2024-12-31
8069,2a7d3406-5d1f-4268-a4e5-f9cb36828d70,quarterly_diluted_eps,2024-09-30
8069,2a7d3406-5d1f-4268-a4e5-f9cb36828d70,diluted_weighted_average_shares,2026-06-30
8069,2a7d3406-5d1f-4268-a4e5-f9cb36828d70,diluted_weighted_average_shares,2026-03-31
8069,2a7d3406-5d1f-4268-a4e5-f9cb36828d70,diluted_weighted_average_shares,2025-12-31
8069,2a7d3406-5d1f-4268-a4e5-f9cb36828d70,diluted_weighted_average_shares,2025-09-30
8069,2a7d3406-5d1f-4268-a4e5-f9cb36828d70,diluted_weighted_average_shares,2025-06-30
8069,2a7d3406-5d1f-4268-a4e5-f9cb36828d70,diluted_weighted_average_shares,2025-03-31
8069,2a7d3406-5d1f-4268-a4e5-f9cb36828d70,diluted_weighted_average_shares,2024-12-31
8069,2a7d3406-5d1f-4268-a4e5-f9cb36828d70,diluted_weighted_average_shares,2024-09-30
8084,708a20cc-a920-4edd-98b5-57ee713ff5d8,quarterly_revenue,2026-06-30
8084,708a20cc-a920-4edd-98b5-57ee713ff5d8,quarterly_revenue,2026-03-31
8084,708a20cc-a920-4edd-98b5-57ee713ff5d8,quarterly_revenue,2025-12-31
8084,708a20cc-a920-4edd-98b5-57ee713ff5d8,quarterly_revenue,2025-09-30
8084,708a20cc-a920-4edd-98b5-57ee713ff5d8,quarterly_revenue,2025-06-30
8084,708a20cc-a920-4edd-98b5-57ee713ff5d8,quarterly_revenue,2025-03-31
8084,708a20cc-a920-4edd-98b5-57ee713ff5d8,quarterly_revenue,2024-12-31
8084,708a20cc-a920-4edd-98b5-57ee713ff5d8,quarterly_revenue,2024-09-30
8084,708a20cc-a920-4edd-98b5-57ee713ff5d8,quarterly_gross_profit,2026-06-30
8084,708a20cc-a920-4edd-98b5-57ee713ff5d8,quarterly_gross_profit,2026-03-31
8084,708a20cc-a920-4edd-98b5-57ee713ff5d8,quarterly_gross_profit,2025-12-31
8084,708a20cc-a920-4edd-98b5-57ee713ff5d8,quarterly_gross_profit,2025-09-30
8084,708a20cc-a920-4edd-98b5-57ee713ff5d8,quarterly_gross_profit,2025-06-30
8084,708a20cc-a920-4edd-98b5-57ee713ff5d8,quarterly_gross_profit,2025-03-31
8084,708a20cc-a920-4edd-98b5-57ee713ff5d8,quarterly_gross_profit,2024-12-31
8084,708a20cc-a920-4edd-98b5-57ee713ff5d8,quarterly_gross_profit,2024-09-30
8084,708a20cc-a920-4edd-98b5-57ee713ff5d8,quarterly_operating_income,2026-06-30
8084,708a20cc-a920-4edd-98b5-57ee713ff5d8,quarterly_operating_income,2026-03-31
8084,708a20cc-a920-4edd-98b5-57ee713ff5d8,quarterly_operating_income,2025-12-31
8084,708a20cc-a920-4edd-98b5-57ee713ff5d8,quarterly_operating_income,2025-09-30
8084,708a20cc-a920-4edd-98b5-57ee713ff5d8,quarterly_operating_income,2025-06-30
8084,708a20cc-a920-4edd-98b5-57ee713ff5d8,quarterly_operating_income,2025-03-31
8084,708a20cc-a920-4edd-98b5-57ee713ff5d8,quarterly_operating_income,2024-12-31
8084,708a20cc-a920-4edd-98b5-57ee713ff5d8,quarterly_operating_income,2024-09-30
8084,708a20cc-a920-4edd-98b5-57ee713ff5d8,quarterly_net_income_attributable_to_common,2026-06-30
8084,708a20cc-a920-4edd-98b5-57ee713ff5d8,quarterly_net_income_attributable_to_common,2026-03-31
8084,708a20cc-a920-4edd-98b5-57ee713ff5d8,quarterly_net_income_attributable_to_common,2025-12-31
8084,708a20cc-a920-4edd-98b5-57ee713ff5d8,quarterly_net_income_attributable_to_common,2025-09-30
8084,708a20cc-a920-4edd-98b5-57ee713ff5d8,quarterly_net_income_attributable_to_common,2025-06-30
8084,708a20cc-a920-4edd-98b5-57ee713ff5d8,quarterly_net_income_attributable_to_common,2025-03-31
8084,708a20cc-a920-4edd-98b5-57ee713ff5d8,quarterly_net_income_attributable_to_common,2024-12-31
8084,708a20cc-a920-4edd-98b5-57ee713ff5d8,quarterly_net_income_attributable_to_common,2024-09-30
8084,708a20cc-a920-4edd-98b5-57ee713ff5d8,quarterly_diluted_eps,2026-06-30
8084,708a20cc-a920-4edd-98b5-57ee713ff5d8,quarterly_diluted_eps,2026-03-31
8084,708a20cc-a920-4edd-98b5-57ee713ff5d8,quarterly_diluted_eps,2025-12-31
8084,708a20cc-a920-4edd-98b5-57ee713ff5d8,quarterly_diluted_eps,2025-09-30
8084,708a20cc-a920-4edd-98b5-57ee713ff5d8,quarterly_diluted_eps,2025-06-30
8084,708a20cc-a920-4edd-98b5-57ee713ff5d8,quarterly_diluted_eps,2025-03-31
8084,708a20cc-a920-4edd-98b5-57ee713ff5d8,quarterly_diluted_eps,2024-12-31
8084,708a20cc-a920-4edd-98b5-57ee713ff5d8,quarterly_diluted_eps,2024-09-30
8084,708a20cc-a920-4edd-98b5-57ee713ff5d8,diluted_weighted_average_shares,2026-06-30
8084,708a20cc-a920-4edd-98b5-57ee713ff5d8,diluted_weighted_average_shares,2026-03-31
8084,708a20cc-a920-4edd-98b5-57ee713ff5d8,diluted_weighted_average_shares,2025-12-31
8084,708a20cc-a920-4edd-98b5-57ee713ff5d8,diluted_weighted_average_shares,2025-09-30
8084,708a20cc-a920-4edd-98b5-57ee713ff5d8,diluted_weighted_average_shares,2025-06-30
8084,708a20cc-a920-4edd-98b5-57ee713ff5d8,diluted_weighted_average_shares,2025-03-31
8084,708a20cc-a920-4edd-98b5-57ee713ff5d8,diluted_weighted_average_shares,2024-12-31
8084,708a20cc-a920-4edd-98b5-57ee713ff5d8,diluted_weighted_average_shares,2024-09-30
8085,48debcf2-25ad-4e57-bde1-baf7596fb846,quarterly_revenue,2026-06-30
8085,48debcf2-25ad-4e57-bde1-baf7596fb846,quarterly_revenue,2026-03-31
8085,48debcf2-25ad-4e57-bde1-baf7596fb846,quarterly_revenue,2025-12-31
8085,48debcf2-25ad-4e57-bde1-baf7596fb846,quarterly_revenue,2025-09-30
8085,48debcf2-25ad-4e57-bde1-baf7596fb846,quarterly_revenue,2025-06-30
8085,48debcf2-25ad-4e57-bde1-baf7596fb846,quarterly_revenue,2025-03-31
8085,48debcf2-25ad-4e57-bde1-baf7596fb846,quarterly_revenue,2024-12-31
8085,48debcf2-25ad-4e57-bde1-baf7596fb846,quarterly_revenue,2024-09-30
8085,48debcf2-25ad-4e57-bde1-baf7596fb846,quarterly_gross_profit,2026-06-30
8085,48debcf2-25ad-4e57-bde1-baf7596fb846,quarterly_gross_profit,2026-03-31
8085,48debcf2-25ad-4e57-bde1-baf7596fb846,quarterly_gross_profit,2025-12-31
8085,48debcf2-25ad-4e57-bde1-baf7596fb846,quarterly_gross_profit,2025-09-30
8085,48debcf2-25ad-4e57-bde1-baf7596fb846,quarterly_gross_profit,2025-06-30
8085,48debcf2-25ad-4e57-bde1-baf7596fb846,quarterly_gross_profit,2025-03-31
8085,48debcf2-25ad-4e57-bde1-baf7596fb846,quarterly_gross_profit,2024-12-31
8085,48debcf2-25ad-4e57-bde1-baf7596fb846,quarterly_gross_profit,2024-09-30
8085,48debcf2-25ad-4e57-bde1-baf7596fb846,quarterly_operating_income,2026-06-30
8085,48debcf2-25ad-4e57-bde1-baf7596fb846,quarterly_operating_income,2026-03-31
8085,48debcf2-25ad-4e57-bde1-baf7596fb846,quarterly_operating_income,2025-12-31
8085,48debcf2-25ad-4e57-bde1-baf7596fb846,quarterly_operating_income,2025-09-30
8085,48debcf2-25ad-4e57-bde1-baf7596fb846,quarterly_operating_income,2025-06-30
8085,48debcf2-25ad-4e57-bde1-baf7596fb846,quarterly_operating_income,2025-03-31
8085,48debcf2-25ad-4e57-bde1-baf7596fb846,quarterly_operating_income,2024-12-31
8085,48debcf2-25ad-4e57-bde1-baf7596fb846,quarterly_operating_income,2024-09-30
8085,48debcf2-25ad-4e57-bde1-baf7596fb846,quarterly_net_income_attributable_to_common,2026-06-30
8085,48debcf2-25ad-4e57-bde1-baf7596fb846,quarterly_net_income_attributable_to_common,2026-03-31
8085,48debcf2-25ad-4e57-bde1-baf7596fb846,quarterly_net_income_attributable_to_common,2025-12-31
8085,48debcf2-25ad-4e57-bde1-baf7596fb846,quarterly_net_income_attributable_to_common,2025-09-30
8085,48debcf2-25ad-4e57-bde1-baf7596fb846,quarterly_net_income_attributable_to_common,2025-06-30
8085,48debcf2-25ad-4e57-bde1-baf7596fb846,quarterly_net_income_attributable_to_common,2025-03-31
8085,48debcf2-25ad-4e57-bde1-baf7596fb846,quarterly_net_income_attributable_to_common,2024-12-31
8085,48debcf2-25ad-4e57-bde1-baf7596fb846,quarterly_net_income_attributable_to_common,2024-09-30
8085,48debcf2-25ad-4e57-bde1-baf7596fb846,quarterly_diluted_eps,2026-06-30
8085,48debcf2-25ad-4e57-bde1-baf7596fb846,quarterly_diluted_eps,2026-03-31
8085,48debcf2-25ad-4e57-bde1-baf7596fb846,quarterly_diluted_eps,2025-12-31
8085,48debcf2-25ad-4e57-bde1-baf7596fb846,quarterly_diluted_eps,2025-09-30
8085,48debcf2-25ad-4e57-bde1-baf7596fb846,quarterly_diluted_eps,2025-06-30
8085,48debcf2-25ad-4e57-bde1-baf7596fb846,quarterly_diluted_eps,2025-03-31
8085,48debcf2-25ad-4e57-bde1-baf7596fb846,quarterly_diluted_eps,2024-12-31
8085,48debcf2-25ad-4e57-bde1-baf7596fb846,quarterly_diluted_eps,2024-09-30
8085,48debcf2-25ad-4e57-bde1-baf7596fb846,diluted_weighted_average_shares,2026-06-30
8085,48debcf2-25ad-4e57-bde1-baf7596fb846,diluted_weighted_average_shares,2026-03-31
8085,48debcf2-25ad-4e57-bde1-baf7596fb846,diluted_weighted_average_shares,2025-12-31
8085,48debcf2-25ad-4e57-bde1-baf7596fb846,diluted_weighted_average_shares,2025-09-30
8085,48debcf2-25ad-4e57-bde1-baf7596fb846,diluted_weighted_average_shares,2025-06-30
8085,48debcf2-25ad-4e57-bde1-baf7596fb846,diluted_weighted_average_shares,2025-03-31
8085,48debcf2-25ad-4e57-bde1-baf7596fb846,diluted_weighted_average_shares,2024-12-31
8085,48debcf2-25ad-4e57-bde1-baf7596fb846,diluted_weighted_average_shares,2024-09-30
8103,be62c07f-aab9-4325-b9c9-eb1b13096882,quarterly_revenue,2026-06-30
8103,be62c07f-aab9-4325-b9c9-eb1b13096882,quarterly_revenue,2026-03-31
8103,be62c07f-aab9-4325-b9c9-eb1b13096882,quarterly_revenue,2025-12-31
8103,be62c07f-aab9-4325-b9c9-eb1b13096882,quarterly_revenue,2025-09-30
8103,be62c07f-aab9-4325-b9c9-eb1b13096882,quarterly_revenue,2025-06-30
8103,be62c07f-aab9-4325-b9c9-eb1b13096882,quarterly_revenue,2025-03-31
8103,be62c07f-aab9-4325-b9c9-eb1b13096882,quarterly_revenue,2024-12-31
8103,be62c07f-aab9-4325-b9c9-eb1b13096882,quarterly_revenue,2024-09-30
8103,be62c07f-aab9-4325-b9c9-eb1b13096882,quarterly_gross_profit,2026-06-30
8103,be62c07f-aab9-4325-b9c9-eb1b13096882,quarterly_gross_profit,2026-03-31
8103,be62c07f-aab9-4325-b9c9-eb1b13096882,quarterly_gross_profit,2025-12-31
8103,be62c07f-aab9-4325-b9c9-eb1b13096882,quarterly_gross_profit,2025-09-30
8103,be62c07f-aab9-4325-b9c9-eb1b13096882,quarterly_gross_profit,2025-06-30
8103,be62c07f-aab9-4325-b9c9-eb1b13096882,quarterly_gross_profit,2025-03-31
8103,be62c07f-aab9-4325-b9c9-eb1b13096882,quarterly_gross_profit,2024-12-31
8103,be62c07f-aab9-4325-b9c9-eb1b13096882,quarterly_gross_profit,2024-09-30
8103,be62c07f-aab9-4325-b9c9-eb1b13096882,quarterly_operating_income,2026-06-30
8103,be62c07f-aab9-4325-b9c9-eb1b13096882,quarterly_operating_income,2026-03-31
8103,be62c07f-aab9-4325-b9c9-eb1b13096882,quarterly_operating_income,2025-12-31
8103,be62c07f-aab9-4325-b9c9-eb1b13096882,quarterly_operating_income,2025-09-30
8103,be62c07f-aab9-4325-b9c9-eb1b13096882,quarterly_operating_income,2025-06-30
8103,be62c07f-aab9-4325-b9c9-eb1b13096882,quarterly_operating_income,2025-03-31
8103,be62c07f-aab9-4325-b9c9-eb1b13096882,quarterly_operating_income,2024-12-31
8103,be62c07f-aab9-4325-b9c9-eb1b13096882,quarterly_operating_income,2024-09-30
8103,be62c07f-aab9-4325-b9c9-eb1b13096882,quarterly_net_income_attributable_to_common,2026-06-30
8103,be62c07f-aab9-4325-b9c9-eb1b13096882,quarterly_net_income_attributable_to_common,2026-03-31
8103,be62c07f-aab9-4325-b9c9-eb1b13096882,quarterly_net_income_attributable_to_common,2025-12-31
8103,be62c07f-aab9-4325-b9c9-eb1b13096882,quarterly_net_income_attributable_to_common,2025-09-30
8103,be62c07f-aab9-4325-b9c9-eb1b13096882,quarterly_net_income_attributable_to_common,2025-06-30
8103,be62c07f-aab9-4325-b9c9-eb1b13096882,quarterly_net_income_attributable_to_common,2025-03-31
8103,be62c07f-aab9-4325-b9c9-eb1b13096882,quarterly_net_income_attributable_to_common,2024-12-31
8103,be62c07f-aab9-4325-b9c9-eb1b13096882,quarterly_net_income_attributable_to_common,2024-09-30
8103,be62c07f-aab9-4325-b9c9-eb1b13096882,quarterly_diluted_eps,2026-06-30
8103,be62c07f-aab9-4325-b9c9-eb1b13096882,quarterly_diluted_eps,2026-03-31
8103,be62c07f-aab9-4325-b9c9-eb1b13096882,quarterly_diluted_eps,2025-12-31
8103,be62c07f-aab9-4325-b9c9-eb1b13096882,quarterly_diluted_eps,2025-09-30
8103,be62c07f-aab9-4325-b9c9-eb1b13096882,quarterly_diluted_eps,2025-06-30
8103,be62c07f-aab9-4325-b9c9-eb1b13096882,quarterly_diluted_eps,2025-03-31
8103,be62c07f-aab9-4325-b9c9-eb1b13096882,quarterly_diluted_eps,2024-12-31
8103,be62c07f-aab9-4325-b9c9-eb1b13096882,quarterly_diluted_eps,2024-09-30
8103,be62c07f-aab9-4325-b9c9-eb1b13096882,diluted_weighted_average_shares,2026-06-30
8103,be62c07f-aab9-4325-b9c9-eb1b13096882,diluted_weighted_average_shares,2026-03-31
8103,be62c07f-aab9-4325-b9c9-eb1b13096882,diluted_weighted_average_shares,2025-12-31
8103,be62c07f-aab9-4325-b9c9-eb1b13096882,diluted_weighted_average_shares,2025-09-30
8103,be62c07f-aab9-4325-b9c9-eb1b13096882,diluted_weighted_average_shares,2025-06-30
8103,be62c07f-aab9-4325-b9c9-eb1b13096882,diluted_weighted_average_shares,2025-03-31
8103,be62c07f-aab9-4325-b9c9-eb1b13096882,diluted_weighted_average_shares,2024-12-31
8103,be62c07f-aab9-4325-b9c9-eb1b13096882,diluted_weighted_average_shares,2024-09-30
8111,e34142f0-3a3e-480f-8b97-7e5e8a6efefe,quarterly_revenue,2026-06-30
8111,e34142f0-3a3e-480f-8b97-7e5e8a6efefe,quarterly_revenue,2026-03-31
8111,e34142f0-3a3e-480f-8b97-7e5e8a6efefe,quarterly_revenue,2025-12-31
8111,e34142f0-3a3e-480f-8b97-7e5e8a6efefe,quarterly_revenue,2025-09-30
8111,e34142f0-3a3e-480f-8b97-7e5e8a6efefe,quarterly_revenue,2025-06-30
8111,e34142f0-3a3e-480f-8b97-7e5e8a6efefe,quarterly_revenue,2025-03-31
8111,e34142f0-3a3e-480f-8b97-7e5e8a6efefe,quarterly_revenue,2024-12-31
8111,e34142f0-3a3e-480f-8b97-7e5e8a6efefe,quarterly_revenue,2024-09-30
8111,e34142f0-3a3e-480f-8b97-7e5e8a6efefe,quarterly_gross_profit,2026-06-30
8111,e34142f0-3a3e-480f-8b97-7e5e8a6efefe,quarterly_gross_profit,2026-03-31
8111,e34142f0-3a3e-480f-8b97-7e5e8a6efefe,quarterly_gross_profit,2025-12-31
8111,e34142f0-3a3e-480f-8b97-7e5e8a6efefe,quarterly_gross_profit,2025-09-30
8111,e34142f0-3a3e-480f-8b97-7e5e8a6efefe,quarterly_gross_profit,2025-06-30
8111,e34142f0-3a3e-480f-8b97-7e5e8a6efefe,quarterly_gross_profit,2025-03-31
8111,e34142f0-3a3e-480f-8b97-7e5e8a6efefe,quarterly_gross_profit,2024-12-31
8111,e34142f0-3a3e-480f-8b97-7e5e8a6efefe,quarterly_gross_profit,2024-09-30
8111,e34142f0-3a3e-480f-8b97-7e5e8a6efefe,quarterly_operating_income,2026-06-30
8111,e34142f0-3a3e-480f-8b97-7e5e8a6efefe,quarterly_operating_income,2026-03-31
8111,e34142f0-3a3e-480f-8b97-7e5e8a6efefe,quarterly_operating_income,2025-12-31
8111,e34142f0-3a3e-480f-8b97-7e5e8a6efefe,quarterly_operating_income,2025-09-30
8111,e34142f0-3a3e-480f-8b97-7e5e8a6efefe,quarterly_operating_income,2025-06-30
8111,e34142f0-3a3e-480f-8b97-7e5e8a6efefe,quarterly_operating_income,2025-03-31
8111,e34142f0-3a3e-480f-8b97-7e5e8a6efefe,quarterly_operating_income,2024-12-31
8111,e34142f0-3a3e-480f-8b97-7e5e8a6efefe,quarterly_operating_income,2024-09-30
8111,e34142f0-3a3e-480f-8b97-7e5e8a6efefe,quarterly_net_income_attributable_to_common,2026-06-30
8111,e34142f0-3a3e-480f-8b97-7e5e8a6efefe,quarterly_net_income_attributable_to_common,2026-03-31
8111,e34142f0-3a3e-480f-8b97-7e5e8a6efefe,quarterly_net_income_attributable_to_common,2025-12-31
8111,e34142f0-3a3e-480f-8b97-7e5e8a6efefe,quarterly_net_income_attributable_to_common,2025-09-30
8111,e34142f0-3a3e-480f-8b97-7e5e8a6efefe,quarterly_net_income_attributable_to_common,2025-06-30
8111,e34142f0-3a3e-480f-8b97-7e5e8a6efefe,quarterly_net_income_attributable_to_common,2025-03-31
8111,e34142f0-3a3e-480f-8b97-7e5e8a6efefe,quarterly_net_income_attributable_to_common,2024-12-31
8111,e34142f0-3a3e-480f-8b97-7e5e8a6efefe,quarterly_net_income_attributable_to_common,2024-09-30
8111,e34142f0-3a3e-480f-8b97-7e5e8a6efefe,quarterly_diluted_eps,2026-06-30
8111,e34142f0-3a3e-480f-8b97-7e5e8a6efefe,quarterly_diluted_eps,2026-03-31
8111,e34142f0-3a3e-480f-8b97-7e5e8a6efefe,quarterly_diluted_eps,2025-12-31
8111,e34142f0-3a3e-480f-8b97-7e5e8a6efefe,quarterly_diluted_eps,2025-09-30
8111,e34142f0-3a3e-480f-8b97-7e5e8a6efefe,quarterly_diluted_eps,2025-06-30
8111,e34142f0-3a3e-480f-8b97-7e5e8a6efefe,quarterly_diluted_eps,2025-03-31
8111,e34142f0-3a3e-480f-8b97-7e5e8a6efefe,quarterly_diluted_eps,2024-12-31
8111,e34142f0-3a3e-480f-8b97-7e5e8a6efefe,quarterly_diluted_eps,2024-09-30
8111,e34142f0-3a3e-480f-8b97-7e5e8a6efefe,diluted_weighted_average_shares,2026-06-30
8111,e34142f0-3a3e-480f-8b97-7e5e8a6efefe,diluted_weighted_average_shares,2026-03-31
8111,e34142f0-3a3e-480f-8b97-7e5e8a6efefe,diluted_weighted_average_shares,2025-12-31
8111,e34142f0-3a3e-480f-8b97-7e5e8a6efefe,diluted_weighted_average_shares,2025-09-30
8111,e34142f0-3a3e-480f-8b97-7e5e8a6efefe,diluted_weighted_average_shares,2025-06-30
8111,e34142f0-3a3e-480f-8b97-7e5e8a6efefe,diluted_weighted_average_shares,2025-03-31
8111,e34142f0-3a3e-480f-8b97-7e5e8a6efefe,diluted_weighted_average_shares,2024-12-31
8111,e34142f0-3a3e-480f-8b97-7e5e8a6efefe,diluted_weighted_average_shares,2024-09-30
8150,a15961a6-cdba-4ed2-9180-6086c288b48b,quarterly_revenue,2026-06-30
8150,a15961a6-cdba-4ed2-9180-6086c288b48b,quarterly_revenue,2026-03-31
8150,a15961a6-cdba-4ed2-9180-6086c288b48b,quarterly_revenue,2025-12-31
8150,a15961a6-cdba-4ed2-9180-6086c288b48b,quarterly_revenue,2025-09-30
8150,a15961a6-cdba-4ed2-9180-6086c288b48b,quarterly_revenue,2025-06-30
8150,a15961a6-cdba-4ed2-9180-6086c288b48b,quarterly_revenue,2025-03-31
8150,a15961a6-cdba-4ed2-9180-6086c288b48b,quarterly_revenue,2024-12-31
8150,a15961a6-cdba-4ed2-9180-6086c288b48b,quarterly_revenue,2024-09-30
8150,a15961a6-cdba-4ed2-9180-6086c288b48b,quarterly_gross_profit,2026-06-30
8150,a15961a6-cdba-4ed2-9180-6086c288b48b,quarterly_gross_profit,2026-03-31
8150,a15961a6-cdba-4ed2-9180-6086c288b48b,quarterly_gross_profit,2025-12-31
8150,a15961a6-cdba-4ed2-9180-6086c288b48b,quarterly_gross_profit,2025-09-30
8150,a15961a6-cdba-4ed2-9180-6086c288b48b,quarterly_gross_profit,2025-06-30
8150,a15961a6-cdba-4ed2-9180-6086c288b48b,quarterly_gross_profit,2025-03-31
8150,a15961a6-cdba-4ed2-9180-6086c288b48b,quarterly_gross_profit,2024-12-31
8150,a15961a6-cdba-4ed2-9180-6086c288b48b,quarterly_gross_profit,2024-09-30
8150,a15961a6-cdba-4ed2-9180-6086c288b48b,quarterly_operating_income,2026-06-30
8150,a15961a6-cdba-4ed2-9180-6086c288b48b,quarterly_operating_income,2026-03-31
8150,a15961a6-cdba-4ed2-9180-6086c288b48b,quarterly_operating_income,2025-12-31
8150,a15961a6-cdba-4ed2-9180-6086c288b48b,quarterly_operating_income,2025-09-30
8150,a15961a6-cdba-4ed2-9180-6086c288b48b,quarterly_operating_income,2025-06-30
8150,a15961a6-cdba-4ed2-9180-6086c288b48b,quarterly_operating_income,2025-03-31
8150,a15961a6-cdba-4ed2-9180-6086c288b48b,quarterly_operating_income,2024-12-31
8150,a15961a6-cdba-4ed2-9180-6086c288b48b,quarterly_operating_income,2024-09-30
8150,a15961a6-cdba-4ed2-9180-6086c288b48b,quarterly_net_income_attributable_to_common,2026-06-30
8150,a15961a6-cdba-4ed2-9180-6086c288b48b,quarterly_net_income_attributable_to_common,2026-03-31
8150,a15961a6-cdba-4ed2-9180-6086c288b48b,quarterly_net_income_attributable_to_common,2025-12-31
8150,a15961a6-cdba-4ed2-9180-6086c288b48b,quarterly_net_income_attributable_to_common,2025-09-30
8150,a15961a6-cdba-4ed2-9180-6086c288b48b,quarterly_net_income_attributable_to_common,2025-06-30
8150,a15961a6-cdba-4ed2-9180-6086c288b48b,quarterly_net_income_attributable_to_common,2025-03-31
8150,a15961a6-cdba-4ed2-9180-6086c288b48b,quarterly_net_income_attributable_to_common,2024-12-31
8150,a15961a6-cdba-4ed2-9180-6086c288b48b,quarterly_net_income_attributable_to_common,2024-09-30
8150,a15961a6-cdba-4ed2-9180-6086c288b48b,quarterly_diluted_eps,2026-06-30
8150,a15961a6-cdba-4ed2-9180-6086c288b48b,quarterly_diluted_eps,2026-03-31
8150,a15961a6-cdba-4ed2-9180-6086c288b48b,quarterly_diluted_eps,2025-12-31
8150,a15961a6-cdba-4ed2-9180-6086c288b48b,quarterly_diluted_eps,2025-09-30
8150,a15961a6-cdba-4ed2-9180-6086c288b48b,quarterly_diluted_eps,2025-06-30
8150,a15961a6-cdba-4ed2-9180-6086c288b48b,quarterly_diluted_eps,2025-03-31
8150,a15961a6-cdba-4ed2-9180-6086c288b48b,quarterly_diluted_eps,2024-12-31
8150,a15961a6-cdba-4ed2-9180-6086c288b48b,quarterly_diluted_eps,2024-09-30
8150,a15961a6-cdba-4ed2-9180-6086c288b48b,diluted_weighted_average_shares,2026-06-30
8150,a15961a6-cdba-4ed2-9180-6086c288b48b,diluted_weighted_average_shares,2026-03-31
8150,a15961a6-cdba-4ed2-9180-6086c288b48b,diluted_weighted_average_shares,2025-12-31
8150,a15961a6-cdba-4ed2-9180-6086c288b48b,diluted_weighted_average_shares,2025-09-30
8150,a15961a6-cdba-4ed2-9180-6086c288b48b,diluted_weighted_average_shares,2025-06-30
8150,a15961a6-cdba-4ed2-9180-6086c288b48b,diluted_weighted_average_shares,2025-03-31
8150,a15961a6-cdba-4ed2-9180-6086c288b48b,diluted_weighted_average_shares,2024-12-31
8150,a15961a6-cdba-4ed2-9180-6086c288b48b,diluted_weighted_average_shares,2024-09-30
8210,cdbef784-5d89-4370-9229-3a583265434d,quarterly_revenue,2026-06-30
8210,cdbef784-5d89-4370-9229-3a583265434d,quarterly_revenue,2026-03-31
8210,cdbef784-5d89-4370-9229-3a583265434d,quarterly_revenue,2025-12-31
8210,cdbef784-5d89-4370-9229-3a583265434d,quarterly_revenue,2025-09-30
8210,cdbef784-5d89-4370-9229-3a583265434d,quarterly_revenue,2025-06-30
8210,cdbef784-5d89-4370-9229-3a583265434d,quarterly_revenue,2025-03-31
8210,cdbef784-5d89-4370-9229-3a583265434d,quarterly_revenue,2024-12-31
8210,cdbef784-5d89-4370-9229-3a583265434d,quarterly_revenue,2024-09-30
8210,cdbef784-5d89-4370-9229-3a583265434d,quarterly_gross_profit,2026-06-30
8210,cdbef784-5d89-4370-9229-3a583265434d,quarterly_gross_profit,2026-03-31
8210,cdbef784-5d89-4370-9229-3a583265434d,quarterly_gross_profit,2025-12-31
8210,cdbef784-5d89-4370-9229-3a583265434d,quarterly_gross_profit,2025-09-30
8210,cdbef784-5d89-4370-9229-3a583265434d,quarterly_gross_profit,2025-06-30
8210,cdbef784-5d89-4370-9229-3a583265434d,quarterly_gross_profit,2025-03-31
8210,cdbef784-5d89-4370-9229-3a583265434d,quarterly_gross_profit,2024-12-31
8210,cdbef784-5d89-4370-9229-3a583265434d,quarterly_gross_profit,2024-09-30
8210,cdbef784-5d89-4370-9229-3a583265434d,quarterly_operating_income,2026-06-30
8210,cdbef784-5d89-4370-9229-3a583265434d,quarterly_operating_income,2026-03-31
8210,cdbef784-5d89-4370-9229-3a583265434d,quarterly_operating_income,2025-12-31
8210,cdbef784-5d89-4370-9229-3a583265434d,quarterly_operating_income,2025-09-30
8210,cdbef784-5d89-4370-9229-3a583265434d,quarterly_operating_income,2025-06-30
8210,cdbef784-5d89-4370-9229-3a583265434d,quarterly_operating_income,2025-03-31
8210,cdbef784-5d89-4370-9229-3a583265434d,quarterly_operating_income,2024-12-31
8210,cdbef784-5d89-4370-9229-3a583265434d,quarterly_operating_income,2024-09-30
8210,cdbef784-5d89-4370-9229-3a583265434d,quarterly_net_income_attributable_to_common,2026-06-30
8210,cdbef784-5d89-4370-9229-3a583265434d,quarterly_net_income_attributable_to_common,2026-03-31
8210,cdbef784-5d89-4370-9229-3a583265434d,quarterly_net_income_attributable_to_common,2025-12-31
8210,cdbef784-5d89-4370-9229-3a583265434d,quarterly_net_income_attributable_to_common,2025-09-30
8210,cdbef784-5d89-4370-9229-3a583265434d,quarterly_net_income_attributable_to_common,2025-06-30
8210,cdbef784-5d89-4370-9229-3a583265434d,quarterly_net_income_attributable_to_common,2025-03-31
8210,cdbef784-5d89-4370-9229-3a583265434d,quarterly_net_income_attributable_to_common,2024-12-31
8210,cdbef784-5d89-4370-9229-3a583265434d,quarterly_net_income_attributable_to_common,2024-09-30
8210,cdbef784-5d89-4370-9229-3a583265434d,quarterly_diluted_eps,2026-06-30
8210,cdbef784-5d89-4370-9229-3a583265434d,quarterly_diluted_eps,2026-03-31
8210,cdbef784-5d89-4370-9229-3a583265434d,quarterly_diluted_eps,2025-12-31
8210,cdbef784-5d89-4370-9229-3a583265434d,quarterly_diluted_eps,2025-09-30
8210,cdbef784-5d89-4370-9229-3a583265434d,quarterly_diluted_eps,2025-06-30
8210,cdbef784-5d89-4370-9229-3a583265434d,quarterly_diluted_eps,2025-03-31
8210,cdbef784-5d89-4370-9229-3a583265434d,quarterly_diluted_eps,2024-12-31
8210,cdbef784-5d89-4370-9229-3a583265434d,quarterly_diluted_eps,2024-09-30
8210,cdbef784-5d89-4370-9229-3a583265434d,diluted_weighted_average_shares,2026-06-30
8210,cdbef784-5d89-4370-9229-3a583265434d,diluted_weighted_average_shares,2026-03-31
8210,cdbef784-5d89-4370-9229-3a583265434d,diluted_weighted_average_shares,2025-12-31
8210,cdbef784-5d89-4370-9229-3a583265434d,diluted_weighted_average_shares,2025-09-30
8210,cdbef784-5d89-4370-9229-3a583265434d,diluted_weighted_average_shares,2025-06-30
8210,cdbef784-5d89-4370-9229-3a583265434d,diluted_weighted_average_shares,2025-03-31
8210,cdbef784-5d89-4370-9229-3a583265434d,diluted_weighted_average_shares,2024-12-31
8210,cdbef784-5d89-4370-9229-3a583265434d,diluted_weighted_average_shares,2024-09-30
8227,108c2890-ab30-4466-a5ee-bc7df1387ce3,quarterly_revenue,2026-06-30
8227,108c2890-ab30-4466-a5ee-bc7df1387ce3,quarterly_revenue,2026-03-31
8227,108c2890-ab30-4466-a5ee-bc7df1387ce3,quarterly_revenue,2025-12-31
8227,108c2890-ab30-4466-a5ee-bc7df1387ce3,quarterly_revenue,2025-09-30
8227,108c2890-ab30-4466-a5ee-bc7df1387ce3,quarterly_revenue,2025-06-30
8227,108c2890-ab30-4466-a5ee-bc7df1387ce3,quarterly_revenue,2025-03-31
8227,108c2890-ab30-4466-a5ee-bc7df1387ce3,quarterly_revenue,2024-12-31
8227,108c2890-ab30-4466-a5ee-bc7df1387ce3,quarterly_revenue,2024-09-30
8227,108c2890-ab30-4466-a5ee-bc7df1387ce3,quarterly_gross_profit,2026-06-30
8227,108c2890-ab30-4466-a5ee-bc7df1387ce3,quarterly_gross_profit,2026-03-31
8227,108c2890-ab30-4466-a5ee-bc7df1387ce3,quarterly_gross_profit,2025-12-31
8227,108c2890-ab30-4466-a5ee-bc7df1387ce3,quarterly_gross_profit,2025-09-30
8227,108c2890-ab30-4466-a5ee-bc7df1387ce3,quarterly_gross_profit,2025-06-30
8227,108c2890-ab30-4466-a5ee-bc7df1387ce3,quarterly_gross_profit,2025-03-31
8227,108c2890-ab30-4466-a5ee-bc7df1387ce3,quarterly_gross_profit,2024-12-31
8227,108c2890-ab30-4466-a5ee-bc7df1387ce3,quarterly_gross_profit,2024-09-30
8227,108c2890-ab30-4466-a5ee-bc7df1387ce3,quarterly_operating_income,2026-06-30
8227,108c2890-ab30-4466-a5ee-bc7df1387ce3,quarterly_operating_income,2026-03-31
8227,108c2890-ab30-4466-a5ee-bc7df1387ce3,quarterly_operating_income,2025-12-31
8227,108c2890-ab30-4466-a5ee-bc7df1387ce3,quarterly_operating_income,2025-09-30
8227,108c2890-ab30-4466-a5ee-bc7df1387ce3,quarterly_operating_income,2025-06-30
8227,108c2890-ab30-4466-a5ee-bc7df1387ce3,quarterly_operating_income,2025-03-31
8227,108c2890-ab30-4466-a5ee-bc7df1387ce3,quarterly_operating_income,2024-12-31
8227,108c2890-ab30-4466-a5ee-bc7df1387ce3,quarterly_operating_income,2024-09-30
8227,108c2890-ab30-4466-a5ee-bc7df1387ce3,quarterly_net_income_attributable_to_common,2026-06-30
8227,108c2890-ab30-4466-a5ee-bc7df1387ce3,quarterly_net_income_attributable_to_common,2026-03-31
8227,108c2890-ab30-4466-a5ee-bc7df1387ce3,quarterly_net_income_attributable_to_common,2025-12-31
8227,108c2890-ab30-4466-a5ee-bc7df1387ce3,quarterly_net_income_attributable_to_common,2025-09-30
8227,108c2890-ab30-4466-a5ee-bc7df1387ce3,quarterly_net_income_attributable_to_common,2025-06-30
8227,108c2890-ab30-4466-a5ee-bc7df1387ce3,quarterly_net_income_attributable_to_common,2025-03-31
8227,108c2890-ab30-4466-a5ee-bc7df1387ce3,quarterly_net_income_attributable_to_common,2024-12-31
8227,108c2890-ab30-4466-a5ee-bc7df1387ce3,quarterly_net_income_attributable_to_common,2024-09-30
8227,108c2890-ab30-4466-a5ee-bc7df1387ce3,quarterly_diluted_eps,2026-06-30
8227,108c2890-ab30-4466-a5ee-bc7df1387ce3,quarterly_diluted_eps,2026-03-31
8227,108c2890-ab30-4466-a5ee-bc7df1387ce3,quarterly_diluted_eps,2025-12-31
8227,108c2890-ab30-4466-a5ee-bc7df1387ce3,quarterly_diluted_eps,2025-09-30
8227,108c2890-ab30-4466-a5ee-bc7df1387ce3,quarterly_diluted_eps,2025-06-30
8227,108c2890-ab30-4466-a5ee-bc7df1387ce3,quarterly_diluted_eps,2025-03-31
8227,108c2890-ab30-4466-a5ee-bc7df1387ce3,quarterly_diluted_eps,2024-12-31
8227,108c2890-ab30-4466-a5ee-bc7df1387ce3,quarterly_diluted_eps,2024-09-30
8227,108c2890-ab30-4466-a5ee-bc7df1387ce3,diluted_weighted_average_shares,2026-06-30
8227,108c2890-ab30-4466-a5ee-bc7df1387ce3,diluted_weighted_average_shares,2026-03-31
8227,108c2890-ab30-4466-a5ee-bc7df1387ce3,diluted_weighted_average_shares,2025-12-31
8227,108c2890-ab30-4466-a5ee-bc7df1387ce3,diluted_weighted_average_shares,2025-09-30
8227,108c2890-ab30-4466-a5ee-bc7df1387ce3,diluted_weighted_average_shares,2025-06-30
8227,108c2890-ab30-4466-a5ee-bc7df1387ce3,diluted_weighted_average_shares,2025-03-31
8227,108c2890-ab30-4466-a5ee-bc7df1387ce3,diluted_weighted_average_shares,2024-12-31
8227,108c2890-ab30-4466-a5ee-bc7df1387ce3,diluted_weighted_average_shares,2024-09-30
8271,99f63297-1ef1-41d5-bf68-36bd9d6e3c7c,quarterly_revenue,2026-06-30
8271,99f63297-1ef1-41d5-bf68-36bd9d6e3c7c,quarterly_revenue,2026-03-31
8271,99f63297-1ef1-41d5-bf68-36bd9d6e3c7c,quarterly_revenue,2025-12-31
8271,99f63297-1ef1-41d5-bf68-36bd9d6e3c7c,quarterly_revenue,2025-09-30
8271,99f63297-1ef1-41d5-bf68-36bd9d6e3c7c,quarterly_revenue,2025-06-30
8271,99f63297-1ef1-41d5-bf68-36bd9d6e3c7c,quarterly_revenue,2025-03-31
8271,99f63297-1ef1-41d5-bf68-36bd9d6e3c7c,quarterly_revenue,2024-12-31
8271,99f63297-1ef1-41d5-bf68-36bd9d6e3c7c,quarterly_revenue,2024-09-30
8271,99f63297-1ef1-41d5-bf68-36bd9d6e3c7c,quarterly_gross_profit,2026-06-30
8271,99f63297-1ef1-41d5-bf68-36bd9d6e3c7c,quarterly_gross_profit,2026-03-31
8271,99f63297-1ef1-41d5-bf68-36bd9d6e3c7c,quarterly_gross_profit,2025-12-31
8271,99f63297-1ef1-41d5-bf68-36bd9d6e3c7c,quarterly_gross_profit,2025-09-30
8271,99f63297-1ef1-41d5-bf68-36bd9d6e3c7c,quarterly_gross_profit,2025-06-30
8271,99f63297-1ef1-41d5-bf68-36bd9d6e3c7c,quarterly_gross_profit,2025-03-31
8271,99f63297-1ef1-41d5-bf68-36bd9d6e3c7c,quarterly_gross_profit,2024-12-31
8271,99f63297-1ef1-41d5-bf68-36bd9d6e3c7c,quarterly_gross_profit,2024-09-30
8271,99f63297-1ef1-41d5-bf68-36bd9d6e3c7c,quarterly_operating_income,2026-06-30
8271,99f63297-1ef1-41d5-bf68-36bd9d6e3c7c,quarterly_operating_income,2026-03-31
8271,99f63297-1ef1-41d5-bf68-36bd9d6e3c7c,quarterly_operating_income,2025-12-31
8271,99f63297-1ef1-41d5-bf68-36bd9d6e3c7c,quarterly_operating_income,2025-09-30
8271,99f63297-1ef1-41d5-bf68-36bd9d6e3c7c,quarterly_operating_income,2025-06-30
8271,99f63297-1ef1-41d5-bf68-36bd9d6e3c7c,quarterly_operating_income,2025-03-31
8271,99f63297-1ef1-41d5-bf68-36bd9d6e3c7c,quarterly_operating_income,2024-12-31
8271,99f63297-1ef1-41d5-bf68-36bd9d6e3c7c,quarterly_operating_income,2024-09-30
8271,99f63297-1ef1-41d5-bf68-36bd9d6e3c7c,quarterly_net_income_attributable_to_common,2026-06-30
8271,99f63297-1ef1-41d5-bf68-36bd9d6e3c7c,quarterly_net_income_attributable_to_common,2026-03-31
8271,99f63297-1ef1-41d5-bf68-36bd9d6e3c7c,quarterly_net_income_attributable_to_common,2025-12-31
8271,99f63297-1ef1-41d5-bf68-36bd9d6e3c7c,quarterly_net_income_attributable_to_common,2025-09-30
8271,99f63297-1ef1-41d5-bf68-36bd9d6e3c7c,quarterly_net_income_attributable_to_common,2025-06-30
8271,99f63297-1ef1-41d5-bf68-36bd9d6e3c7c,quarterly_net_income_attributable_to_common,2025-03-31
8271,99f63297-1ef1-41d5-bf68-36bd9d6e3c7c,quarterly_net_income_attributable_to_common,2024-12-31
8271,99f63297-1ef1-41d5-bf68-36bd9d6e3c7c,quarterly_net_income_attributable_to_common,2024-09-30
8271,99f63297-1ef1-41d5-bf68-36bd9d6e3c7c,quarterly_diluted_eps,2026-06-30
8271,99f63297-1ef1-41d5-bf68-36bd9d6e3c7c,quarterly_diluted_eps,2026-03-31
8271,99f63297-1ef1-41d5-bf68-36bd9d6e3c7c,quarterly_diluted_eps,2025-12-31
8271,99f63297-1ef1-41d5-bf68-36bd9d6e3c7c,quarterly_diluted_eps,2025-09-30
8271,99f63297-1ef1-41d5-bf68-36bd9d6e3c7c,quarterly_diluted_eps,2025-06-30
8271,99f63297-1ef1-41d5-bf68-36bd9d6e3c7c,quarterly_diluted_eps,2025-03-31
8271,99f63297-1ef1-41d5-bf68-36bd9d6e3c7c,quarterly_diluted_eps,2024-12-31
8271,99f63297-1ef1-41d5-bf68-36bd9d6e3c7c,quarterly_diluted_eps,2024-09-30
8271,99f63297-1ef1-41d5-bf68-36bd9d6e3c7c,diluted_weighted_average_shares,2026-06-30
8271,99f63297-1ef1-41d5-bf68-36bd9d6e3c7c,diluted_weighted_average_shares,2026-03-31
8271,99f63297-1ef1-41d5-bf68-36bd9d6e3c7c,diluted_weighted_average_shares,2025-12-31
8271,99f63297-1ef1-41d5-bf68-36bd9d6e3c7c,diluted_weighted_average_shares,2025-09-30
8271,99f63297-1ef1-41d5-bf68-36bd9d6e3c7c,diluted_weighted_average_shares,2025-06-30
8271,99f63297-1ef1-41d5-bf68-36bd9d6e3c7c,diluted_weighted_average_shares,2025-03-31
8271,99f63297-1ef1-41d5-bf68-36bd9d6e3c7c,diluted_weighted_average_shares,2024-12-31
8271,99f63297-1ef1-41d5-bf68-36bd9d6e3c7c,diluted_weighted_average_shares,2024-09-30
8299,f0284646-0822-486a-8be1-5a3621f39a20,quarterly_revenue,2026-06-30
8299,f0284646-0822-486a-8be1-5a3621f39a20,quarterly_revenue,2026-03-31
8299,f0284646-0822-486a-8be1-5a3621f39a20,quarterly_revenue,2025-12-31
8299,f0284646-0822-486a-8be1-5a3621f39a20,quarterly_revenue,2025-09-30
8299,f0284646-0822-486a-8be1-5a3621f39a20,quarterly_revenue,2025-06-30
8299,f0284646-0822-486a-8be1-5a3621f39a20,quarterly_revenue,2025-03-31
8299,f0284646-0822-486a-8be1-5a3621f39a20,quarterly_revenue,2024-12-31
8299,f0284646-0822-486a-8be1-5a3621f39a20,quarterly_revenue,2024-09-30
8299,f0284646-0822-486a-8be1-5a3621f39a20,quarterly_gross_profit,2026-06-30
8299,f0284646-0822-486a-8be1-5a3621f39a20,quarterly_gross_profit,2026-03-31
8299,f0284646-0822-486a-8be1-5a3621f39a20,quarterly_gross_profit,2025-12-31
8299,f0284646-0822-486a-8be1-5a3621f39a20,quarterly_gross_profit,2025-09-30
8299,f0284646-0822-486a-8be1-5a3621f39a20,quarterly_gross_profit,2025-06-30
8299,f0284646-0822-486a-8be1-5a3621f39a20,quarterly_gross_profit,2025-03-31
8299,f0284646-0822-486a-8be1-5a3621f39a20,quarterly_gross_profit,2024-12-31
8299,f0284646-0822-486a-8be1-5a3621f39a20,quarterly_gross_profit,2024-09-30
8299,f0284646-0822-486a-8be1-5a3621f39a20,quarterly_operating_income,2026-06-30
8299,f0284646-0822-486a-8be1-5a3621f39a20,quarterly_operating_income,2026-03-31
8299,f0284646-0822-486a-8be1-5a3621f39a20,quarterly_operating_income,2025-12-31
8299,f0284646-0822-486a-8be1-5a3621f39a20,quarterly_operating_income,2025-09-30
8299,f0284646-0822-486a-8be1-5a3621f39a20,quarterly_operating_income,2025-06-30
8299,f0284646-0822-486a-8be1-5a3621f39a20,quarterly_operating_income,2025-03-31
8299,f0284646-0822-486a-8be1-5a3621f39a20,quarterly_operating_income,2024-12-31
8299,f0284646-0822-486a-8be1-5a3621f39a20,quarterly_operating_income,2024-09-30
8299,f0284646-0822-486a-8be1-5a3621f39a20,quarterly_net_income_attributable_to_common,2026-06-30
8299,f0284646-0822-486a-8be1-5a3621f39a20,quarterly_net_income_attributable_to_common,2026-03-31
8299,f0284646-0822-486a-8be1-5a3621f39a20,quarterly_net_income_attributable_to_common,2025-12-31
8299,f0284646-0822-486a-8be1-5a3621f39a20,quarterly_net_income_attributable_to_common,2025-09-30
8299,f0284646-0822-486a-8be1-5a3621f39a20,quarterly_net_income_attributable_to_common,2025-06-30
8299,f0284646-0822-486a-8be1-5a3621f39a20,quarterly_net_income_attributable_to_common,2025-03-31
8299,f0284646-0822-486a-8be1-5a3621f39a20,quarterly_net_income_attributable_to_common,2024-12-31
8299,f0284646-0822-486a-8be1-5a3621f39a20,quarterly_net_income_attributable_to_common,2024-09-30
8299,f0284646-0822-486a-8be1-5a3621f39a20,quarterly_diluted_eps,2026-06-30
8299,f0284646-0822-486a-8be1-5a3621f39a20,quarterly_diluted_eps,2026-03-31
8299,f0284646-0822-486a-8be1-5a3621f39a20,quarterly_diluted_eps,2025-12-31
8299,f0284646-0822-486a-8be1-5a3621f39a20,quarterly_diluted_eps,2025-09-30
8299,f0284646-0822-486a-8be1-5a3621f39a20,quarterly_diluted_eps,2025-06-30
8299,f0284646-0822-486a-8be1-5a3621f39a20,quarterly_diluted_eps,2025-03-31
8299,f0284646-0822-486a-8be1-5a3621f39a20,quarterly_diluted_eps,2024-12-31
8299,f0284646-0822-486a-8be1-5a3621f39a20,quarterly_diluted_eps,2024-09-30
8299,f0284646-0822-486a-8be1-5a3621f39a20,diluted_weighted_average_shares,2026-06-30
8299,f0284646-0822-486a-8be1-5a3621f39a20,diluted_weighted_average_shares,2026-03-31
8299,f0284646-0822-486a-8be1-5a3621f39a20,diluted_weighted_average_shares,2025-12-31
8299,f0284646-0822-486a-8be1-5a3621f39a20,diluted_weighted_average_shares,2025-09-30
8299,f0284646-0822-486a-8be1-5a3621f39a20,diluted_weighted_average_shares,2025-06-30
8299,f0284646-0822-486a-8be1-5a3621f39a20,diluted_weighted_average_shares,2025-03-31
8299,f0284646-0822-486a-8be1-5a3621f39a20,diluted_weighted_average_shares,2024-12-31
8299,f0284646-0822-486a-8be1-5a3621f39a20,diluted_weighted_average_shares,2024-09-30
8358,d55f8b68-b396-4e9c-aac9-5d0387a351ad,quarterly_revenue,2026-06-30
8358,d55f8b68-b396-4e9c-aac9-5d0387a351ad,quarterly_revenue,2026-03-31
8358,d55f8b68-b396-4e9c-aac9-5d0387a351ad,quarterly_revenue,2025-12-31
8358,d55f8b68-b396-4e9c-aac9-5d0387a351ad,quarterly_revenue,2025-09-30
8358,d55f8b68-b396-4e9c-aac9-5d0387a351ad,quarterly_revenue,2025-06-30
8358,d55f8b68-b396-4e9c-aac9-5d0387a351ad,quarterly_revenue,2025-03-31
8358,d55f8b68-b396-4e9c-aac9-5d0387a351ad,quarterly_revenue,2024-12-31
8358,d55f8b68-b396-4e9c-aac9-5d0387a351ad,quarterly_revenue,2024-09-30
8358,d55f8b68-b396-4e9c-aac9-5d0387a351ad,quarterly_gross_profit,2026-06-30
8358,d55f8b68-b396-4e9c-aac9-5d0387a351ad,quarterly_gross_profit,2026-03-31
8358,d55f8b68-b396-4e9c-aac9-5d0387a351ad,quarterly_gross_profit,2025-12-31
8358,d55f8b68-b396-4e9c-aac9-5d0387a351ad,quarterly_gross_profit,2025-09-30
8358,d55f8b68-b396-4e9c-aac9-5d0387a351ad,quarterly_gross_profit,2025-06-30
8358,d55f8b68-b396-4e9c-aac9-5d0387a351ad,quarterly_gross_profit,2025-03-31
8358,d55f8b68-b396-4e9c-aac9-5d0387a351ad,quarterly_gross_profit,2024-12-31
8358,d55f8b68-b396-4e9c-aac9-5d0387a351ad,quarterly_gross_profit,2024-09-30
8358,d55f8b68-b396-4e9c-aac9-5d0387a351ad,quarterly_operating_income,2026-06-30
8358,d55f8b68-b396-4e9c-aac9-5d0387a351ad,quarterly_operating_income,2026-03-31
8358,d55f8b68-b396-4e9c-aac9-5d0387a351ad,quarterly_operating_income,2025-12-31
8358,d55f8b68-b396-4e9c-aac9-5d0387a351ad,quarterly_operating_income,2025-09-30
8358,d55f8b68-b396-4e9c-aac9-5d0387a351ad,quarterly_operating_income,2025-06-30
8358,d55f8b68-b396-4e9c-aac9-5d0387a351ad,quarterly_operating_income,2025-03-31
8358,d55f8b68-b396-4e9c-aac9-5d0387a351ad,quarterly_operating_income,2024-12-31
8358,d55f8b68-b396-4e9c-aac9-5d0387a351ad,quarterly_operating_income,2024-09-30
8358,d55f8b68-b396-4e9c-aac9-5d0387a351ad,quarterly_net_income_attributable_to_common,2026-06-30
8358,d55f8b68-b396-4e9c-aac9-5d0387a351ad,quarterly_net_income_attributable_to_common,2026-03-31
8358,d55f8b68-b396-4e9c-aac9-5d0387a351ad,quarterly_net_income_attributable_to_common,2025-12-31
8358,d55f8b68-b396-4e9c-aac9-5d0387a351ad,quarterly_net_income_attributable_to_common,2025-09-30
8358,d55f8b68-b396-4e9c-aac9-5d0387a351ad,quarterly_net_income_attributable_to_common,2025-06-30
8358,d55f8b68-b396-4e9c-aac9-5d0387a351ad,quarterly_net_income_attributable_to_common,2025-03-31
8358,d55f8b68-b396-4e9c-aac9-5d0387a351ad,quarterly_net_income_attributable_to_common,2024-12-31
8358,d55f8b68-b396-4e9c-aac9-5d0387a351ad,quarterly_net_income_attributable_to_common,2024-09-30
8358,d55f8b68-b396-4e9c-aac9-5d0387a351ad,quarterly_diluted_eps,2026-06-30
8358,d55f8b68-b396-4e9c-aac9-5d0387a351ad,quarterly_diluted_eps,2026-03-31
8358,d55f8b68-b396-4e9c-aac9-5d0387a351ad,quarterly_diluted_eps,2025-12-31
8358,d55f8b68-b396-4e9c-aac9-5d0387a351ad,quarterly_diluted_eps,2025-09-30
8358,d55f8b68-b396-4e9c-aac9-5d0387a351ad,quarterly_diluted_eps,2025-06-30
8358,d55f8b68-b396-4e9c-aac9-5d0387a351ad,quarterly_diluted_eps,2025-03-31
8358,d55f8b68-b396-4e9c-aac9-5d0387a351ad,quarterly_diluted_eps,2024-12-31
8358,d55f8b68-b396-4e9c-aac9-5d0387a351ad,quarterly_diluted_eps,2024-09-30
8358,d55f8b68-b396-4e9c-aac9-5d0387a351ad,diluted_weighted_average_shares,2026-06-30
8358,d55f8b68-b396-4e9c-aac9-5d0387a351ad,diluted_weighted_average_shares,2026-03-31
8358,d55f8b68-b396-4e9c-aac9-5d0387a351ad,diluted_weighted_average_shares,2025-12-31
8358,d55f8b68-b396-4e9c-aac9-5d0387a351ad,diluted_weighted_average_shares,2025-09-30
8358,d55f8b68-b396-4e9c-aac9-5d0387a351ad,diluted_weighted_average_shares,2025-06-30
8358,d55f8b68-b396-4e9c-aac9-5d0387a351ad,diluted_weighted_average_shares,2025-03-31
8358,d55f8b68-b396-4e9c-aac9-5d0387a351ad,diluted_weighted_average_shares,2024-12-31
8358,d55f8b68-b396-4e9c-aac9-5d0387a351ad,diluted_weighted_average_shares,2024-09-30
8436,6f1dae24-408f-4f0b-9152-a1b8aa99b597,quarterly_revenue,2026-06-30
8436,6f1dae24-408f-4f0b-9152-a1b8aa99b597,quarterly_revenue,2026-03-31
8436,6f1dae24-408f-4f0b-9152-a1b8aa99b597,quarterly_revenue,2025-12-31
8436,6f1dae24-408f-4f0b-9152-a1b8aa99b597,quarterly_revenue,2025-09-30
8436,6f1dae24-408f-4f0b-9152-a1b8aa99b597,quarterly_revenue,2025-06-30
8436,6f1dae24-408f-4f0b-9152-a1b8aa99b597,quarterly_revenue,2025-03-31
8436,6f1dae24-408f-4f0b-9152-a1b8aa99b597,quarterly_revenue,2024-12-31
8436,6f1dae24-408f-4f0b-9152-a1b8aa99b597,quarterly_revenue,2024-09-30
8436,6f1dae24-408f-4f0b-9152-a1b8aa99b597,quarterly_gross_profit,2026-06-30
8436,6f1dae24-408f-4f0b-9152-a1b8aa99b597,quarterly_gross_profit,2026-03-31
8436,6f1dae24-408f-4f0b-9152-a1b8aa99b597,quarterly_gross_profit,2025-12-31
8436,6f1dae24-408f-4f0b-9152-a1b8aa99b597,quarterly_gross_profit,2025-09-30
8436,6f1dae24-408f-4f0b-9152-a1b8aa99b597,quarterly_gross_profit,2025-06-30
8436,6f1dae24-408f-4f0b-9152-a1b8aa99b597,quarterly_gross_profit,2025-03-31
8436,6f1dae24-408f-4f0b-9152-a1b8aa99b597,quarterly_gross_profit,2024-12-31
8436,6f1dae24-408f-4f0b-9152-a1b8aa99b597,quarterly_gross_profit,2024-09-30
8436,6f1dae24-408f-4f0b-9152-a1b8aa99b597,quarterly_operating_income,2026-06-30
8436,6f1dae24-408f-4f0b-9152-a1b8aa99b597,quarterly_operating_income,2026-03-31
8436,6f1dae24-408f-4f0b-9152-a1b8aa99b597,quarterly_operating_income,2025-12-31
8436,6f1dae24-408f-4f0b-9152-a1b8aa99b597,quarterly_operating_income,2025-09-30
8436,6f1dae24-408f-4f0b-9152-a1b8aa99b597,quarterly_operating_income,2025-06-30
8436,6f1dae24-408f-4f0b-9152-a1b8aa99b597,quarterly_operating_income,2025-03-31
8436,6f1dae24-408f-4f0b-9152-a1b8aa99b597,quarterly_operating_income,2024-12-31
8436,6f1dae24-408f-4f0b-9152-a1b8aa99b597,quarterly_operating_income,2024-09-30
8436,6f1dae24-408f-4f0b-9152-a1b8aa99b597,quarterly_net_income_attributable_to_common,2026-06-30
8436,6f1dae24-408f-4f0b-9152-a1b8aa99b597,quarterly_net_income_attributable_to_common,2026-03-31
8436,6f1dae24-408f-4f0b-9152-a1b8aa99b597,quarterly_net_income_attributable_to_common,2025-12-31
8436,6f1dae24-408f-4f0b-9152-a1b8aa99b597,quarterly_net_income_attributable_to_common,2025-09-30
8436,6f1dae24-408f-4f0b-9152-a1b8aa99b597,quarterly_net_income_attributable_to_common,2025-06-30
8436,6f1dae24-408f-4f0b-9152-a1b8aa99b597,quarterly_net_income_attributable_to_common,2025-03-31
8436,6f1dae24-408f-4f0b-9152-a1b8aa99b597,quarterly_net_income_attributable_to_common,2024-12-31
8436,6f1dae24-408f-4f0b-9152-a1b8aa99b597,quarterly_net_income_attributable_to_common,2024-09-30
8436,6f1dae24-408f-4f0b-9152-a1b8aa99b597,quarterly_diluted_eps,2026-06-30
8436,6f1dae24-408f-4f0b-9152-a1b8aa99b597,quarterly_diluted_eps,2026-03-31
8436,6f1dae24-408f-4f0b-9152-a1b8aa99b597,quarterly_diluted_eps,2025-12-31
8436,6f1dae24-408f-4f0b-9152-a1b8aa99b597,quarterly_diluted_eps,2025-09-30
8436,6f1dae24-408f-4f0b-9152-a1b8aa99b597,quarterly_diluted_eps,2025-06-30
8436,6f1dae24-408f-4f0b-9152-a1b8aa99b597,quarterly_diluted_eps,2025-03-31
8436,6f1dae24-408f-4f0b-9152-a1b8aa99b597,quarterly_diluted_eps,2024-12-31
8436,6f1dae24-408f-4f0b-9152-a1b8aa99b597,quarterly_diluted_eps,2024-09-30
8436,6f1dae24-408f-4f0b-9152-a1b8aa99b597,diluted_weighted_average_shares,2026-06-30
8436,6f1dae24-408f-4f0b-9152-a1b8aa99b597,diluted_weighted_average_shares,2026-03-31
8436,6f1dae24-408f-4f0b-9152-a1b8aa99b597,diluted_weighted_average_shares,2025-12-31
8436,6f1dae24-408f-4f0b-9152-a1b8aa99b597,diluted_weighted_average_shares,2025-09-30
8436,6f1dae24-408f-4f0b-9152-a1b8aa99b597,diluted_weighted_average_shares,2025-06-30
8436,6f1dae24-408f-4f0b-9152-a1b8aa99b597,diluted_weighted_average_shares,2025-03-31
8436,6f1dae24-408f-4f0b-9152-a1b8aa99b597,diluted_weighted_average_shares,2024-12-31
8436,6f1dae24-408f-4f0b-9152-a1b8aa99b597,diluted_weighted_average_shares,2024-09-30
8996,7da182fb-ac66-4e81-86df-496d608e1844,quarterly_revenue,2026-06-30
8996,7da182fb-ac66-4e81-86df-496d608e1844,quarterly_revenue,2026-03-31
8996,7da182fb-ac66-4e81-86df-496d608e1844,quarterly_revenue,2025-12-31
8996,7da182fb-ac66-4e81-86df-496d608e1844,quarterly_revenue,2025-09-30
8996,7da182fb-ac66-4e81-86df-496d608e1844,quarterly_revenue,2025-06-30
8996,7da182fb-ac66-4e81-86df-496d608e1844,quarterly_revenue,2025-03-31
8996,7da182fb-ac66-4e81-86df-496d608e1844,quarterly_revenue,2024-12-31
8996,7da182fb-ac66-4e81-86df-496d608e1844,quarterly_revenue,2024-09-30
8996,7da182fb-ac66-4e81-86df-496d608e1844,quarterly_gross_profit,2026-06-30
8996,7da182fb-ac66-4e81-86df-496d608e1844,quarterly_gross_profit,2026-03-31
8996,7da182fb-ac66-4e81-86df-496d608e1844,quarterly_gross_profit,2025-12-31
8996,7da182fb-ac66-4e81-86df-496d608e1844,quarterly_gross_profit,2025-09-30
8996,7da182fb-ac66-4e81-86df-496d608e1844,quarterly_gross_profit,2025-06-30
8996,7da182fb-ac66-4e81-86df-496d608e1844,quarterly_gross_profit,2025-03-31
8996,7da182fb-ac66-4e81-86df-496d608e1844,quarterly_gross_profit,2024-12-31
8996,7da182fb-ac66-4e81-86df-496d608e1844,quarterly_gross_profit,2024-09-30
8996,7da182fb-ac66-4e81-86df-496d608e1844,quarterly_operating_income,2026-06-30
8996,7da182fb-ac66-4e81-86df-496d608e1844,quarterly_operating_income,2026-03-31
8996,7da182fb-ac66-4e81-86df-496d608e1844,quarterly_operating_income,2025-12-31
8996,7da182fb-ac66-4e81-86df-496d608e1844,quarterly_operating_income,2025-09-30
8996,7da182fb-ac66-4e81-86df-496d608e1844,quarterly_operating_income,2025-06-30
8996,7da182fb-ac66-4e81-86df-496d608e1844,quarterly_operating_income,2025-03-31
8996,7da182fb-ac66-4e81-86df-496d608e1844,quarterly_operating_income,2024-12-31
8996,7da182fb-ac66-4e81-86df-496d608e1844,quarterly_operating_income,2024-09-30
8996,7da182fb-ac66-4e81-86df-496d608e1844,quarterly_net_income_attributable_to_common,2026-06-30
8996,7da182fb-ac66-4e81-86df-496d608e1844,quarterly_net_income_attributable_to_common,2026-03-31
8996,7da182fb-ac66-4e81-86df-496d608e1844,quarterly_net_income_attributable_to_common,2025-12-31
8996,7da182fb-ac66-4e81-86df-496d608e1844,quarterly_net_income_attributable_to_common,2025-09-30
8996,7da182fb-ac66-4e81-86df-496d608e1844,quarterly_net_income_attributable_to_common,2025-06-30
8996,7da182fb-ac66-4e81-86df-496d608e1844,quarterly_net_income_attributable_to_common,2025-03-31
8996,7da182fb-ac66-4e81-86df-496d608e1844,quarterly_net_income_attributable_to_common,2024-12-31
8996,7da182fb-ac66-4e81-86df-496d608e1844,quarterly_net_income_attributable_to_common,2024-09-30
8996,7da182fb-ac66-4e81-86df-496d608e1844,quarterly_diluted_eps,2026-06-30
8996,7da182fb-ac66-4e81-86df-496d608e1844,quarterly_diluted_eps,2026-03-31
8996,7da182fb-ac66-4e81-86df-496d608e1844,quarterly_diluted_eps,2025-12-31
8996,7da182fb-ac66-4e81-86df-496d608e1844,quarterly_diluted_eps,2025-09-30
8996,7da182fb-ac66-4e81-86df-496d608e1844,quarterly_diluted_eps,2025-06-30
8996,7da182fb-ac66-4e81-86df-496d608e1844,quarterly_diluted_eps,2025-03-31
8996,7da182fb-ac66-4e81-86df-496d608e1844,quarterly_diluted_eps,2024-12-31
8996,7da182fb-ac66-4e81-86df-496d608e1844,quarterly_diluted_eps,2024-09-30
8996,7da182fb-ac66-4e81-86df-496d608e1844,diluted_weighted_average_shares,2026-06-30
8996,7da182fb-ac66-4e81-86df-496d608e1844,diluted_weighted_average_shares,2026-03-31
8996,7da182fb-ac66-4e81-86df-496d608e1844,diluted_weighted_average_shares,2025-12-31
8996,7da182fb-ac66-4e81-86df-496d608e1844,diluted_weighted_average_shares,2025-09-30
8996,7da182fb-ac66-4e81-86df-496d608e1844,diluted_weighted_average_shares,2025-06-30
8996,7da182fb-ac66-4e81-86df-496d608e1844,diluted_weighted_average_shares,2025-03-31
8996,7da182fb-ac66-4e81-86df-496d608e1844,diluted_weighted_average_shares,2024-12-31
8996,7da182fb-ac66-4e81-86df-496d608e1844,diluted_weighted_average_shares,2024-09-30
9958,8205e03b-c060-47eb-be9b-11aaf979aa2c,quarterly_revenue,2026-06-30
9958,8205e03b-c060-47eb-be9b-11aaf979aa2c,quarterly_revenue,2026-03-31
9958,8205e03b-c060-47eb-be9b-11aaf979aa2c,quarterly_revenue,2025-12-31
9958,8205e03b-c060-47eb-be9b-11aaf979aa2c,quarterly_revenue,2025-09-30
9958,8205e03b-c060-47eb-be9b-11aaf979aa2c,quarterly_revenue,2025-06-30
9958,8205e03b-c060-47eb-be9b-11aaf979aa2c,quarterly_revenue,2025-03-31
9958,8205e03b-c060-47eb-be9b-11aaf979aa2c,quarterly_revenue,2024-12-31
9958,8205e03b-c060-47eb-be9b-11aaf979aa2c,quarterly_revenue,2024-09-30
9958,8205e03b-c060-47eb-be9b-11aaf979aa2c,quarterly_revenue,2024-06-30
9958,8205e03b-c060-47eb-be9b-11aaf979aa2c,quarterly_revenue,2024-03-31
9958,8205e03b-c060-47eb-be9b-11aaf979aa2c,quarterly_revenue,2023-12-31
9958,8205e03b-c060-47eb-be9b-11aaf979aa2c,quarterly_revenue,2023-09-30
9958,8205e03b-c060-47eb-be9b-11aaf979aa2c,quarterly_revenue,2023-06-30
9958,8205e03b-c060-47eb-be9b-11aaf979aa2c,quarterly_revenue,2023-03-31
9958,8205e03b-c060-47eb-be9b-11aaf979aa2c,quarterly_revenue,2022-12-31
9958,8205e03b-c060-47eb-be9b-11aaf979aa2c,quarterly_revenue,2022-09-30
9958,8205e03b-c060-47eb-be9b-11aaf979aa2c,quarterly_revenue,2022-06-30
9958,8205e03b-c060-47eb-be9b-11aaf979aa2c,quarterly_revenue,2022-03-31
9958,8205e03b-c060-47eb-be9b-11aaf979aa2c,quarterly_revenue,2021-12-31
9958,8205e03b-c060-47eb-be9b-11aaf979aa2c,quarterly_revenue,2021-09-30
9958,8205e03b-c060-47eb-be9b-11aaf979aa2c,quarterly_gross_profit,2026-06-30
9958,8205e03b-c060-47eb-be9b-11aaf979aa2c,quarterly_gross_profit,2026-03-31
9958,8205e03b-c060-47eb-be9b-11aaf979aa2c,quarterly_gross_profit,2025-12-31
9958,8205e03b-c060-47eb-be9b-11aaf979aa2c,quarterly_gross_profit,2025-09-30
9958,8205e03b-c060-47eb-be9b-11aaf979aa2c,quarterly_gross_profit,2025-06-30
9958,8205e03b-c060-47eb-be9b-11aaf979aa2c,quarterly_gross_profit,2025-03-31
9958,8205e03b-c060-47eb-be9b-11aaf979aa2c,quarterly_gross_profit,2024-12-31
9958,8205e03b-c060-47eb-be9b-11aaf979aa2c,quarterly_gross_profit,2024-09-30
9958,8205e03b-c060-47eb-be9b-11aaf979aa2c,quarterly_gross_profit,2024-06-30
9958,8205e03b-c060-47eb-be9b-11aaf979aa2c,quarterly_gross_profit,2024-03-31
9958,8205e03b-c060-47eb-be9b-11aaf979aa2c,quarterly_gross_profit,2023-12-31
9958,8205e03b-c060-47eb-be9b-11aaf979aa2c,quarterly_gross_profit,2023-09-30
9958,8205e03b-c060-47eb-be9b-11aaf979aa2c,quarterly_gross_profit,2023-06-30
9958,8205e03b-c060-47eb-be9b-11aaf979aa2c,quarterly_gross_profit,2023-03-31
9958,8205e03b-c060-47eb-be9b-11aaf979aa2c,quarterly_gross_profit,2022-12-31
9958,8205e03b-c060-47eb-be9b-11aaf979aa2c,quarterly_gross_profit,2022-09-30
9958,8205e03b-c060-47eb-be9b-11aaf979aa2c,quarterly_gross_profit,2022-06-30
9958,8205e03b-c060-47eb-be9b-11aaf979aa2c,quarterly_gross_profit,2022-03-31
9958,8205e03b-c060-47eb-be9b-11aaf979aa2c,quarterly_gross_profit,2021-12-31
9958,8205e03b-c060-47eb-be9b-11aaf979aa2c,quarterly_gross_profit,2021-09-30
9958,8205e03b-c060-47eb-be9b-11aaf979aa2c,quarterly_operating_income,2026-06-30
9958,8205e03b-c060-47eb-be9b-11aaf979aa2c,quarterly_operating_income,2026-03-31
9958,8205e03b-c060-47eb-be9b-11aaf979aa2c,quarterly_operating_income,2025-12-31
9958,8205e03b-c060-47eb-be9b-11aaf979aa2c,quarterly_operating_income,2025-09-30
9958,8205e03b-c060-47eb-be9b-11aaf979aa2c,quarterly_operating_income,2025-06-30
9958,8205e03b-c060-47eb-be9b-11aaf979aa2c,quarterly_operating_income,2025-03-31
9958,8205e03b-c060-47eb-be9b-11aaf979aa2c,quarterly_operating_income,2024-12-31
9958,8205e03b-c060-47eb-be9b-11aaf979aa2c,quarterly_operating_income,2024-09-30
9958,8205e03b-c060-47eb-be9b-11aaf979aa2c,quarterly_operating_income,2024-06-30
9958,8205e03b-c060-47eb-be9b-11aaf979aa2c,quarterly_operating_income,2024-03-31
9958,8205e03b-c060-47eb-be9b-11aaf979aa2c,quarterly_operating_income,2023-12-31
9958,8205e03b-c060-47eb-be9b-11aaf979aa2c,quarterly_operating_income,2023-09-30
9958,8205e03b-c060-47eb-be9b-11aaf979aa2c,quarterly_operating_income,2023-06-30
9958,8205e03b-c060-47eb-be9b-11aaf979aa2c,quarterly_operating_income,2023-03-31
9958,8205e03b-c060-47eb-be9b-11aaf979aa2c,quarterly_operating_income,2022-12-31
9958,8205e03b-c060-47eb-be9b-11aaf979aa2c,quarterly_operating_income,2022-09-30
9958,8205e03b-c060-47eb-be9b-11aaf979aa2c,quarterly_operating_income,2022-06-30
9958,8205e03b-c060-47eb-be9b-11aaf979aa2c,quarterly_operating_income,2022-03-31
9958,8205e03b-c060-47eb-be9b-11aaf979aa2c,quarterly_operating_income,2021-12-31
9958,8205e03b-c060-47eb-be9b-11aaf979aa2c,quarterly_operating_income,2021-09-30
9958,8205e03b-c060-47eb-be9b-11aaf979aa2c,quarterly_net_income_attributable_to_common,2026-06-30
9958,8205e03b-c060-47eb-be9b-11aaf979aa2c,quarterly_net_income_attributable_to_common,2026-03-31
9958,8205e03b-c060-47eb-be9b-11aaf979aa2c,quarterly_net_income_attributable_to_common,2025-12-31
9958,8205e03b-c060-47eb-be9b-11aaf979aa2c,quarterly_net_income_attributable_to_common,2025-09-30
9958,8205e03b-c060-47eb-be9b-11aaf979aa2c,quarterly_net_income_attributable_to_common,2025-06-30
9958,8205e03b-c060-47eb-be9b-11aaf979aa2c,quarterly_net_income_attributable_to_common,2025-03-31
9958,8205e03b-c060-47eb-be9b-11aaf979aa2c,quarterly_net_income_attributable_to_common,2024-12-31
9958,8205e03b-c060-47eb-be9b-11aaf979aa2c,quarterly_net_income_attributable_to_common,2024-09-30
9958,8205e03b-c060-47eb-be9b-11aaf979aa2c,quarterly_net_income_attributable_to_common,2024-06-30
9958,8205e03b-c060-47eb-be9b-11aaf979aa2c,quarterly_net_income_attributable_to_common,2024-03-31
9958,8205e03b-c060-47eb-be9b-11aaf979aa2c,quarterly_net_income_attributable_to_common,2023-12-31
9958,8205e03b-c060-47eb-be9b-11aaf979aa2c,quarterly_net_income_attributable_to_common,2023-09-30
9958,8205e03b-c060-47eb-be9b-11aaf979aa2c,quarterly_net_income_attributable_to_common,2023-06-30
9958,8205e03b-c060-47eb-be9b-11aaf979aa2c,quarterly_net_income_attributable_to_common,2023-03-31
9958,8205e03b-c060-47eb-be9b-11aaf979aa2c,quarterly_net_income_attributable_to_common,2022-12-31
9958,8205e03b-c060-47eb-be9b-11aaf979aa2c,quarterly_net_income_attributable_to_common,2022-09-30
9958,8205e03b-c060-47eb-be9b-11aaf979aa2c,quarterly_net_income_attributable_to_common,2022-06-30
9958,8205e03b-c060-47eb-be9b-11aaf979aa2c,quarterly_net_income_attributable_to_common,2022-03-31
9958,8205e03b-c060-47eb-be9b-11aaf979aa2c,quarterly_net_income_attributable_to_common,2021-12-31
9958,8205e03b-c060-47eb-be9b-11aaf979aa2c,quarterly_net_income_attributable_to_common,2021-09-30
9958,8205e03b-c060-47eb-be9b-11aaf979aa2c,quarterly_diluted_eps,2026-06-30
9958,8205e03b-c060-47eb-be9b-11aaf979aa2c,quarterly_diluted_eps,2026-03-31
9958,8205e03b-c060-47eb-be9b-11aaf979aa2c,quarterly_diluted_eps,2025-12-31
9958,8205e03b-c060-47eb-be9b-11aaf979aa2c,quarterly_diluted_eps,2025-09-30
9958,8205e03b-c060-47eb-be9b-11aaf979aa2c,quarterly_diluted_eps,2025-06-30
9958,8205e03b-c060-47eb-be9b-11aaf979aa2c,quarterly_diluted_eps,2025-03-31
9958,8205e03b-c060-47eb-be9b-11aaf979aa2c,quarterly_diluted_eps,2024-12-31
9958,8205e03b-c060-47eb-be9b-11aaf979aa2c,quarterly_diluted_eps,2024-09-30
9958,8205e03b-c060-47eb-be9b-11aaf979aa2c,quarterly_diluted_eps,2024-06-30
9958,8205e03b-c060-47eb-be9b-11aaf979aa2c,quarterly_diluted_eps,2024-03-31
9958,8205e03b-c060-47eb-be9b-11aaf979aa2c,quarterly_diluted_eps,2023-12-31
9958,8205e03b-c060-47eb-be9b-11aaf979aa2c,quarterly_diluted_eps,2023-09-30
9958,8205e03b-c060-47eb-be9b-11aaf979aa2c,quarterly_diluted_eps,2023-06-30
9958,8205e03b-c060-47eb-be9b-11aaf979aa2c,quarterly_diluted_eps,2023-03-31
9958,8205e03b-c060-47eb-be9b-11aaf979aa2c,quarterly_diluted_eps,2022-12-31
9958,8205e03b-c060-47eb-be9b-11aaf979aa2c,quarterly_diluted_eps,2022-09-30
9958,8205e03b-c060-47eb-be9b-11aaf979aa2c,quarterly_diluted_eps,2022-06-30
9958,8205e03b-c060-47eb-be9b-11aaf979aa2c,quarterly_diluted_eps,2022-03-31
9958,8205e03b-c060-47eb-be9b-11aaf979aa2c,quarterly_diluted_eps,2021-12-31
9958,8205e03b-c060-47eb-be9b-11aaf979aa2c,quarterly_diluted_eps,2021-09-30
9958,8205e03b-c060-47eb-be9b-11aaf979aa2c,diluted_weighted_average_shares,2026-06-30
9958,8205e03b-c060-47eb-be9b-11aaf979aa2c,diluted_weighted_average_shares,2026-03-31
9958,8205e03b-c060-47eb-be9b-11aaf979aa2c,diluted_weighted_average_shares,2025-12-31
9958,8205e03b-c060-47eb-be9b-11aaf979aa2c,diluted_weighted_average_shares,2025-09-30
9958,8205e03b-c060-47eb-be9b-11aaf979aa2c,diluted_weighted_average_shares,2025-06-30
9958,8205e03b-c060-47eb-be9b-11aaf979aa2c,diluted_weighted_average_shares,2025-03-31
9958,8205e03b-c060-47eb-be9b-11aaf979aa2c,diluted_weighted_average_shares,2024-12-31
9958,8205e03b-c060-47eb-be9b-11aaf979aa2c,diluted_weighted_average_shares,2024-09-30
9958,8205e03b-c060-47eb-be9b-11aaf979aa2c,diluted_weighted_average_shares,2024-06-30
9958,8205e03b-c060-47eb-be9b-11aaf979aa2c,diluted_weighted_average_shares,2024-03-31
9958,8205e03b-c060-47eb-be9b-11aaf979aa2c,diluted_weighted_average_shares,2023-12-31
9958,8205e03b-c060-47eb-be9b-11aaf979aa2c,diluted_weighted_average_shares,2023-09-30
9958,8205e03b-c060-47eb-be9b-11aaf979aa2c,diluted_weighted_average_shares,2023-06-30
9958,8205e03b-c060-47eb-be9b-11aaf979aa2c,diluted_weighted_average_shares,2023-03-31
9958,8205e03b-c060-47eb-be9b-11aaf979aa2c,diluted_weighted_average_shares,2022-12-31
9958,8205e03b-c060-47eb-be9b-11aaf979aa2c,diluted_weighted_average_shares,2022-09-30
9958,8205e03b-c060-47eb-be9b-11aaf979aa2c,diluted_weighted_average_shares,2022-06-30
9958,8205e03b-c060-47eb-be9b-11aaf979aa2c,diluted_weighted_average_shares,2022-03-31
9958,8205e03b-c060-47eb-be9b-11aaf979aa2c,diluted_weighted_average_shares,2021-12-31
9958,8205e03b-c060-47eb-be9b-11aaf979aa2c,diluted_weighted_average_shares,2021-09-30
